%time,field.port,field.star,
1.58765345511269E+018,78.5809459375,65.912500096,0
1.58765345533133E+018,63.5324844416,58.2000730984,0.2186432
1.58765345558764E+018,33.5324844416,28.2000730984,0.47495168
1.58765345579794E+018,3.5324844416,-1.7999269016,0.685252096
1.58765345605122E+018,-26.4675155584,-31.7999269016,0.93852928
1.58765345630434E+018,-56.4675155584,-61.7999269016,1.191650048
1.58765345655371E+018,-57.3768347288,-80.1505743616,1.441015552
1.58765345679213E+018,-73.1782900578,-104.741684548,1.679443712
1.58765345705313E+018,-88.0627252033,-109.353048469,1.940436224
1.58765345730555E+018,-83.2613677606,-111.838548527,2.19285632
1.58765345759867E+018,-105.222263173,-125.076856479,2.485975296
1.5876534578327E+018,-135.222263173,-155.076856479,2.720013824
1.5876534581068E+018,-165.222263173,174.923143521,2.99411072
1.5876534583253E+018,164.777736827,144.923143521,3.212613376
1.58765345860402E+018,134.777736827,114.923143521,3.49133184
1.58765345890475E+018,107.653111435,84.9231435205,3.792060672
1.58765345913966E+018,116.42808784,93.6688936893,4.026966016
1.5876534594006E+018,91.6378000714,89.5585378346,4.287912704
1.58765345963136E+018,77.8998235111,66.0459320358,4.51867392
1.58765345990115E+018,47.8998235111,36.0459320358,4.788456192
1.58765346013804E+018,17.8998235111,6.0459320358,5.02535296
1.58765346040609E+018,-12.1001764889,-23.9540679642,5.293395712
1.58765346062407E+018,-42.1001764889,-53.9540679642,5.511376896
1.58765346085048E+018,-72.1001764889,-83.9540679642,5.737793792
1.58765346111177E+018,-74.3432525357,-106.050283412,5.999082752
1.58765346139264E+018,-77.1178425334,-107.034312375,6.279950336
1.58765346160872E+018,-107.117842533,-123.210092349,6.496028928
1.58765346189056E+018,-137.117842533,-151.292161955,6.777865472
1.58765346210868E+018,-167.117842533,-167.406104301,6.995992832
1.58765346231983E+018,171.028416846,167.549765665,7.207138816
1.58765346260145E+018,141.028416846,137.549765665,7.488760064
1.58765346290452E+018,111.028416846,107.549765665,7.791829248
1.58765346318767E+018,99.15306056,80.3773543317,8.074983424
1.58765346348915E+018,72.9285094641,87.2139052469,8.376461568
1.58765346375226E+018,42.9285094641,57.2139052469,8.639571712
1.5876534639898E+018,12.9285094641,27.2139052469,8.877108224
1.58765346423047E+018,-17.0714905359,-2.7860947531,9.117776128
1.58765346451044E+018,-47.0714905359,-32.7860947531,9.39775232
1.58765346479417E+018,-69.3976779648,-62.7860947531,9.681475328
1.58765346510933E+018,-72.4047274742,-92.7860947531,9.99664256
1.58765346534337E+018,-79.8775768931,-105.822322738,10.230674944
1.58765346560204E+018,-77.3009442173,-110.56108385,10.48935168
1.58765346591466E+018,-47.3009442173,-80.5610838496,10.801967104
1.58765346621189E+018,-17.3009442173,-50.5610838496,11.099204352
1.58765346652248E+018,4.5685935244,-20.5610838496,11.409788672
1.58765346654563E+018,2.0178568483,1.9918079096,11.432940544
1.58765346681478E+018,6.7948957197,6.4097322963,11.7020864
1.58765346710015E+018,8.5802432733,7.9347808958,11.987455232
1.58765346741813E+018,8.6209152495,7.931049333,12.305444608
1.58765346770857E+018,7.582245912,7.0194698616,12.59588096
1.58765346801284E+018,5.8655965331,5.5102900523,12.90015104
1.58765346831251E+018,4.4567705142,4.239869705,13.199820032
1.58765346852622E+018,34.4567705142,34.239869705,13.413528832
1.5876534688058E+018,4.4567705142,4.239869705,13.69310848
1.58765346903469E+018,34.4567705142,34.239869705,13.92199552
1.58765346929881E+018,4.4567705142,4.239869705,14.186120448
1.58765346953065E+018,34.4567705142,34.239869705,14.417960704
1.5876534697985E+018,4.4567705142,4.239869705,14.685811968
1.58765347002726E+018,34.4567705142,34.239869705,14.914565376
1.58765347030565E+018,4.4567705142,4.239869705,15.192961536
1.58765347053963E+018,-25.5432294858,-25.760130295,15.4269376
1.58765347079902E+018,-15.6673117076,-19.0905861479,15.68633088
1.58765347103871E+018,-45.6673117076,-49.0905861479,15.926022912
1.58765347128906E+018,-15.6673117076,-19.0905861479,16.176371968
1.5876534715412E+018,-45.6673117076,-49.0905861479,16.428509696
1.58765347181849E+018,-15.6673117076,-19.0905861479,16.705798144
1.58765347209904E+018,-6.7321481864,-7.8106483252,16.986345216
1.58765347234845E+018,-36.7321481864,-37.8106483252,17.235759616
1.58765347260551E+018,-6.7321481864,-7.8106483252,17.4928192
1.58765347262439E+018,-5.0308137855,-20.8903686838,17.511699712
1.58765347286299E+018,0.5355250105,0.9954156352,17.750297856
1.58765347309477E+018,3.6953061159,3.9027666999,17.98207744
1.58765347336639E+018,3.8681461878,4.9102461781,18.253702144
1.58765347360762E+018,9.1191492904,9.2111305324,18.494929152
1.58765347388729E+018,12.1848211078,11.9643192129,18.77459584
1.58765347415858E+018,6.9123336006,7.6675435188,19.045885696
1.58765347441482E+018,13.4949880643,13.0613791233,19.30212864
1.58765347468805E+018,15.352923039,14.5329994592,19.575358208
1.58765347493591E+018,8.2932989815,8.7478243113,19.823220992
1.58765347518825E+018,16.2625803909,15.2538178909,20.075559424
1.58765347540685E+018,9.6546423727,9.9831778288,20.294158336
1.58765347568899E+018,19.0309616177,17.5003367891,20.57630464
1.58765347595935E+018,14.4563300208,14.7749950304,20.846656
1.5876534762101E+018,20.6622543395,18.7262646136,21.097407232
1.58765347649316E+018,21.4724943544,19.2848957372,21.38047104
1.58765347680388E+018,22.1605728101,20.0045399457,21.691185664
1.58765347711907E+018,21.766030222,19.9679503298,22.006375936
1.5876534774292E+018,19.5502524368,19.2641417088,22.316508416
1.58765347771612E+018,7.5167577946,8.363963456,22.603428096
1.58765347793313E+018,37.5167577946,38.363963456,22.820444416
1.58765347819889E+018,7.5167577946,8.363963456,23.086199552
1.58765347844886E+018,37.5167577946,38.363963456,23.336165632
1.58765347869354E+018,67.5167577946,68.363963456,23.580851456
1.58765347893616E+018,97.5167577946,98.363963456,23.823466496
1.58765347920689E+018,127.516757795,128.363963456,24.0941952
1.58765347943186E+018,157.516757795,158.363963456,24.319169024
1.58765347972085E+018,-172.483242205,-171.636036544,24.608164608
1.58765347999561E+018,-142.483242205,-146.529992225,24.882916864
1.58765348022775E+018,-134.188827846,-145.945711993,25.115055616
1.58765348051576E+018,-134.17544538,-145.620787418,25.403070464
1.58765348074889E+018,-164.17544538,-171.262844721,25.636197632
1.58765348099008E+018,-147.316296411,-153.453126597,25.877389568
1.58765348100232E+018,-171.612984868,-172.051278693,25.889634048
1.5876534813131E+018,-150.548237385,-155.544413482,26.200411136
1.58765348162057E+018,-154.68168723,-158.352025008,26.50788352
1.58765348190207E+018,-160.886001196,-162.905201052,26.789381888
1.58765348218714E+018,-168.497317404,-169.122404379,27.07445248
1.58765348243384E+018,-175.377709286,-175.430243622,27.321154816
1.58765348271725E+018,-177.862528562,-177.8388522,27.604559616
1.58765348295524E+018,-177.395793462,-177.392692056,27.842546176
1.58765348322779E+018,178.624334656,178.577599742,28.115102464
1.58765348350574E+018,177.476755382,177.365397225,28.393051392
1.58765348373737E+018,-178.830076446,-178.818430474,28.624678656
1.58765348398996E+018,178.3164637,178.271967761,28.877265664
1.58765348424169E+018,-179.100965073,-179.092482601,29.12899968
1.58765348450509E+018,179.695488042,179.692880103,29.392403712
1.58765348474163E+018,-178.898914205,-178.890859405,29.628943616
1.58765348500735E+018,-178.188045729,-178.200543575,29.894656768
1.58765348524467E+018,-178.378919994,-178.369286551,30.131980032
1.58765348547424E+018,-178.225256344,-178.214279409,30.361549568
1.58765348570684E+018,-175.852359488,-175.947535967,30.594153984
1.58765348601353E+018,-174.940497865,-175.10606695,30.900841728
1.58765348631361E+018,-175.112602916,-175.25803553,31.20092032
1.58765348654351E+018,-177.808101154,-177.792321657,31.43081728
1.58765348680576E+018,-175.745725352,-175.828731057,31.693071104
1.58765348711355E+018,-176.317695442,-176.363759138,32.000862464
1.58765348740304E+018,-177.391604384,-177.399852011,32.2903488
1.58765348770416E+018,-178.770130304,-178.761040328,32.591465216
1.58765348801222E+018,-179.674915082,-179.670711413,32.899531008
1.58765348828948E+018,-179.861950435,-179.860362673,33.17678976
1.58765348852695E+018,-179.017043925,-179.002108213,33.414256896
1.5876534888086E+018,-177.90136255,-177.925711675,33.695910656
1.58765348903842E+018,-178.510318947,-178.49450275,33.92572544
1.58765348931514E+018,-175.373483112,-175.536572908,34.202446336
1.58765348956099E+018,-177.83107633,-177.816033624,34.448298752
1.58765348981129E+018,-172.599541528,-173.049871843,34.698604288
1.58765349010539E+018,-171.041960563,-171.715556259,34.992697344
1.58765349041001E+018,-170.588599932,-171.315548448,35.2973184
1.58765349069662E+018,-170.93848533,-171.595630001,35.583929344
1.58765349100378E+018,-176.692380524,-176.668115642,35.891089152
1.58765349100755E+018,-172.084811976,-172.574696526,35.894857216
1.58765349128913E+018,-175.233861208,-175.396408791,36.17644032
1.58765349150178E+018,-177.644613242,-177.606766862,36.389090816
1.58765349173239E+018,-178.107207604,-178.072183699,36.619695872
1.58765349200022E+018,178.510082099,178.499575347,36.8875328
1.58765349224807E+018,-179.230110232,-179.21216245,37.135384064
1.58765349250918E+018,176.878406359,176.869741084,37.396489984
1.58765349275294E+018,-179.444860814,-179.434123462,37.64024704
1.58765349301171E+018,179.81464725,179.823899978,37.899024128
1.58765349324604E+018,-178.446974493,-178.432817978,38.13334912
1.58765349352068E+018,-173.476337255,-174.361249298,38.407990784
1.58765349375418E+018,-176.407373564,-176.439516964,38.641485568
1.58765349401848E+018,-168.934075423,-171.079809382,38.905791232
1.58765349431072E+018,-163.792342779,-168.008410776,39.198025216
1.5876534945943E+018,-157.931433814,-167.846248042,39.4816064
1.58765349483604E+018,-127.931433814,-137.846248042,39.723348224
1.58765349510751E+018,-97.9314338143,-107.846248042,39.994819328
1.5876534954019E+018,-67.9314338143,-77.8462480418,40.28920704
1.58765349562763E+018,-37.9314338143,-47.8462480418,40.51494144
1.58765349585869E+018,-7.9314338143,-17.8462480418,40.746003456
1.58765349610572E+018,22.0685661857,12.1537519582,40.993032448
1.58765349643459E+018,52.0685661857,42.1537519582,41.321900544
1.5876534964625E+018,22.0685661857,12.1537519582,41.349808384
1.58765349671827E+018,52.0685661857,42.1537519582,41.60558208
1.5876534970054E+018,56.2901345845,42.6531087959,41.89270784
1.58765349729203E+018,46.7647530896,37.766855809,42.17933952
1.58765349753697E+018,16.7647530896,9.3134999313,42.42428288
1.58765349780687E+018,-2.1061436838,-2.6745701349,42.694178048
1.58765349811748E+018,-16.2276479555,-23.4742704861,43.004790016
1.58765349839946E+018,-20.1152131335,-29.1780008663,43.2867712
1.58765349871336E+018,-18.4243801197,-25.5822120441,43.600673024
1.5876534990092E+018,-14.4706901888,-18.9068496531,43.896510976
1.58765349933127E+018,-6.1787418081,-7.3213486158,44.218584832
1.58765349937782E+018,0.4409216041,0.4688376876,44.265130496
1.58765349959961E+018,2.5090923121,2.7459733217,44.486918912
1.58765349983511E+018,3.1448410819,3.316384088,44.722417408
1.58765350008785E+018,10.0071296783,10.552121574,44.97516288
1.58765350034854E+018,5.0581015126,5.3569169672,45.235846656
1.5876535005907E+018,11.1499284005,11.872661777,45.47801472
1.58765350084734E+018,5.8145636881,6.2276204587,45.734649088
1.58765350110847E+018,10.5728182756,11.3972421394,45.995781888
1.58765350142228E+018,10.970150476,11.8557593444,46.309586944
1.58765350168873E+018,11.0422007716,12.0697114408,46.576039168
1.58765350193696E+018,7.4395331482,8.2253820181,46.824268032
1.58765350220583E+018,10.9124734514,12.1107782405,47.09314176
1.58765350249994E+018,10.0384915197,11.2710982208,47.387245312
1.58765350272842E+018,8.8277738122,10.1868800883,47.615734528
1.58765350301835E+018,7.9310951424,9.1128026107,47.905663744
1.58765350325034E+018,10.620778661,12.8268100089,48.1376512
1.58765350350573E+018,9.3427708523,10.8317051418,48.393039616
1.58765350373246E+018,16.7226838654,22.5490363377,48.619774464
1.58765350400205E+018,11.3002256056,13.317801087,48.889359616
1.58765350423629E+018,32.072734431,43.317801087,49.123596032
1.58765350450291E+018,7.3953452719,13.317801087,49.390217216
1.58765350474586E+018,37.3953452719,43.317801087,49.633167616
1.58765350502857E+018,7.3953452719,13.317801087,49.915879424
1.58765350526159E+018,37.3953452719,43.317801087,50.148900096
1.58765350550909E+018,7.3953452719,13.317801087,50.396397824
1.58765350572647E+018,37.3953452719,43.317801087,50.613777664
1.58765350597378E+018,67.3953452719,73.317801087,50.861088
1.58765350619594E+018,37.3953452719,103.317801087,51.0832512
1.58765350649586E+018,7.3953452719,133.317801087,51.383174912
1.58765350680093E+018,-22.6046547281,163.317801087,51.688239872
1.58765350703507E+018,-52.6046547281,179.149796916,51.922375424
1.58765350730225E+018,-82.6046547281,-174.873223266,52.189564672
1.58765350753845E+018,-112.604654728,179.124790249,52.425756928
1.58765350779332E+018,-142.604654728,149.124790249,52.68063104
1.58765350801346E+018,-172.604654728,174.459831407,52.9007744
1.58765350824731E+018,173.269563055,172.842847356,53.134616064
1.58765350848938E+018,143.269563055,142.842847356,53.376694016
1.58765350871269E+018,167.075358744,165.422860095,53.60000128
1.58765350900843E+018,137.075358744,135.422860095,53.895740672
1.58765350929833E+018,130.285989198,108.45859552,54.185639936
1.58765350954075E+018,160.285989198,138.45859552,54.428061952
1.58765350981985E+018,-169.714010802,168.45859552,54.707158272
1.58765351010067E+018,-139.714010802,-161.54140448,54.987981568
1.58765351033605E+018,-165.605918937,-166.394551846,55.223364096
1.58765351059922E+018,-135.605918937,-136.394551846,55.486529792
1.58765351083237E+018,-155.589624594,-157.356710609,55.719678208
1.58765351110009E+018,-125.589624594,-127.356710609,55.987400448
1.58765351133606E+018,-151.232595694,-152.476874606,56.223366144
1.58765351158944E+018,-121.232595694,-122.476874606,56.476746496
1.58765351183166E+018,-151.232595694,-150.757958808,56.71897088
1.58765351210848E+018,-121.232595694,-120.757958808,56.995789568
1.58765351232572E+018,-151.232595694,-150.757958808,57.213025536
1.58765351261011E+018,178.767404306,179.242041192,57.49741568
1.58765351285446E+018,163.145990498,149.242041192,57.7417664
1.58765351310803E+018,133.145990498,119.242041192,57.995338496
1.58765351334099E+018,147.70507709,100.929682156,58.228299008
1.58765351360527E+018,117.70507709,70.9296821563,58.492580864
1.58765351388727E+018,87.7050770899,40.9296821563,58.774583296
1.58765351410889E+018,57.7050770899,10.9296821563,58.99620096
1.58765351438739E+018,27.7050770899,-19.0703178437,59.274699264
1.58765351463218E+018,-2.2949229101,-49.0703178437,59.519493888
1.58765351465592E+018,-32.2949229101,-51.2912657916,59.543229696
1.58765351492331E+018,-57.787093705,-81.2912657916,59.810623744
1.58765351518849E+018,-60.6343043233,-89.7450195556,60.075799296
1.58765351543344E+018,-67.3354033395,-80.2024795716,60.3207488
1.58765351566846E+018,-76.035783596,-88.0071802156,60.555769088
1.5876535159107E+018,-60.9874362845,-86.8232768154,60.798010624
1.58765351622086E+018,-90.9874362845,-56.8232768154,61.108173056
1.58765351646705E+018,-120.987436284,-26.8232768154,61.35435776
1.58765351669431E+018,-150.987436284,-7.8081055569,61.581624064
1.58765351691834E+018,-174.346928447,-5.1090649463,61.805653248
1.58765351717967E+018,-174.42133978,-4.9955572282,62.066980096
1.58765351720714E+018,-175.602730194,-6.7417282919,62.094445824
1.58765351751066E+018,-173.611889735,-1.4412925628,62.397968128
1.5876535177404E+018,-174.926061475,-3.9461294214,62.627706624
1.58765351799099E+018,-173.540534543,-2.1512200051,62.878297344
1.58765351820201E+018,156.459465457,27.8487799949,63.0893248
1.58765351849396E+018,-173.540534543,-2.1512200051,63.381268736
1.58765351874848E+018,156.459465457,27.8487799949,63.63579136
1.58765351902457E+018,-173.540534543,-2.1512200051,63.911884032
1.58765351930637E+018,161.290565001,5.6811964349,64.19367808
1.58765351930709E+018,-168.709434999,-24.3188035651,64.19439488
1.58765351956316E+018,131.290565001,35.6811964349,64.450473216
1.58765351982243E+018,161.290565001,5.6811964349,64.7097408
1.58765351984875E+018,131.290565001,35.6811964349,64.736057856
1.58765352008803E+018,161.290565001,5.6811964349,64.975344384
1.58765352034062E+018,131.290565001,35.6811964349,65.227925248
1.58765352060153E+018,161.290565001,5.6811964349,65.488836096
1.58765352092371E+018,-168.709434999,-24.3188035651,65.81102208
1.58765352121677E+018,-138.709434999,-54.3188035651,66.104076032
1.58765352151451E+018,-108.709434999,-82.7815862268,66.401815296
1.58765352180422E+018,-78.7094349988,-80.9471746112,66.691532544
1.5876535221168E+018,-75.2490239004,-78.2087960053,67.004106496
1.58765352239015E+018,-75.8814510551,-73.5905094093,67.27746048
1.58765352263574E+018,-45.8814510551,-43.5905094093,67.52305024
1.58765352290498E+018,-75.8814510551,-27.4358607521,67.79229184
1.587653523196E+018,-105.881451055,-21.4825795802,68.083313664
1.58765352343621E+018,-75.8814510551,8.5174204198,68.323519744
1.58765352371012E+018,-105.881451055,-15.9034780298,68.5974272
1.58765352399736E+018,-135.881451055,-15.6165899975,68.884669696
1.58765352423068E+018,-165.881451055,9.1992079305,69.1179904
1.58765352451126E+018,-151.974038504,-13.3140832216,69.398572288
1.58765352473883E+018,178.995125414,0.828448858,69.626142464
1.58765352499267E+018,-153.972718282,-13.6934789639,69.87997824
1.58765352527174E+018,178.675882611,-1.3145283378,70.159052032
1.58765352548866E+018,-155.081259825,-14.8144525993,70.375969024
1.58765352575688E+018,-177.72131028,1.93322099,70.644192
1.5876535260106E+018,-155.77870285,-15.3990378056,70.89790848
1.58765352623182E+018,-177.254483734,2.7680128857,71.119134464
1.58765352649032E+018,-156.334387015,-18.1357724117,71.377633536
1.58765352670057E+018,-176.918640027,2.8898472718,71.587884544
1.58765352692744E+018,-176.85366931,3.1879943484,71.81475072
1.58765352719327E+018,-151.944642554,-26.8120056516,72.080582912
1.58765352744024E+018,-176.455644307,1.5160137392,72.327552256
1.58765352770838E+018,-146.455644307,-28.4839862608,72.595689728
1.58765352794459E+018,-176.178403143,0.4011668116,72.83189632
1.58765352821034E+018,-146.178403143,-29.5988331884,73.097653504
1.58765352850019E+018,-116.178403143,-59.5988331884,73.38750336
1.58765352873695E+018,-146.178403143,-29.5988331884,73.624257792
1.58765352901232E+018,-133.181342539,-53.6192947848,73.899631104
1.58765352923097E+018,-163.181342539,-23.6192947848,74.1182848
1.58765352948792E+018,-153.704990517,-30.0319530545,74.375229696
1.58765352971961E+018,-176.201978795,-0.0319530545,74.606918912
1.58765352994771E+018,-176.287518163,2.662767296,74.835021568
1.58765353021818E+018,-153.862714857,-27.337232704,75.105493248
1.58765353044072E+018,-176.135018818,1.5763231038,75.32802944
1.58765353065535E+018,-176.115746255,1.475834777,75.542660864
1.58765353088744E+018,-146.115746255,-28.524165223,75.774750976
1.58765353109624E+018,-175.808350989,-1.0155435217,75.983545344
1.5876535313551E+018,-175.75594088,-1.4376454186,76.242407936
1.58765353159872E+018,-145.75594088,-31.4376454186,76.48603264
1.58765353185059E+018,-175.143574142,-5.6149129085,76.737903872
1.58765353208808E+018,-145.143574142,-35.6149129085,76.975394816
1.58765353230362E+018,-174.631465358,-8.1695635781,77.190930688
1.58765353251294E+018,-174.454809651,-8.9115985658,77.400253696
1.58765353279685E+018,-144.454809651,-38.9115985658,77.684164864
1.58765353303863E+018,-173.476601058,-12.0607769211,77.925935872
1.58765353331211E+018,-143.476601058,-42.0607769211,78.199417088
1.58765353360914E+018,-113.476601058,-72.0607769211,78.496450816
1.58765353390586E+018,-105.883942167,-102.060776921,78.79316992
1.58765353420311E+018,-110.478881698,-112.370010385,79.090418944
1.58765353450666E+018,-117.444053122,-115.571568061,79.393969408
1.58765353480749E+018,-124.181226884,-119.284344906,79.694797824
1.5876535350362E+018,-154.181226884,-89.2843449057,79.923505664
1.58765353530166E+018,-137.722031213,-119.284344906,80.18896896
1.58765353561937E+018,-145.332824638,-135.294043885,80.506680064
1.58765353588718E+018,-150.808526739,-140.895788502,80.774493184
1.58765353613326E+018,-175.641143994,-110.895788502,81.020568064
1.58765353636059E+018,-175.634849942,-80.8957885016,81.247900928
1.58765353661844E+018,-156.573201068,-110.895788502,81.50574976
1.58765353693096E+018,-151.568401445,-140.895788502,81.818272512
1.58765353718754E+018,-157.191112702,-151.088957599,82.074845696
1.58765353739752E+018,-175.185948075,-121.088957599,82.284830464
1.58765353762438E+018,-174.956200039,-91.0889575991,82.511689472
1.58765353790746E+018,-144.956200039,-121.088957599,82.794772224
1.58765353817153E+018,-173.953112702,-91.0889575991,83.058839808
1.58765353838801E+018,-143.953112702,-121.088957599,83.27532416
1.58765353863778E+018,-172.553095974,-91.0889575991,83.525087488
1.58765353889982E+018,-142.553095974,-121.088957599,83.787134464
1.58765353912744E+018,-167.715420312,-91.0889575991,84.01475456
1.58765353941577E+018,-137.715420312,-120.984047513,84.303084544
1.58765353970361E+018,-107.715420312,-116.295093202,84.590923264
1.58765353993657E+018,-124.057644064,-90.6666155378,84.823876096
1.58765354021363E+018,-94.0576440643,-109.989373237,85.100937216
1.58765354049773E+018,-75.3194631208,-107.599050294,85.385040128
1.58765354078921E+018,-68.1757965872,-104.04650612,85.676519936
1.58765354103019E+018,-59.7200089933,-99.1731633584,85.917501696
1.58765354132846E+018,-53.582429194,-94.4237211245,86.215770624
1.58765354135941E+018,-48.549797878,-64.4237211245,86.246721536
1.58765354160183E+018,-38.7646597783,-81.4016787542,86.489143296
1.58765354188841E+018,-15.0101642592,-51.4016787542,86.775720704
1.58765354210513E+018,-8.9831132637,-21.4016787542,86.992441856
1.58765354241863E+018,9.2776492224,8.5983212458,87.305938688
1.58765354270202E+018,17.8310003362,33.3541701508,87.58932736
1.58765354294387E+018,5.5765464324,6.3241895327,87.83117824
1.58765354322057E+018,14.7331271255,30.4950235738,88.10787968
1.58765354350771E+018,14.3201182222,32.1771603963,88.39501568
1.58765354373907E+018,10.7692212174,14.4490835425,88.626375936
1.58765354399906E+018,12.7176426342,32.3261459146,88.886366464
1.58765354421672E+018,12.9939114144,19.4820539072,89.104034048
1.58765354450574E+018,11.3195152759,34.3129694445,89.393052416
1.58765354482044E+018,10.9306185932,37.1460742308,89.707748608
1.58765354511811E+018,12.7351911638,42.47916725,90.005420544
1.5876535454024E+018,12.6302304014,46.0325664031,90.289708288
1.58765354572195E+018,15.155513696,53.0845919219,90.60926336
1.58765354597488E+018,20.72217491,48.8541890123,90.862186496
1.58765354622553E+018,19.676320073,64.1042229856,91.11283584
1.58765354650043E+018,17.4104206383,69.8709726076,91.387736064
1.5876535467769E+018,23.7104831098,74.6376257586,91.66420864
1.58765354680647E+018,17.663560004,76.922580422,91.693779712
1.58765354705198E+018,24.7519981337,84.4965666871,91.939290624
1.58765354731269E+018,18.30338502,90.3328443931,92.199998208
1.58765354752631E+018,27.3732721989,108.715353578,92.41361792
1.58765354780471E+018,17.7370054367,107.349083184,92.69201536
1.58765354803625E+018,30.2276179085,125.467836987,92.923561216
1.58765354830865E+018,19.0002261371,115.007282564,93.195964672
1.58765354853504E+018,32.4026316725,134.146604235,93.422351104
1.58765354881606E+018,21.1282464377,122.798215914,93.7033728
1.58765354911718E+018,23.0689224747,124.819550193,94.00448512
1.58765354941282E+018,25.405604223,123.728651114,94.30013056
1.58765354970363E+018,29.2459020056,122.444469112,94.590943488
1.58765354993452E+018,47.3074723646,148.424376922,94.821827328
1.58765355020296E+018,31.4781343886,126.132809491,95.09027456
1.58765355048697E+018,32.1204831067,128.365675824,95.374277376
1.5876535507264E+018,54.1176810172,152.235602591,95.613708032
1.58765355101021E+018,35.7603606858,129.956384033,95.897519616
1.58765355123103E+018,60.934096961,153.855903461,96.1183424
1.58765355150642E+018,38.1326221975,131.347220129,96.393732096
1.58765355174126E+018,63.9659643224,154.445556839,96.62856576
1.58765355200181E+018,37.0928450729,134.587211725,96.889122816
1.58765355223584E+018,67.0161475825,155.541139809,97.12315264
1.58765355250706E+018,37.0161475825,136.495849472,97.394372096
1.58765355281801E+018,37.7156105054,136.006835449,97.705321216
1.58765355305796E+018,67.7156105054,156.823671811,97.945268224
1.58765355329004E+018,39.2966353717,138.747299684,98.177346816
1.58765355355744E+018,69.2966353717,156.125749622,98.44475392
1.58765355380141E+018,39.2966353717,138.860766632,98.68872192
1.58765355410663E+018,39.5811620122,137.835219662,98.993938688
1.58765355433741E+018,69.5811620122,156.801104009,99.224723712
1.58765355460982E+018,42.7215823462,139.863706341,99.497127168
1.58765355489625E+018,43.8155276793,137.652958694,99.783560704
1.58765355522352E+018,42.6148253108,142.286404397,100.110827264
1.58765355551654E+018,42.3247948752,145.102620088,100.403845888
1.58765355581621E+018,42.7592031927,147.400329828,100.70352256
1.58765355611561E+018,43.852532759,148.492307803,101.00291712
1.58765355641488E+018,47.7245377037,148.913218991,101.302194432
1.58765355667093E+018,77.7245377037,158.479177961,101.558241536
1.58765355692687E+018,51.2044503842,148.860665043,101.81417728
1.58765355718889E+018,55.9006871435,144.392758823,102.07620096
1.58765355743107E+018,85.9006871435,157.436083544,102.318375936
1.58765355770499E+018,55.9588920481,151.517300702,102.592301824
1.58765355801112E+018,56.6804350949,147.188003247,102.89843328
1.58765355833063E+018,56.7810338845,150.948999096,103.217939712
1.58765355860703E+018,63.002710091,151.914372439,103.494342144
1.58765355890944E+018,68.4963950712,160.850538143,103.796751616
1.58765355920023E+018,75.7849082056,170.671456075,104.087543552
1.58765355944453E+018,105.784908206,158.871988048,104.331841024
1.5876535597142E+018,135.784908206,160.84719846,104.601511168
1.58765355995604E+018,133.18571768,158.010849451,104.843353344
1.58765356020301E+018,141.800123043,128.010849451,105.090323456
1.58765356043746E+018,130.778547667,156.558847889,105.324772608
1.58765356070704E+018,121.852379023,126.558847889,105.59435008
1.58765356102187E+018,151.852379023,96.558847889,105.9091776
1.58765356130598E+018,-178.147620977,66.558847889,106.193294592
1.58765356153064E+018,151.852379023,96.558847889,106.41794688
1.58765356180078E+018,-178.147620977,66.558847889,106.68809344
1.58765356210462E+018,-148.147620977,36.558847889,106.991929088
1.58765356241299E+018,-118.147620977,6.558847889,107.300303616
1.58765356268729E+018,-88.1476209772,-23.441152111,107.574599936
1.58765356294045E+018,-118.147620977,-53.441152111,107.827764736
1.5876535632092E+018,-88.1476209772,-81.4905021277,108.096507648
1.587653563524E+018,-79.7690613269,-80.7702766748,108.411306752
1.58765356381327E+018,-83.5629642572,-72.4914510992,108.700580864
1.5876535640349E+018,-113.562964257,-102.491451099,108.922205696
1.58765356431024E+018,-96.2133006102,-72.4914510992,109.197545728
1.58765356461134E+018,-104.119597156,-42.4914510992,109.498648064
1.5876535649079E+018,-101.571652445,-34.024994197,109.795211008
1.58765356513513E+018,-131.571652445,-64.024994197,110.02243968
1.58765356539879E+018,-101.571652445,-54.7354970779,110.286103296
1.58765356571205E+018,-87.2268667297,-61.9559577819,110.599362816
1.58765356601182E+018,-117.22686673,-31.9559577819,110.899133184
1.58765356631113E+018,-147.22686673,-1.9559577819,111.198444288
1.58765356661055E+018,-177.22686673,0.8186637448,111.497856
1.58765356661808E+018,177.569221036,8.6396069386,111.50538624
1.58765356685329E+018,177.17385894,8.3945181029,111.740601856
1.58765356712247E+018,178.9940278,38.3945181029,112.009782528
1.5876535674208E+018,178.876123114,44.2186520979,112.30810752
1.58765356768975E+018,178.656940596,33.6260603676,112.577061632
1.58765356794011E+018,173.181207014,7.8536751089,112.827421696
1.58765356821556E+018,178.208927774,15.0601340291,113.10287104
1.58765356844577E+018,-151.791072226,-14.9398659709,113.333077248
1.58765356871678E+018,178.208927774,3.1932169466,113.604091648
1.58765356894559E+018,-151.791072226,-26.8067830534,113.832902144
1.58765356921054E+018,178.208927774,3.1932169466,114.097851648
1.58765356945146E+018,-151.791072226,-26.8067830534,114.3387712
1.58765356969399E+018,-121.791072226,-56.8067830534,114.581300992
1.58765356994855E+018,-98.522756768,-86.8067830534,114.83586176
1.58765357021238E+018,-95.739943183,-83.9711218525,115.099688192
1.5876535705054E+018,-96.477540006,-83.7574923277,115.392714496
1.58765357080759E+018,-96.3602130419,-85.2240540517,115.69490048
1.58765357103432E+018,-111.101994363,-110.018178199,115.921632
1.58765357129549E+018,-94.0709000899,-88.2365138579,116.182797568
1.58765357153912E+018,-119.044321339,-110.520097237,116.42642944
1.58765357180237E+018,-95.444759751,-88.9725781168,116.689680128
1.58765357203458E+018,-125.444759751,-117.892451622,116.921891072
1.58765357231857E+018,-98.6309275019,-92.0259737932,117.205878016
1.5876535726032E+018,-96.7239228456,-95.2036719041,117.490513152
1.58765357283406E+018,-126.723922846,-125.203671904,117.721372928
1.58765357310148E+018,-101.145492245,-100.899237899,117.98879104
1.58765357338881E+018,-98.7886616423,-103.436349149,118.27611648
1.58765357362418E+018,-128.788661642,-133.436349149,118.511486208
1.58765357390755E+018,-126.643416826,-121.143766978,118.79485824
1.58765357415607E+018,-156.643416826,-151.143766978,119.043376384
1.58765357440053E+018,-169.393099664,-168.267747914,119.287840512
1.58765357469715E+018,-149.703915088,-158.652017291,119.584456448
1.58765357494442E+018,-176.509553858,-175.124557584,119.831732992
1.58765357520679E+018,-146.509553858,-150.022166735,120.094104064
1.5876535754516E+018,-176.509553858,-178.479804979,120.338906624
1.58765357570249E+018,-146.509553858,-148.479804979,120.589802752
1.58765357592999E+018,-176.509553858,-178.479804979,120.817304064
1.5876535762109E+018,-146.509553858,-154.301116894,121.098207744
1.58765357643609E+018,-176.509553858,175.698883106,121.323396352
1.58765357670632E+018,-146.509553858,-154.301116894,121.593628928
1.58765357698815E+018,-116.509553858,-139.678288591,121.875463424
1.58765357699878E+018,-146.509553858,-169.678288591,121.886087424
1.58765357723125E+018,-176.509553858,172.925527939,122.11855616
1.58765357750817E+018,-146.509553858,-157.074472061,122.395480064
1.58765357773975E+018,-176.509553858,172.925527939,122.6270592
1.58765357801076E+018,153.490446142,145.539674684,122.898070272
1.58765357828728E+018,123.490446142,121.760440546,123.174592768
1.58765357853405E+018,109.340397554,141.405102796,123.42135936
1.58765357880798E+018,79.3403975544,116.27021316,123.69529472
1.58765357910704E+018,49.3403975544,124.957636896,123.99435136
1.58765357941663E+018,19.3403975544,141.782068275,124.303939328
1.58765357969883E+018,10.9534810726,154.619965146,124.58614144
1.58765357993091E+018,40.9534810726,136.976100024,124.8182208
1.58765358020475E+018,17.6360809939,141.351661451,125.09205632
1.58765358043959E+018,47.6360809939,139.09197949,125.32690432
1.58765358070834E+018,17.6360809939,147.63731531,125.595651328
1.58765358100088E+018,15.143687833,145.730468712,125.888186112
1.5876535812265E+018,45.143687833,139.323395425,126.113805568
1.58765358152132E+018,36.3380795349,116.970871448,126.408627968
1.58765358175132E+018,66.0056184132,139.613310422,126.63862656
1.5876535819935E+018,36.0056184132,124.227680913,126.880805632
1.5876535822335E+018,61.1464543795,141.43574534,127.120806144
1.58765358250331E+018,31.1464543795,151.009514232,127.39062144
1.58765358272805E+018,54.7018780356,144.602834092,127.615364096
1.58765358299819E+018,24.7018780356,164.11003901,127.885500672
1.58765358323593E+018,52.6431538932,146.348265302,128.123236864
1.58765358350546E+018,22.6431538932,156.115211547,128.392770816
1.58765358380394E+018,5.7595973157,165.221996585,128.691252224
1.58765358410887E+018,14.5818674291,142.898069625,128.99617536
1.58765358440956E+018,31.2454788391,116.58068756,129.296868096
1.5876535846378E+018,58.8886063525,141.870189103,129.525111296
1.58765358491572E+018,38.3092005241,111.870189103,129.80302592
1.58765358514632E+018,59.4221659429,141.870189103,130.033632256
1.58765358542397E+018,31.7183816332,115.32619234,130.311280384
1.58765358569072E+018,24.1010345584,125.352435161,130.578030848
1.58765358591258E+018,54.1010345584,145.885427279,130.7998912
1.5876535861708E+018,63.7193274966,145.76732239,131.058105344
1.58765358639878E+018,33.7193274966,128.022306058,131.28608768
1.58765358668719E+018,11.7830774766,145.299290891,131.574499072
1.58765358691477E+018,10.3143930839,150.559836374,131.802084608
1.58765358713342E+018,40.3143930839,148.883451079,132.020731648
1.58765358741709E+018,36.112096772,118.883451079,132.304395008
1.58765358770576E+018,42.9360599392,99.4955835849,132.593074432
1.58765358792868E+018,72.9360599392,129.495583585,132.815985664
1.58765358821143E+018,42.9360599392,117.29400232,133.098738944
1.58765358843983E+018,72.9360599392,147.29400232,133.327138816
1.58765358871297E+018,42.9360599392,161.099874526,133.600283392
1.5876535889404E+018,72.9360599392,154.100973318,133.827712
1.58765358920999E+018,42.9360599392,171.258416219,134.097298688
1.5876535895049E+018,12.9360599392,-177.847645636,134.392210688
1.58765358973823E+018,42.9360599392,154.655994563,134.6255424
1.58765359000647E+018,12.9360599392,124.655994563,134.893778944
1.58765359031204E+018,21.2072547439,94.655994563,135.199348736
1.5876535906099E+018,34.5609708535,64.655994563,135.497206528
1.5876535908375E+018,64.5609708535,94.655994563,135.724808448
1.58765359110657E+018,38.8431675856,64.655994563,135.993882624
1.58765359133069E+018,68.8431675856,94.655994563,136.217995264
1.58765359160072E+018,38.8431675856,64.655994563,136.488025344
1.58765359183412E+018,68.8431675856,94.655994563,136.721429248
1.58765359209964E+018,98.8431675856,64.655994563,136.986948096
1.58765359234127E+018,128.843167586,94.655994563,137.228584704
1.58765359260653E+018,158.322081523,64.655994563,137.493836544
1.5876535928325E+018,159.571255894,94.655994563,137.719812864
1.58765359311254E+018,-178.211095203,64.655994563,137.99984512
1.58765359333529E+018,166.919515813,94.655994563,138.222595328
1.58765359361218E+018,-163.080484187,64.655994563,138.499485952
1.58765359384889E+018,174.009379202,94.655994563,138.736197888
1.58765359410843E+018,-155.990620798,64.655994563,138.995744512
1.58765359433552E+018,-179.085761854,94.655994563,139.2228288
1.58765359460281E+018,-149.085761854,64.655994563,139.490123008
1.58765359484547E+018,-170.776824967,94.655994563,139.732782336
1.5876535951073E+018,-140.776824967,64.655994563,139.994607872
1.58765359540765E+018,-110.776824967,34.655994563,140.294955776
1.58765359563622E+018,-138.457074496,4.655994563,140.52353152
1.58765359590741E+018,-108.457074496,-25.344005437,140.794721024
1.58765359612599E+018,-138.457074496,-55.344005437,141.013303552
1.58765359641453E+018,-168.457074496,-25.344005437,141.301843712
1.58765359670361E+018,-172.969090176,-55.344005437,141.59091968
1.58765359694633E+018,-174.305162476,-85.344005437,141.833641216
1.58765359720849E+018,-170.420779246,-82.9162256835,142.095803904
1.58765359744852E+018,-172.665456266,-112.916225683,142.3358336
1.58765359771256E+018,-168.566996498,-82.9162256835,142.599866624
1.58765359799129E+018,-168.227094871,-77.2312345321,142.87860096
1.58765359824284E+018,161.772905129,-47.2312345321,143.130154752
1.58765359852145E+018,-169.354036647,-71.5070393846,143.408756736
1.58765359880943E+018,-168.968613123,-70.4188395305,143.696742144
1.58765359903638E+018,161.031386877,-40.4188395305,143.92369152
1.58765359930259E+018,-170.511339596,-61.0095517253,144.189900032
1.58765359954729E+018,159.488660404,-31.0095517253,144.434604288
1.58765359980168E+018,-170.808745719,-55.8327418797,144.688992
1.58765360006516E+018,159.191254281,-25.8327418797,144.952472064
1.58765360028917E+018,-170.808745719,-53.213167823,145.17647744
1.58765360054265E+018,159.191254281,-23.213167823,145.429962496
1.58765360081073E+018,-170.808745719,-52.202238519,145.698038528
1.58765360112309E+018,-168.978759434,-54.0444976621,146.010402048
1.58765360141414E+018,-169.160793016,-51.2087476011,146.30145152
1.58765360165776E+018,160.839206984,-21.2087476011,146.54506624
1.58765360189249E+018,-169.265038629,-47.1309036692,146.77980416
1.58765360212153E+018,160.734961371,-17.1309036692,147.008842496
1.58765360239897E+018,-169.265038629,-45.8120944998,147.286278912
1.58765360263637E+018,160.734961371,-15.8120944998,147.523680512
1.58765360290024E+018,-169.265038629,-45.4344518405,147.787548928
1.58765360317311E+018,160.734961371,-75.4344518405,148.060417792
1.5876536034029E+018,-169.265038629,-45.7132565576,148.29020928
1.58765360363967E+018,164.575952433,-75.7132565576,148.52697728
1.58765360389828E+018,-165.424047567,-75.0033151435,148.78559104
1.5876536041381E+018,177.923677057,-45.0033151435,149.025406464
1.58765360441488E+018,-152.076322943,-75.0033151435,149.302188288
1.58765360470627E+018,-125.10439365,-105.003315144,149.593583616
1.58765360492242E+018,-155.10439365,-75.0033151435,149.80972672
1.58765360515951E+018,-177.593771912,-45.0033151435,150.04681984
1.58765360540078E+018,-147.593771912,-75.0033151435,150.288090624
1.58765360562453E+018,-176.696579185,-45.0033151435,150.511837184
1.58765360590438E+018,-146.696579185,-75.0033151435,150.791694336
1.58765360613543E+018,-175.762348387,-45.0033151435,151.022738688
1.58765360641905E+018,-145.762348387,-75.0033151435,151.306356992
1.58765360670445E+018,-115.762348387,-105.003315144,151.591762176
1.58765360695161E+018,-145.762348387,-75.0033151435,151.838916096
1.58765360722979E+018,-115.762348387,-105.003315144,152.11710208
1.58765360725406E+018,-145.762348387,-75.0033151435,152.141366528
1.58765360749114E+018,-115.762348387,-105.003315144,152.378450688
1.58765360773133E+018,-145.762348387,-75.0033151435,152.618641152
1.58765360795699E+018,-173.333732237,-45.0033151435,152.844295936
1.58765360820635E+018,-143.333732237,-75.0033151435,153.09366272
1.58765360851141E+018,-113.333732237,-105.003315144,153.398721536
1.58765360881065E+018,-100.111435814,-104.313415587,153.697962496
1.58765360911024E+018,-98.9822370672,-102.631054885,153.9975488
1.58765360941177E+018,-99.272563163,-102.22115127,154.29908096
1.58765360970594E+018,-98.2596856761,-100.57964459,154.593249024
1.58765360995094E+018,-128.259685676,-70.5796445896,154.838245376
1.58765361017372E+018,-158.259685676,-40.5796445896,155.06103168
1.58765361040956E+018,-128.259685676,-70.5796445896,155.296867072
1.58765361069433E+018,-98.2596856761,-92.8371691004,155.58164224
1.58765361091528E+018,-128.259685676,-62.8371691004,155.80259072
1.58765361120911E+018,-98.2596856761,-87.7060796031,156.096424192
1.58765361150928E+018,-80.5277207737,-85.7363665948,156.39658624
1.587653611749E+018,-110.527720774,-55.7363665948,156.636308736
1.58765361200302E+018,-80.5277207737,-79.1389808397,156.890330624
1.58765361229383E+018,-70.580614816,-76.3675044175,157.181142016
1.58765361253535E+018,-100.580614816,-46.3675044175,157.422657024
1.5876536128055E+018,-70.580614816,-66.8793830662,157.692806144
1.58765361309857E+018,-59.2438952096,-64.6000123176,157.985881344
1.58765361333703E+018,-89.2438952096,-34.6000123176,158.224339712
1.58765361360665E+018,-59.2438952096,-56.7798443485,158.493962496
1.5876536139104E+018,-50.5900957955,-54.5123044432,158.797712896
1.58765361417066E+018,-80.5900957955,-24.5123044432,159.057969408
1.58765361439052E+018,-50.5900957955,-40.5629969691,159.27782656
1.5876536146284E+018,-80.5900957955,-10.5629969691,159.515705088
1.58765361484751E+018,-60.2981654914,-8.9790064261,159.73482112
1.58765361510964E+018,-30.2981654914,-32.2425421708,159.996948224
1.58765361539955E+018,-30.0447330245,-35.6616329179,160.286855936
1.58765361566032E+018,-13.8502445724,-12.0246608695,160.547631872
1.58765361588834E+018,-25.6377548556,-31.2437519859,160.775650816
1.58765361609581E+018,-13.3374160115,-11.8436184138,160.983124736
1.58765361639249E+018,-22.8892674081,-28.7138889143,161.27979776
1.58765361663994E+018,-12.3650794138,-11.2714202433,161.52724608
1.58765361689384E+018,-20.3390375839,-26.543407921,161.781146368
1.58765361710359E+018,-11.0081955612,-10.3391347582,161.99089536
1.58765361732314E+018,-10.2759720061,-9.7808431338,162.210445824
1.58765361758769E+018,-19.3070812556,-27.9876653334,162.47500416
1.58765361781447E+018,-20.4753286569,-31.0931135427,162.701779712
1.58765361804105E+018,-9.2178342173,-9.3647563327,162.92836224
1.58765361832766E+018,-17.6112481716,-27.2684349155,163.214971648
1.58765361860958E+018,-14.332733577,-22.9389970785,163.496893696
1.58765361885682E+018,-4.2499275205,-4.6172537585,163.74412928
1.58765361910985E+018,-1.4286498494,-2.2462588464,163.997164288
1.58765361933145E+018,0.4888865225,0.5571235587,164.218758144
1.58765361960118E+018,8.6104001539,13.4545030213,164.488487168
1.58765361983723E+018,5.3046401122,6.3896112835,164.724544768
1.58765362011809E+018,20.5744947358,30.8451800013,165.005397248
1.58765362040095E+018,26.8027649559,38.933640598,165.288262912
1.58765362063371E+018,13.7953084086,18.7544007469,165.521022464
1.58765362088803E+018,29.6214658419,47.1900752545,165.77533824
1.58765362113617E+018,18.547287983,28.6032908611,166.02347776
1.58765362140931E+018,36.1841500865,58.6032908611,166.29661696
1.58765362164098E+018,25.2121127402,46.9789413507,166.528287488
1.587653621911E+018,39.6703952138,74.8433518544,166.798312192
1.58765362212645E+018,30.0048793474,69.2168815257,167.013764864
1.58765362234705E+018,31.8381314363,78.7337246393,167.234363648
1.58765362260323E+018,40.2137387446,95.8283166261,167.490537728
1.58765362283857E+018,48.6069652839,124.845947678,167.725884672
1.58765362310153E+018,41.5033689914,123.06103668,167.98884096
1.58765362341058E+018,41.9361232511,135.119061123,168.297891584
1.58765362363726E+018,71.9361232511,151.226971468,168.52457344
1.5876536239169E+018,51.3957137845,147.118363698,168.804210432
1.58765362418744E+018,57.2472082804,152.164164269,169.074752256
1.58765362443134E+018,58.8567265432,152.5272445,169.31865216
1.58765362468741E+018,73.0030479303,153.346446881,169.574720768
1.58765362493359E+018,103.00304793,162.735568172,169.820895488
1.58765362520944E+018,88.5367881942,155.179921753,170.096750336
1.58765362549056E+018,92.938725229,156.402462849,170.37787392
1.5876536257161E+018,122.938725229,165.442270882,170.603410688
1.58765362600601E+018,98.1736079579,158.463633843,170.893319424
1.58765362621866E+018,128.173607958,164.570924002,171.10596864
1.58765362643628E+018,139.322277904,164.828388837,171.3235904
1.58765362670026E+018,109.322277904,157.901791376,171.587572992
1.58765362693801E+018,139.322277904,165.016389385,171.825315072
1.58765362720145E+018,109.322277904,157.341538196,172.088759296
1.58765362749404E+018,106.667101287,156.199491604,172.38134528
1.58765362780667E+018,106.306893224,157.429421391,172.69397632
1.58765362808841E+018,109.680367041,159.55858456,172.9757248
1.58765362835448E+018,132.780122543,164.227605931,173.241790976
1.58765362862172E+018,110.707172978,161.689878683,173.509026048
1.58765362883846E+018,125.146414413,163.338550092,173.725774592
1.58765362908666E+018,107.440721468,160.791315779,173.973968128
1.58765362930039E+018,114.031784329,161.688992089,174.187700736
1.58765362953565E+018,110.871580673,161.13693392,174.42296448
1.58765362981619E+018,101.087695299,157.743987457,174.7035008
1.58765363003711E+018,91.78849675,158.267640981,174.92441728
1.58765363032112E+018,93.7375496402,157.754264089,175.20843392
1.58765363059976E+018,90.8606647449,157.336405602,175.487070464
1.58765363083857E+018,71.1855610125,154.239106028,175.725879552
1.58765363109264E+018,82.6498646818,159.179251449,175.979953664
1.58765363132144E+018,59.6556988997,151.402039555,176.20875136
1.58765363160176E+018,70.529855898,161.880941657,176.489068288
1.5876536318498E+018,51.8484232956,148.246959258,176.73710592
1.58765363211946E+018,68.7091326687,158.08534991,177.006771968
1.58765363241283E+018,67.3075851046,156.931963622,177.300143616
1.58765363269069E+018,67.0766872957,151.387291141,177.577996032
1.58765363269865E+018,44.2273708818,137.870153506,177.58596224
1.58765363300658E+018,57.2854098229,153.311970227,177.893894144
1.58765363331101E+018,53.9046001982,156.500023799,178.198324736
1.58765363360123E+018,54.9467624848,151.096360437,178.488538368
1.58765363384882E+018,38.2134252607,124.1735759,178.736126464
1.58765363411071E+018,58.4551139397,137.298414171,178.99801856
1.58765363435285E+018,34.9322678774,116.032519568,179.240158464
1.58765363460679E+018,29.3334808292,146.032519568,179.494104832
1.58765363493523E+018,-0.6665191708,176.032519568,179.822541824
1.58765363519408E+018,29.3334808292,146.032519568,180.08139008
1.58765363540481E+018,32.7505025572,116.032519568,180.292123136
1.58765363562865E+018,32.1265159946,86.4775020929,180.515956224
1.58765363589856E+018,2.1265159946,56.4775020929,180.785868032
1.58765363620426E+018,-27.8734840054,26.4775020929,181.091567872
1.58765363650912E+018,-57.8734840054,-3.5224979071,181.396429568
1.58765363652689E+018,-27.8734840054,26.4775020929,181.414196992
1.58765363679344E+018,-57.8734840054,-3.5224979071,181.680752896
1.58765363706633E+018,-27.8734840054,26.4775020929,181.953639424
1.58765363730112E+018,-57.8734840054,-3.5224979071,182.188428544
1.58765363756837E+018,-27.8734840054,26.4775020929,182.455675904
1.58765363780865E+018,-57.8734840054,-3.5224979071,182.695956736
1.58765363803963E+018,-27.8734840054,26.4775020929,182.92693888
1.5876536382959E+018,-57.8734840054,-3.5224979071,183.183209216
1.58765363854203E+018,-27.8734840054,2.1421647356,183.429340928
1.58765363880795E+018,-57.8734840054,-27.8578352644,183.695255808
1.58765363906063E+018,-87.8734840054,-24.1809115294,183.947940096
1.58765363930566E+018,-117.873484005,-54.1809115294,184.19296768
1.58765363958818E+018,-128.985406287,-79.7550272754,184.47549056
1.58765363985634E+018,-144.740149827,-100.228555214,184.74365056
1.58765364011128E+018,-114.740149827,-89.7028022241,184.998592768
1.58765364040274E+018,-106.954636385,-90.2402034608,185.290052864
1.58765364069411E+018,-108.598083375,-88.9769172667,185.581415424
1.58765364091731E+018,-131.287529713,-74.5593105768,185.804624896
1.58765364113593E+018,-132.207857269,-69.9764717043,186.023237376
1.58765364139464E+018,-110.777744843,-87.9586782265,186.28195328
1.58765364160565E+018,-124.066976105,-66.9147001306,186.492964096
1.58765364194113E+018,-106.954114772,-89.0094035295,186.82843776
1.58765364196752E+018,-124.896543268,-66.594255678,186.854829312
1.5876536421888E+018,-100.566850174,-92.5781233205,187.076109568
1.58765364240975E+018,-117.321624248,-68.3548176464,187.297060096
1.5876536427093E+018,-99.0233979989,-91.881179555,187.5966144
1.58765364292891E+018,-112.487230366,-66.1101969988,187.816218624
1.58765364318719E+018,-98.0053262612,-92.779461474,188.074496
1.58765364343163E+018,-95.9283515195,-94.6890975798,188.31894016
1.58765364371259E+018,-100.440788707,-92.7998043398,188.599898624
1.58765364399587E+018,-112.270222918,-86.9297384682,188.88317568
1.58765364424005E+018,-127.305851308,-56.9297384682,189.127361792
1.58765364449975E+018,-126.935199038,-75.259985205,189.3870592
1.58765364481243E+018,-111.024353734,-88.1973407274,189.699744256
1.58765364511157E+018,-107.656992861,-88.8885637617,189.998876928
1.58765364533286E+018,-114.877906393,-58.8885637617,190.220172032
1.58765364558762E+018,-109.712243424,-86.9797909006,190.474934016
1.58765364581553E+018,-92.611210725,-97.2766518545,190.702841344
1.5876536461188E+018,-89.2437844663,-127.276651855,191.00611328
1.58765364640732E+018,-89.2263983156,-157.276651855,191.294628608
1.58765364668764E+018,-88.9415099698,178.158621278,191.574947072
1.58765364694075E+018,-118.94150997,-176.373754553,191.828062464
1.58765364720558E+018,-88.9415099698,177.485441002,192.092893696
1.58765364752733E+018,-80.2209632499,176.956927035,192.41464064
1.58765364775235E+018,-50.2209632499,-153.043072965,192.639655424
1.58765364797934E+018,-20.2209632499,-123.043072965,192.866650624
1.58765364799846E+018,-46.2602036861,-153.043072965,192.885768448
1.58765364830044E+018,-16.2602036861,176.956927035,193.18774784
1.58765364830806E+018,-13.5309952679,-153.043072965,193.1953664
1.58765364853475E+018,-31.0093401242,-123.043072965,193.4220608
1.58765364879848E+018,-1.0093401242,-153.043072965,193.68578944
1.58765364902218E+018,15.3957065516,-123.043072965,193.90949376
1.58765364925267E+018,21.428502638,-93.0430729648,194.139976448
1.58765364948871E+018,51.428502638,-123.043072965,194.376023296
1.58765364969828E+018,21.428502638,-93.0430729648,194.58558976
1.5876536499367E+018,-2.9588542681,-63.0430729648,194.82401024
1.58765365020437E+018,27.0411457319,-33.0430729648,195.09168
1.58765365050973E+018,57.0411457319,-3.0430729648,195.39704192
1.58765365081184E+018,86.511026478,26.9569270352,195.699151616
1.58765365104932E+018,56.511026478,-3.0430729648,195.9366336
1.58765365132564E+018,80.4910989241,26.9569270352,196.21295232
1.58765365158869E+018,77.9290358433,56.9569270352,196.475998976
1.58765365182848E+018,47.9290358433,26.9569270352,196.715785984
1.58765365211478E+018,72.4578932648,56.9569270352,197.002087936
1.58765365213264E+018,42.4578932648,26.9569270352,197.019954432
1.58765365241777E+018,70.4699074658,56.9569270352,197.305078784
1.58765365273223E+018,68.1495261722,72.0960959064,197.619537152
1.58765365276895E+018,38.1495261722,42.0960959064,197.656261888
1.58765365298809E+018,65.0110705595,70.6816405758,197.87539584
1.58765365319808E+018,35.0110705595,40.6816405758,198.085388544
1.58765365343837E+018,5.0110705595,10.6816405758,198.325676288
1.58765365371331E+018,35.0110705595,40.6816405758,198.600617728
1.58765365401455E+018,59.1209882244,70.6816405758,198.901856512
1.58765365429457E+018,42.1948158703,99.7343585318,199.1818816
1.58765365451884E+018,12.1948158703,69.7343585318,199.406148864
1.58765365483048E+018,15.288985792,99.7343585318,199.71778688
1.58765365510624E+018,13.2501045659,129.734358532,199.993548544
1.58765365538834E+018,11.0953816037,159.734358532,200.275646464
1.58765365563784E+018,-16.4547440656,-170.265641468,200.52514816
1.58765365589098E+018,9.0903652294,165.311647664,200.778289664
1.5876536561142E+018,-20.9096347706,-164.688352336,201.00150656
1.58765365638714E+018,9.0903652294,165.311647664,201.27445248
1.58765365663729E+018,-20.9096347706,-164.688352336,201.524596992
1.58765365690156E+018,9.0903652294,165.311647664,201.788869888
1.58765365721363E+018,18.7515672604,164.291574735,202.100939264
1.58765365751693E+018,18.940602939,164.313159908,202.404236544
1.58765365775919E+018,-11.059397061,-165.686840092,202.646497536
1.58765365799525E+018,18.8439376647,164.621930772,202.88255616
1.58765365824243E+018,-11.1560623353,-165.378069228,203.12973824
1.58765365851046E+018,18.8439376647,164.621930772,203.397769216
1.58765365878923E+018,46.1799415963,140.285986623,203.676540672
1.58765365904416E+018,76.1799415963,170.285986623,203.931467264
1.58765365931864E+018,46.1799415963,151.662687743,204.205947648
1.58765365960961E+018,34.8499113342,149.677406761,204.49692032
1.58765365983728E+018,4.8499113342,179.677406761,204.72459264
1.58765366011041E+018,28.7576549267,155.14298875,204.99771904
1.5876536603896E+018,45.9990190511,143.247055602,205.27691392
1.58765366063875E+018,75.9990190511,173.247055602,205.52606208
1.58765366089664E+018,45.9990190511,155.696261095,205.78395264
1.58765366111261E+018,75.9990190511,-174.303738905,205.999922432
1.58765366135866E+018,105.999019051,-170.085560776,206.245973248
1.58765366161065E+018,75.9990190511,159.914439224,206.497964288
1.58765366183441E+018,105.999019051,-170.796939782,206.721719552
1.58765366210485E+018,91.1892633343,159.203060218,206.992156928
1.58765366240241E+018,91.7458238236,129.203060218,207.289716736
1.58765366266518E+018,121.745823824,159.203060218,207.552493312
1.5876536628872E+018,91.7458238236,129.203060218,207.7745088
1.58765366311457E+018,90.6484555111,129.7846577,208.001876736
1.58765366333502E+018,120.648455511,159.7846577,208.222328064
1.58765366360443E+018,90.6484555111,147.466636595,208.491743488
1.58765366384282E+018,120.648455511,177.466636595,208.730129664
1.58765366410565E+018,90.6484555111,148.791427896,208.992958976
1.58765366439658E+018,89.9903587342,142.560113378,209.283891456
1.58765366471291E+018,89.5279452997,146.816006055,209.60021504
1.58765366501146E+018,89.0608061276,150.155219619,209.898773504
1.58765366530261E+018,89.4094293962,152.287323798,210.189923072
1.58765366552703E+018,119.409429396,-177.712676202,210.4143424
1.58765366579274E+018,89.4094293962,152.838481194,210.680052224
1.58765366600282E+018,119.409429396,-177.161518806,210.890126592
1.58765366628212E+018,149.409429396,-169.52050068,211.169431296
1.58765366629974E+018,119.409429396,160.47949932,211.187046144
1.58765366653959E+018,149.409429396,-169.649709884,211.426902016
1.58765366680128E+018,119.409429396,160.350290116,211.688593152
1.58765366710324E+018,89.4094293962,137.157213567,211.990545664
1.58765366734619E+018,59.4094293962,167.157213567,212.23349504
1.58765366761812E+018,81.737262601,137.157213567,212.50543488
1.58765366790393E+018,82.6735156964,126.924930755,212.791235584
1.58765366813838E+018,52.6735156964,156.924930755,213.02569344
1.58765366840699E+018,74.8751161908,126.924930755,213.294299392
1.58765366864868E+018,44.8751161908,156.924930755,213.535991552
1.58765366888682E+018,70.8345690835,126.924930755,213.774127616
1.58765366911205E+018,40.8345690835,156.924930755,213.999361536
1.58765366934839E+018,10.8345690835,-174.223267966,214.235695872
1.58765366959314E+018,40.8345690835,155.776732034,214.480452096
1.58765366980733E+018,10.8345690835,164.463587296,214.694636288
1.58765367007084E+018,3.6578298157,147.344657392,214.958151424
1.58765367028932E+018,33.6578298157,117.344657392,215.176633344
1.58765367051055E+018,9.8977259794,92.3713911029,215.397863936
1.58765367079969E+018,39.8977259794,90.4744127781,215.687003392
1.58765367110309E+018,69.8977259794,88.2879033744,215.99040256
1.58765367133323E+018,39.8977259794,79.2926651242,216.220540672
1.5876536716047E+018,69.8977259794,88.662740033,216.492013824
1.5876536718318E+018,39.8977259794,79.8854263925,216.719112448
1.58765367211875E+018,69.3497459271,90.3847092569,217.0060608
1.58765367236573E+018,39.3497459271,80.8509194232,217.253043968
1.5876536726097E+018,59.5322062255,91.1485334139,217.497006848
1.58765367290447E+018,52.4651201777,92.2203600935,217.79178496
1.5876536731598E+018,22.4651201777,81.7625119816,218.047108096
1.58765367340358E+018,29.2677471934,100.317539456,218.29089024
1.58765367364092E+018,17.2838969392,81.7805834509,218.528227072
1.5876536738909E+018,13.89829206,111.780583451,218.778213376
1.58765367414322E+018,18.0904621734,88.2817212469,219.03053184
1.58765367441267E+018,5.5289219618,118.281721247,219.299975936
1.58765367464924E+018,20.0822092515,102.156152265,219.53654912
1.587653674887E+018,13.7495496519,119.321867887,219.774309632
1.58765367513085E+018,23.7808545553,110.940288691,220.018162176
1.58765367542437E+018,27.2712536244,111.91657177,220.311684864
1.58765367571871E+018,41.8948329137,112.239459801,220.606016768
1.58765367595492E+018,30.0626672546,116.033819904,220.842233344
1.58765367621476E+018,0.0626672546,146.033819904,221.102068992
1.58765367651639E+018,-29.9373327454,176.033819904,221.403702016
1.5876536767935E+018,-59.9373327454,-153.966180096,221.680814336
1.58765367702238E+018,-29.9373327454,176.033819904,221.909692672
1.58765367726496E+018,0.0626672546,159.271099037,222.152272896
1.58765367751818E+018,-29.9373327454,-170.728900963,222.405485824
1.58765367781476E+018,-59.9373327454,-140.728900963,222.70207104
1.58765367805498E+018,-89.9373327454,-148.09701412,222.942286336
1.58765367830506E+018,-119.937332745,-118.09701412,223.192372992
1.58765367854025E+018,-149.937332745,-133.4083958,223.427561728
1.58765367879042E+018,-179.937332745,-103.4083958,223.677734656
1.58765367903697E+018,-169.331739426,-110.39763401,223.92428032
1.58765367930929E+018,161.48656939,-80.3976340104,224.196601088
1.58765367961418E+018,175.456602651,-50.3976340104,224.501494016
1.58765367990079E+018,-154.543397349,-80.3976340104,224.788099328
1.58765368013566E+018,-136.037241066,-79.4150022519,225.02296704
1.58765368040765E+018,-108.328831447,-93.2260268842,225.29495808
1.58765368071762E+018,-104.716646218,-91.5044261329,225.604927232
1.58765368098812E+018,-107.579288462,-88.5602539565,225.87542912
1.58765368125442E+018,-117.42416866,-60.1152984205,226.141731072
1.58765368150942E+018,-114.973498725,-83.1976018526,226.396733696
1.58765368173727E+018,-121.309277646,-57.6376387105,226.62457728
1.5876536820234E+018,-116.437726688,-81.1782629208,226.910705408
1.58765368231255E+018,-116.586934394,-81.6261705843,227.199863552
1.58765368259031E+018,-117.315954308,-80.7883471486,227.477615616
1.58765368284566E+018,-122.863684132,-50.7883471486,227.732970496
1.5876536831122E+018,-116.059243951,-79.3021531795,227.999507456
1.5876536834169E+018,-115.631016488,-81.509381266,228.304210688
1.58765368364982E+018,-119.5348633,-51.509381266,228.53712896
1.58765368390865E+018,-113.290612812,-81.4131501962,228.795956736
1.58765368413733E+018,-118.267248031,-51.4131501962,229.02463872
1.58765368442013E+018,-111.407156618,-81.4131501962,229.30744448
1.58765368463924E+018,-117.195109142,-51.4131501962,229.52654592
1.58765368490351E+018,-107.084846909,-81.4131501962,229.790824192
1.58765368520147E+018,-102.831841184,-89.171881806,230.0887808
1.58765368544417E+018,-115.491499977,-59.171881806,230.33148288
1.58765368570198E+018,-108.719864996,-86.6784620813,230.5892928
1.58765368594072E+018,-117.232219806,-56.6784620813,230.828028672
1.58765368618762E+018,-109.936868462,-86.6784620813,231.074926336
1.58765368639947E+018,-112.622391923,-56.6784620813,231.286780672
1.58765368669531E+018,-103.255146538,-86.6784620813,231.582622464
1.58765368704608E+018,-96.8612559941,-100.271572973,231.933388032
1.58765368729811E+018,-99.8442794885,-96.4280165999,232.185424128
1.58765368730661E+018,-107.841003394,-66.4280165999,232.193922816
1.58765368758728E+018,-122.599599958,-92.8467752409,232.4745856
1.58765368779765E+018,-108.674660035,-62.8467752409,232.68496128
1.58765368808739E+018,-138.674660035,-32.8467752409,232.974699264
1.5876536883053E+018,-108.674660035,-19.2558498658,233.192606464
1.58765368858739E+018,-78.6746600348,-49.2558498658,233.474703104
1.5876536887976E+018,-83.3184143817,-19.2558498658,233.68491264
1.58765368909756E+018,-56.1549338247,-49.2558498658,233.984869632
1.5876536891019E+018,-85.4776685996,-22.7476506378,233.989213952
1.58765368939777E+018,-61.751824991,-52.7476506378,234.28508288
1.58765368940151E+018,-82.7033280937,-30.6869380093,234.28882304
1.58765368962789E+018,-90.3251355751,-42.3216869473,234.515196672
1.58765368990462E+018,-65.9410848412,-72.3216869473,234.791934464
1.58765369012877E+018,-94.8072681327,-77.2759711414,235.016080128
1.58765369039845E+018,-67.1178667576,-107.275971141,235.28575616
1.58765369069051E+018,-65.0658280175,-137.275971141,235.57782272
1.58765369091657E+018,-95.0658280175,-147.939403392,235.803881216
1.58765369119976E+018,-65.0658280175,-177.939403392,236.087072512
1.58765369151191E+018,-35.0658280175,152.060596608,236.39921664
1.58765369172148E+018,-5.0658280175,126.212004812,236.608789248
1.58765369199906E+018,24.9341719825,118.150725073,236.886372096
1.58765369222653E+018,54.9341719825,107.633521912,237.11384448
1.58765369249801E+018,84.9341719825,112.098061909,237.385318144
1.5876536927321E+018,74.4320977335,104.855251194,237.619414272
1.58765369301664E+018,83.7226468842,117.869707275,237.90394496
1.58765369329616E+018,73.9179794604,132.229149337,238.183472896
1.58765369330198E+018,71.269985233,118.198608742,238.189293824
1.58765369357427E+018,67.3824783912,123.027877056,238.46158336
1.58765369379126E+018,37.3824783912,153.027877056,238.678572544
1.58765369401798E+018,57.2762933084,137.161970394,238.90529408
1.58765369428878E+018,27.2762933084,167.161970394,239.176086272
1.58765369451773E+018,-2.7237066916,-168.546613687,239.40503936
1.58765369476776E+018,27.2762933084,161.453386313,239.655068416
