%time,field.throttle_bow,field.position_bow,field.lin_act_bow,secs_since_start
1592906117310225274,91.7778536677,45,2,0.0
1592906117393522968,59.5887899399,45,2,0.083297792
1592906117593386663,33.0026522279,45,2,0.2831616
1592906117793522613,10.8863590285,45,2,0.483297536
1592906117995117978,-1.24665233307,45,2,0.684892928
1592906118193260553,7.39592220634,45,2,0.883035392
1592906118396320212,32.2284922004,45,2,1.086095104
1592906118592413571,40.1109829545,45,2,1.282188544
1592906118792725474,53.3605739474,45,2,1.482500352
1592906118998107174,62.4272152781,45,2,1.687881984
1592906119197550246,27.8118401766,45,2,1.887325184
1592906119392071325,-14.1050638631,45,2,2.081846272
1592906119597035719,-57.3313459754,45,2,2.286810624
1592906119793863872,-97.2654521465,45,2,2.483638784
1592906119993660472,-100.0,45,2,2.683435264
1592906120192800675,-82.5349912047,45,2,2.882575616
1592906120393511934,-46.9111055136,45,2,3.083286784
1592906120592207324,-19.6319185197,45,2,3.281982208
1592906120793706089,-21.6725058854,45,2,3.483480832
1592906120994345295,-60.1966381073,45,2,3.684120064
1592906121195638835,-98.5496267676,45,2,3.885413632
1592906121395154829,-100.0,45,2,4.084929792
1592906121592542975,-100.0,45,2,4.282317824
1592906121793045849,-100.0,45,2,4.482820608
1592906121993161981,-100.0,45,2,4.682936832
1592906122194882440,-100.0,45,2,4.884657408
1592906122392390781,-55.189050734,45,2,5.082165504
1592906122594575211,-10.3210359812,45,2,5.284349952
1592906122792219818,-56.9260790944,45,2,5.481994752
1592906122993291388,-100.0,45,2,5.683066112
1592906123193014812,-100.0,45,2,5.882789632
1592906123392672365,-100.0,45,2,6.082447104
1592906123592370434,-100.0,45,2,6.28214528
1592906123792490096,-100.0,45,2,6.482264832
1592906123995346697,-58.1033602357,45,2,6.685121536
1592906124211525056,9.68711171299,45,2,6.901299968
1592906124471961893,33.515304327,45,2,7.161736704
1592906124638108033,13.9910504222,45,2,7.327883008
1592906124793720267,-33.8403135538,45,2,7.483495168
1592906125375366461,-93.0886939168,45,2,8.065141248
1592906125375406927,-100.0,45,2,8.065181696
1592906125394274011,-100.0,45,2,8.084048896
1592906125694404894,-49.1751357913,45,2,8.384179712
1592906125838000986,36.3343730569,45,2,8.527775744
1592906126004239648,100.0,45,2,8.694014464
1592906126305810996,100.0,45,2,8.995585792
1592906126463192797,100.0,45,2,9.15296768
1592906126614736860,37.2226238251,45,2,9.304511744
1592906127053918898,-54.3992817402,45,2,9.743693824
1592906127054013786,-75.4742771387,45,2,9.743788544
1592906127227854146,-69.6607083082,45,2,9.917628928
1592906127392425993,-27.7923103422,45,2,10.082200832
1592906127677574707,70.9113106132,45,2,10.367349504
1592906127847221696,100.0,45,2,10.536996608
1592906127993440938,100.0,45,2,10.683215872
1592906128013424926,0.0,0,0,10.703199744
1592906128216558195,99.9545454979,45,2,10.906332928
1592906128410095689,66.891849041,45,2,11.099870464
1592906129008494555,6.62261340767,45,2,11.69826944
1592906129008509986,-31.0122184455,45,2,11.6982848
1592906129012752408,-59.3557804823,45,2,11.702527232
1592906129193152577,-53.6588802934,45,2,11.88292736
1592906129395203489,8.30054469407,45,2,12.084978432
1592906129597953362,72.7791115642,45,2,12.287728128
1592906129795738712,99.0454107523,45,2,12.485513472
1592906130000915777,67.2248974442,45,2,12.69069056
1592906130192836725,8.23055393994,45,2,12.882611456
1592906130398222127,-53.2836690545,45,2,13.087996928
1592906130598218678,-100.0,45,2,13.2879936
1592906130800556603,-100.0,45,2,13.490331392
1592906130995575898,-100.0,45,2,13.685350656
1592906131193023348,-99.7111871839,45,2,13.88279808
1592906131396807991,-16.3922384381,45,2,14.086582784
1592906131595052784,39.9714335799,45,2,14.284827648
1592906131792909816,43.0068746209,45,2,14.482684672
1592906131993177118,-7.87994638085,45,2,14.682951936
1592906132192882361,-74.4344517589,45,2,14.88265728
1592906132392976844,-100.0,45,2,15.082751744
1592906132592856222,-100.0,45,2,15.282631168
1592906132792411302,-100.0,45,2,15.48218624
1592906132993312752,-100.0,45,2,15.683087616
1592906133192557793,-52.4617731571,45,2,15.882332672
1592906133393024196,6.04880042374,45,2,16.082799104
1592906133594447773,-2.30073882267,45,2,16.28422272
1592906133792052454,-64.8465678096,45,2,16.481827328
1592906133992142029,-100.0,45,2,16.681916928
1592906134192551749,-100.0,45,2,16.882326528
1592906134392862359,-100.0,45,2,17.082637312
1592906134593196374,-100.0,45,2,17.282971136
1592906134793745553,-100.0,45,2,17.483520512
1592906134992944077,-64.4314065576,45,2,17.682718976
1592906135194291895,13.8840675354,45,2,17.884066816
1592906135395422809,39.3255725503,45,2,18.085197568
1592906135593317261,-2.12434469722,45,2,18.283092224
1592906135792409614,-75.4002779722,45,2,18.482184448
1592906135993355471,-100.0,45,2,18.683130368
1592906136195069580,-100.0,45,2,18.884844544
1592906136395125357,-100.0,45,2,19.084900096
1592906136592966819,-100.0,45,2,19.28274176
1592906136793379411,-20.9256391972,45,2,19.483154176
1592906136993772333,46.4346259832,45,2,19.683547136
1592906137193632742,72.0379278064,45,2,19.883407616
1592906137393048054,40.9732758999,45,2,20.082822912
1592906137593821117,-40.4851660132,45,2,20.283596032
1592906137793130295,-100.0,45,2,20.482905088
1592906137994024434,-100.0,45,2,20.683799296
1592906138195090073,-100.0,45,2,20.884865024
1592906138405683173,-94.2744612694,45,2,21.095458048
1592906138592653274,-32.1458801627,45,2,21.28242816
1592906138793260370,39.6512746811,45,2,21.483035136
1592906138992583433,80.6039869785,45,2,21.682358272
1592906139192219457,78.2278999686,45,2,21.88199424
1592906139402179561,49.1238832474,45,2,22.091954432
1592906139594268249,12.272127904,45,2,22.284043008
1592906139793110019,-19.1989168525,45,2,22.482884864
1592906139994383766,-17.5608694553,45,2,22.68415872
1592906140193762425,19.0969798714,45,2,22.883537152
1592906140392529988,57.9361990094,45,2,23.082304768
1592906140592379865,88.2099419832,45,2,23.282154752
1592906140794755690,100.0,45,2,23.484530432
1592906140992956957,80.7001292706,45,2,23.682731776
1592906141193735225,40.569677949,45,2,23.883510016
1592906141392827498,-2.93465284631,45,2,24.08260224
1592906141592929431,-36.111690104,45,2,24.282704384
1592906141793768144,-44.342443347,45,2,24.48354304
1592906141994411602,-25.4853889346,45,2,24.684186368
1592906142193652696,-2.48950580135,45,2,24.883427584
1592906142393534279,25.841968134,45,2,25.083309056
1592906142593402835,48.8067269325,45,2,25.283177728
1592906142795457274,39.282977581,45,2,25.485232128
1592906142994591899,-3.61165544018,45,2,25.684366848
1592906143193585289,-60.0549578667,45,2,25.883360256
1592906143393534601,-100.0,45,2,26.083309568
1592906143593196958,-100.0,45,2,26.282971904
1592906143793244409,-100.0,45,2,26.483019264
1592906143992915357,-100.0,45,2,26.682690304
1592906144192596439,-87.9037901759,45,2,26.882371328
1592906144392992081,-74.442602694,45,2,27.082766848
1592906144594233616,-73.5901594162,45,2,27.284008448
1592906144792805825,-100.0,45,2,27.482580736
1592906144993568794,-100.0,45,2,27.683343616
1592906145192829725,-100.0,45,2,27.882604544
1592906145393703764,-100.0,45,2,28.083478528
1592906145594218664,-100.0,45,2,28.2839936
1592906145792801530,-100.0,45,2,28.482576384
1592906145994757593,-100.0,45,2,28.68453248
1592906146192625072,-100.0,45,2,28.8824
1592906146392592277,-100.0,45,2,29.082367232
1592906146593871112,-100.0,45,2,29.283645952
1592906146797818084,-100.0,45,2,29.48759296
1592906146992532091,-100.0,45,2,29.682306816
1592906147195442724,-100.0,45,2,29.885217536
1592906147401325498,-100.0,45,2,30.091100416
1592906147595235929,-100.0,45,2,30.285010688
1592906147793989952,-100.0,45,2,30.483764736
1592906147994112622,-88.5274484754,45,2,30.68388736
1592906148199047487,-79.7932296991,45,2,30.888822272
1592906148394614173,-92.8481072187,45,2,31.08438912
1592906148610421037,-100.0,45,2,31.30019584
1592906148801945907,-100.0,45,2,31.491720704
1592906148992539554,-100.0,45,2,31.682314496
1592906149205703193,-68.2036802173,45,2,31.895478016
1592906149412554265,-21.6111801565,45,2,32.102329088
1592906149609761073,30.0942007452,45,2,32.299535872
1592906149794238966,79.2543664575,45,2,32.484013824
1592906150004615913,71.4047551155,45,2,32.694390784
1592906150210571649,45.8295047283,45,2,32.900346624
1592906150432315300,22.8901468217,45,2,33.12209024
1592906150594496941,0.724246026948,45,2,33.284271872
1592906150793223335,25.2964254469,45,2,33.482998272
1592906150993130961,76.5365958214,45,2,33.682905856
1592906151193760372,100.0,45,2,33.883535104
1592906151394880843,100.0,45,2,34.084655616
1592906151593853221,100.0,45,2,34.283628032
1592906151794148527,100.0,45,2,34.483923456
1592906151993670602,100.0,45,2,34.683445504
1592906152194326678,86.9460105896,45,2,34.884101632
1592906152394765972,46.453602612,45,2,35.084540928
1592906152594567701,37.6989543438,45,2,35.284342528
1592906152794947166,77.53226161,45,2,35.48472192
1592906152993975264,100.0,45,2,35.683750144
1592906153206634036,100.0,45,2,35.896408832
1592906153395083278,100.0,45,2,36.084858112
1592906153593692838,100.0,45,2,36.283467776
1592906153794110264,100.0,45,2,36.483885056
1592906153995042405,48.931889236,45,2,36.684817152
1592906154194040768,17.0311965048,45,2,36.88381568
1592906154394165366,18.6237860471,45,2,37.083940096
1592906154595029247,13.9273107052,45,2,37.284804096
1592906154795078675,48.2787042856,45,2,37.484853504
1592906154993700072,92.0118317008,45,2,37.683474944
1592906155195010233,95.6009477377,45,2,37.884785152
1592906155393421252,72.426147759,45,2,38.08319616
1592906155592834782,11.7979152128,45,2,38.282609664
1592906155793405227,-37.0008796453,45,2,38.483180032
1592906155993580592,-71.6114640236,45,2,38.683355392
1592906156193876933,-100.0,45,2,38.88365184
1592906156392725450,-100.0,45,2,39.082500352
1592906156598344584,-73.1584727764,45,2,39.288119552
1592906156794050330,-21.8591075391,45,2,39.483825152
1592906156994857602,2.47159739956,45,2,39.684632576
1592906157194128282,-9.22938063741,45,2,39.883903232
1592906157394309440,-49.005433917,45,2,40.084084224
1592906157593129098,-100.0,45,2,40.282904064
1592906157794841544,-100.0,45,2,40.484616448
1592906157994267660,-100.0,45,2,40.684042496
1592906158193486932,-100.0,45,2,40.883261696
1592906158395365227,-100.0,45,2,41.085139968
1592906158595419134,-100.0,45,2,41.285193984
1592906158794173075,-66.8755620718,45,2,41.483948032
1592906158993527367,-57.3060959578,45,2,41.683302144
1592906159195389353,-84.9694833159,45,2,41.885164288
1592906159393258647,-100.0,45,2,42.0830336
1592906159593997131,-100.0,45,2,42.283771904
1592906159795212415,-100.0,45,2,42.484987136
1592906159994676848,-100.0,45,2,42.684451584
1592906160194559075,-100.0,45,2,42.884333824
1592906160393658160,-100.0,45,2,43.08343296
1592906160593373261,-100.0,45,2,43.283148032
1592906160794164204,-100.0,45,2,43.483939072
1592906160996461652,-100.0,45,2,43.686236416
1592906161194804506,-100.0,45,2,43.884579328
1592906161394360203,-100.0,45,2,44.084135168
1592906161594316285,-100.0,45,2,44.284091136
1592906161793152637,-100.0,45,2,44.48292736
1592906161994079302,-100.0,45,2,44.68385408
1592906162193680419,-100.0,45,2,44.883455232
1592906162393703367,-100.0,45,2,45.083478272
1592906162592821415,-89.1960635781,45,2,45.282596352
1592906162793716818,-100.0,45,2,45.483491584
1592906162995209878,-100.0,45,2,45.684984832
1592906163195031732,-100.0,45,2,45.884806656
1592906163395399665,-100.0,45,2,46.085174528
1592906163594304611,-90.0436416268,45,2,46.28407936
1592906163792875209,-40.2924343944,45,2,46.482650112
1592906163993532346,49.5679453015,45,2,46.683307264
1592906164195910523,94.9131250381,45,2,46.885685248
1592906164394653334,96.785582602,45,2,47.084428288
1592906164594130143,84.0207785368,45,2,47.283905024
1592906164793196468,51.4667108655,45,2,47.482971392
1592906164993078450,1.88569398597,45,2,47.682853376
1592906165194892492,-27.4405367672,45,2,47.884667392
1592906165393654579,22.8763017803,45,2,48.083429376
1592906165592508639,90.0697037578,45,2,48.28228352
1592906165794021616,100.0,45,2,48.48379648
1592906165993810162,100.0,45,2,48.683585024
1592906166193297831,100.0,45,2,48.883072768
1592906166394979918,100.0,45,2,49.084754688
1592906166595575851,100.0,45,2,49.285350656
1592906166794520280,48.6227571964,45,2,49.484295168
1592906166994515418,28.572389856,45,2,49.684290304
1592906167195659270,28.2346811146,45,2,49.885434112
1592906167395917415,43.9858809114,45,2,50.08569216
1592906167594468657,92.484228313,45,2,50.284243456
1592906167794221351,100.0,45,2,50.48399616
1592906167994934683,93.5026779771,45,2,50.684709632
1592906168193659913,92.0379161835,45,2,50.883434752
1592906168394215676,55.2650913596,45,2,51.083990528
1592906168595945533,4.11513540894,45,2,51.28572032
1592906168794223520,-36.5760102868,45,2,51.483998464
1592906168995787243,-52.1047860384,45,2,51.685562112
1592906169194932717,-20.7966398448,45,2,51.884707584
1592906169394229687,3.75099806115,45,2,52.084004608
1592906169593297143,29.7123584896,45,2,52.283072
1592906169795522059,46.9809100032,45,2,52.485296896
1592906169994712955,29.5706484467,45,2,52.68448768
1592906170194240657,0.649417284876,45,2,52.884015616
1592906170395709435,-45.0977534056,45,2,53.085484288
1592906170595278359,-100.0,45,2,53.285053184
1592906170793177783,-100.0,45,2,53.482952704
1592906170993973152,-100.0,45,2,53.683748096
1592906171193788825,-100.0,45,2,53.883563776
1592906171395333106,-94.9117317796,45,2,54.085107968
1592906171595161747,-58.343090117,45,2,54.284936704
1592906171796336712,-55.4570108652,45,2,54.486111488
1592906171993808300,-92.5671011209,45,2,54.683583232
1592906172194078829,-100.0,45,2,54.883853568
1592906172396136334,-100.0,45,2,55.085911296
1592906172594438474,-100.0,45,2,55.284213248
1592906172793195045,-100.0,45,2,55.482969856
1592906172994309828,-100.0,45,2,55.684084736
1592906173195299498,-100.0,45,2,55.885074432
1592906173395493878,-100.0,45,2,56.085268736
1592906173594312444,-98.9562422037,45,2,56.284087296
1592906173795929762,-100.0,45,2,56.485704704
1592906173994018120,-100.0,45,2,56.683792896
1592906174195539480,-100.0,45,2,56.885314304
1592906174394730075,-100.0,45,2,57.084504832
1592906174593978695,-100.0,45,2,57.283753472
1592906174793792684,-100.0,45,2,57.483567616
1592906174994933870,-100.0,45,2,57.684708608
1592906175196324980,-71.3901221752,45,2,57.886099712
1592906175395062158,-34.9013730884,45,2,58.08483712
1592906175593780069,-89.8796766996,45,2,58.283554816
1592906175794123586,-100.0,45,2,58.483898368
1592906175995305160,-100.0,45,2,58.685080064
1592906176195082561,-100.0,45,2,58.884857344
1592906176394545818,-100.0,45,2,59.084320768
1592906176593030527,-95.9574207664,45,2,59.282805248
1592906176795475755,4.56601008773,45,2,59.48525056
1592906176996053115,44.4260165095,45,2,59.68582784
1592906177193568084,56.2957674265,45,2,59.883342848
1592906177393073010,36.0172316432,45,2,60.082847744
1592906177598248311,-0.123003963381,45,2,60.28802304
1592906177795996789,-49.0708425641,45,2,60.48577152
1592906177994913121,-72.510778904,45,2,60.684687872
1592906178193947969,-35.0802838802,45,2,60.883722752
1592906178394072739,7.29813799262,45,2,61.08384768
1592906178595427532,87.8929942846,45,2,61.285202432
1592906178794849956,100.0,45,2,61.484624896
1592906178996266836,100.0,45,2,61.6860416
1592906179435533160,100.0,45,2,62.125307904
1592906179435688552,52.9927909374,45,2,62.125463296
1592906179595658226,-16.4291709661,45,2,62.285433088
1592906179795150665,-72.3579004407,45,2,62.48492544
1592906179994542996,-58.929875493,45,2,62.684317952
1592906180194671978,0.839529093355,45,2,62.88444672
1592906180394831675,100.0,45,2,63.084606464
1592906180594327602,100.0,45,2,63.2841024
1592906180794186646,100.0,45,2,63.4839616
1592906180993790399,100.0,45,2,63.683565312
1592906181194114167,22.870413959,45,2,63.883888896
1592906181396193373,-35.1907089353,45,2,64.085968128
1592906181594016097,-77.812217176,45,2,64.283790848
1592906181794433220,-88.469594717,45,2,64.484208128
1592906181994625236,-59.1202750802,45,2,64.684400128
1592906182194898997,22.9957029223,45,2,64.884673792
1592906182394551211,84.0898007154,45,2,65.084326144
1592906182593964058,75.5674466491,45,2,65.28373888
1592906182795022370,41.9737175107,45,2,65.484797184
1592906182998245386,1.65597675368,45,2,65.688020224
1592906183195421517,-82.3125839233,45,2,65.885196288
1592906183399794202,-100.0,45,2,66.089569024
1592906183596065097,-100.0,45,2,66.285839872
1592906183794265703,-100.0,45,2,66.484040448
1592906183994231951,-66.6426122189,45,2,66.684006912
1592906184195299825,-14.3407611176,45,2,66.885074688
1592906184394970793,25.6273094565,45,2,67.084745728
1592906184594608939,21.462444216,45,2,67.284383744
1592906184794825476,-37.7789437771,45,2,67.48460032
1592906184995052645,-100.0,45,2,67.684827392
1592906185195829447,-100.0,45,2,67.885604352
1592906185394453423,-100.0,45,2,68.084228352
1592906185593851811,-100.0,45,2,68.283626752
1592906185795105713,-100.0,45,2,68.48488064
1592906185994444997,-100.0,45,2,68.684219904
1592906186194583672,-44.8879599571,45,2,68.8843584
1592906186394517423,-44.1706329584,45,2,69.084292352
1592906186597120180,-89.9561718106,45,2,69.286895104
1592906186801660841,-100.0,45,2,69.491435776
1592906186995815097,-100.0,45,2,69.685590016
1592906187195994589,-100.0,45,2,69.885769472
1592906187394146049,-100.0,45,2,70.083920896
1592906187595554126,-100.0,45,2,70.285328896
1592906187797399510,-100.0,45,2,70.4871744
1592906187995316864,-67.4960464239,45,2,70.685091584
1592906188194365307,-54.3376281857,45,2,70.884140032
1592906188394221377,-100.0,45,2,71.08399616
1592906188594303110,-100.0,45,2,71.28407808
1592906188795975967,-100.0,45,2,71.485750784
1592906188994748104,-100.0,45,2,71.684523008
1592906189194290661,-100.0,45,2,71.884065536
1592906189395908218,-100.0,45,2,72.085682944
1592906189594527947,-26.0026678443,45,2,72.284302848
1592906189795451641,28.2764062285,45,2,72.485226496
1592906189995584381,16.7122334242,45,2,72.685359104
1592906190194749243,-33.8156819344,45,2,72.884524032
1592906190397111420,-100.0,45,2,73.086886144
1592906190597673960,-100.0,45,2,73.287448832
1592906190795410886,-100.0,45,2,73.485185792
1592906190999605119,-58.1828057766,45,2,73.68937984
1592906191193925565,36.1510068178,45,2,73.88370048
1592906191394742832,82.9862132668,45,2,74.084517632
1592906191594148857,100.0,45,2,74.283923712
1592906191796609848,97.6089164615,45,2,74.48638464
1592906191995684664,34.5679521561,45,2,74.685459456
1592906192196908193,-38.3058041334,45,2,74.886683136
1592906192394781344,-91.1469385028,45,2,75.084556288
1592906192595247480,-100.0,45,2,75.285022208
1592906192796488764,-78.7966027856,45,2,75.486263552
1592906193006460772,14.5283099264,45,2,75.69623552
1592906193194654188,89.2193317413,45,2,75.884429056
1592906193394637977,100.0,45,2,76.084412928
1592906193594911383,100.0,45,2,76.284686336
1592906193796279158,63.7493357062,45,2,76.486053888
1592906193995715747,-23.8469094038,45,2,76.685490688
1592906194196838939,-78.0152827501,45,2,76.88661376
1592906194394841520,-100.0,45,2,77.084616448
1592906194595940058,-100.0,45,2,77.285714944
1592906194796533156,-52.1149337292,45,2,77.486308096
1592906194999833509,13.9571186155,45,2,77.689608448
1592906195198932427,69.8642879725,45,2,77.888707328
1592906195396668876,73.1666311622,45,2,78.086443776
1592906195595113404,29.6020004898,45,2,78.28488832
1592906195796167556,-50.4222586751,45,2,78.485942528
1592906195995049193,-100.0,45,2,78.684824064
1592906196198150096,-100.0,45,2,78.887924992
1592906196397543684,-100.0,45,2,79.087318528
1592906196594282443,-100.0,45,2,79.284057344
1592906196794390570,-62.8995299339,45,2,79.484165376
1592906196996077766,4.83445590362,45,2,79.685852672
1592906197196293617,42.2252416611,45,2,79.88606848
1592906197394584618,14.7249456495,45,2,80.084359424
1592906197595229784,-49.1398870945,45,2,80.285004544
1592906197795177780,-100.0,45,2,80.484952576
1592906197996805099,-100.0,45,2,80.686579968
1592906198195054166,-100.0,45,2,80.884828928
1592906198394507642,-100.0,45,2,81.084282368
1592906198595432740,-100.0,45,2,81.285207552
1592906198794457400,-37.6452431083,45,2,81.484232192
1592906198994243553,1.00489752367,45,2,81.684018432
1592906199193731469,-22.9866560549,45,2,81.883506432
1592906199397010483,-72.6683661342,45,2,82.08678528
1592906199594933124,-100.0,45,2,82.284708096
1592906199795299963,-100.0,45,2,82.485074688
1592906199996119319,-100.0,45,2,82.685894144
1592906200197822475,-100.0,45,2,82.887597312
1592906200395077136,-90.606726706,45,2,83.084851968
1592906200596253244,-14.2045021057,45,2,83.286028032
1592906200794226118,15.3936222196,45,2,83.484001024
1592906200994542798,7.52215459943,45,2,83.684317696
1592906201196013039,-56.8904578686,45,2,83.885787904
1592906201394849014,-100.0,45,2,84.084623872
1592906201596514330,-100.0,45,2,84.286289152
1592906201795959282,-100.0,45,2,84.485734144
1592906201995842619,-100.0,45,2,84.685617408
1592906202195632145,-100.0,45,2,84.885406976
1592906202395497849,-43.2452186942,45,2,85.085272576
1592906202594573258,13.9583908021,45,2,85.28434816
1592906202794621890,13.2077410817,45,2,85.4843968
1592906202995748023,-38.2506921887,45,2,85.685522944
1592906203195808459,-100.0,45,2,85.88558336
1592906203396986021,-100.0,45,2,86.08676096
1592906203596167239,-100.0,45,2,86.285942016
1592906203795991073,-100.0,45,2,86.485765888
1592906203996304838,-74.008949101,45,2,86.686079744
1592906204196760085,-0.533216400072,45,2,86.886534912
1592906204397275904,36.8604362011,45,2,87.087050752
1592906204594341216,34.2294797301,45,2,87.284115968
1592906204794393632,-38.4672656655,45,2,87.484168448
1592906204996242385,-100.0,45,2,87.68601728
1592906205195539738,-100.0,45,2,87.88531456
1592906205394810852,-100.0,45,2,88.084585728
1592906205595941558,-100.0,45,2,88.28571648
1592906205796730679,-26.7297346145,45,2,88.486505472
1592906205996005895,51.8621951342,45,2,88.685780736
1592906206194554695,82.9752460122,45,2,88.884329472
1592906206397179819,52.1452203393,45,2,89.086954752
1592906206595274031,-32.1394205093,45,2,89.285048832
1592906206794226699,-100.0,45,2,89.484001536
1592906206995416315,-100.0,45,2,89.685191168
1592906207196285239,-100.0,45,2,89.886060032
1592906207395981882,-100.0,45,2,90.085756672
1592906207597432590,-100.0,45,2,90.287207424
1592906207794998054,-64.0842244029,45,2,90.484772864
1592906207999417603,-39.7963821888,45,2,90.689192448
1592906208196135391,-69.9299275875,45,2,90.885910272
1592906208395555403,-100.0,45,2,91.085330176
1592906208594573802,-100.0,45,2,91.284348672
1592906208795740529,-100.0,45,2,91.485515264
1592906208995498654,-100.0,45,2,91.6852736
1592906209195887564,-100.0,45,2,91.885662464
1592906209397709499,-100.0,45,2,92.087484416
1592906209594824073,-100.0,45,2,92.28459904
1592906209796661034,-100.0,45,2,92.48643584
1592906209995989916,-100.0,45,2,92.685764864
1592906210196624972,-100.0,45,2,92.886399744
1592906210398219251,-100.0,45,2,93.087994112
1592906210596808793,-100.0,45,2,93.286583552
1592906210794907585,-100.0,45,2,93.484682496
1592906210996420797,-100.0,45,2,93.686195712
1592906211196426825,-100.0,45,2,93.8862016
1592906211394725633,-100.0,45,2,94.08450048
1592906211596672390,-100.0,45,2,94.28644736
1592906211795778983,-100.0,45,2,94.48555392
1592906211996719736,-100.0,45,2,94.686494464
1592906212198349921,-100.0,45,2,94.888124672
1592906212395672111,-100.0,45,2,95.085446912
1592906212600311536,-100.0,45,2,95.2900864
1592906212795636901,-100.0,45,2,95.48541184
1592906212996261476,-100.0,45,2,95.686036224
1592906213196188379,-100.0,45,2,95.885963264
1592906213396971431,-100.0,45,2,96.086746368
1592906213595604570,-100.0,45,2,96.285379328
1592906213796224896,-100.0,45,2,96.485999872
1592906213996495878,-100.0,45,2,96.68627072
1592906214195227581,-100.0,45,2,96.885002496
1592906214407870153,-100.0,45,2,97.097645056
1592906214595683848,-100.0,45,2,97.285458688
1592906214795499903,-100.0,45,2,97.485274624
1592906214995306602,-100.0,45,2,97.685081344
1592906215196454874,-100.0,45,2,97.88622976
1592906215397489112,-100.0,45,2,98.087264
1592906215596294463,-100.0,45,2,98.286069248
1592906215795662212,-100.0,45,2,98.485437184
1592906216007684352,-100.0,45,2,98.6974592
1592906216196628869,-100.0,45,2,98.88640384
1592906216397179817,-100.0,45,2,99.086954752
1592906216595754396,-100.0,45,2,99.285529344
1592906216797984090,-100.0,45,2,99.487758848
1592906216996361907,-100.0,45,2,99.686136832
1592906217196628025,-100.0,45,2,99.886402816
1592906217395812343,-100.0,45,2,100.0855872
1592906217595704416,-100.0,45,2,100.285479168
1592906217795337196,-100.0,45,2,100.485112064
1592906217996133137,-100.0,45,2,100.685907968
1592906218197646152,-100.0,45,2,100.887420928
1592906218396821478,-100.0,45,2,101.086596352
1592906218597798728,-100.0,45,2,101.287573504
1592906218795854210,-100.0,45,2,101.485629184
1592906218995892726,-100.0,45,2,101.685667584
1592906219197169791,-100.0,45,2,101.886944512
1592906219395489610,-100.0,45,2,102.085264384
1592906219596824696,-100.0,45,2,102.286599424
1592906219795830113,-100.0,45,2,102.485604864
1592906219996613631,-100.0,45,2,102.68638848
1592906220195708786,-100.0,45,2,102.88548352
1592906220396472601,-100.0,45,2,103.086247424
1592906220596534645,-100.0,45,2,103.286309376
1592906220795192260,-100.0,45,2,103.484967168
1592906220996135951,-100.0,45,2,103.685910784
1592906221196428655,-100.0,45,2,103.886203392
1592906221398341032,-100.0,45,2,104.088115968
1592906221597547633,-100.0,45,2,104.287322368
1592906221795821114,-100.0,45,2,104.485595904
1592906221996246970,-100.0,45,2,104.686021888
1592906222195833979,-100.0,45,2,104.885608704
1592906222397920797,-100.0,45,2,105.087695616
1592906222596351200,-100.0,45,2,105.28612608
1592906222796983880,-100.0,45,2,105.486758656
1592906222998654368,-100.0,45,2,105.688429312
1592906223197258616,-100.0,45,2,105.887033344
1592906223396906605,-100.0,45,2,106.086681344
1592906223595552728,-100.0,45,2,106.285327616
1592906223796370309,-100.0,45,2,106.48614528
1592906223996608732,-100.0,45,2,106.686383616
1592906224196928246,-100.0,45,2,106.886703104
1592906224395929236,-100.0,45,2,107.085704192
1592906224599699972,-100.0,45,2,107.289474816
1592906224797716890,-100.0,45,2,107.48749184
1592906225002871625,-100.0,45,2,107.6926464
1592906225196410833,-100.0,45,2,107.886185728
1592906225396511298,-100.0,45,2,108.08628608
1592906225596682956,-100.0,45,2,108.286457856
1592906225797827303,-100.0,45,2,108.487602176
1592906225997209192,-100.0,45,2,108.686983936
1592906226198033019,-100.0,45,2,108.887807744
1592906226397604242,-100.0,45,2,109.0873792
1592906226597135580,-100.0,45,2,109.286910464
1592906226795950264,-100.0,45,2,109.485725184
1592906226996766189,-100.0,45,2,109.686541056
1592906227208764054,-100.0,45,2,109.898539008
1592906227396797366,-82.8684717417,45,2,110.086572288
1592906227596262399,-69.3672373891,45,2,110.286037248
1592906227795165796,-60.4261904955,45,2,110.484940544
1592906227996219276,-43.5734391212,45,2,110.68599424
1592906228196648163,-50.1133725047,45,2,110.88642304
1592906228397268960,-60.6032907963,45,2,111.08704384
1592906228597052637,-40.0740355253,45,2,111.28682752
1592906228796178627,-27.6008620858,45,2,111.485953536
1592906228997245729,-15.9525759518,45,2,111.687020544
1592906229196550465,9.36591252685,45,2,111.886325248
1592906229397107135,43.3107018471,45,2,112.086882048
1592906229597043745,64.7486671805,45,2,112.28681856
1592906229797427762,72.4045112729,45,2,112.48720256
1592906229997489047,71.3854283094,45,2,112.687264
1592906230197893659,72.0151290298,45,2,112.88766848
1592906230396419014,86.0929563642,45,2,113.08619392
1592906230595931129,100.0,45,2,113.285705984
1592906230796449433,100.0,45,2,113.486224384
1592906230996943491,100.0,45,2,113.686718464
1592906231197978250,100.0,45,2,113.887753216
1592906231397045565,100.0,45,2,114.086820352
1592906231596916481,100.0,45,2,114.286691328
1592906231797176225,94.2274853587,45,2,114.486951168
1592906231995902030,79.3944969773,45,2,114.6856768
1592906232196572424,53.4225180745,45,2,114.886347264
1592906232395968478,52.4964854121,45,2,115.08574336
1592906232596300770,79.1484862566,45,2,115.286075648
1592906232795473187,97.0143601298,45,2,115.485248
1592906232997284076,82.8925296664,45,2,115.687058944
1592906233196870863,54.5025467873,45,2,115.88664576
1592906233397040240,33.1841260195,45,2,116.086814976
1592906233595932251,10.062594898,45,2,116.285707008
1592906233796007770,-9.15788300335,45,2,116.485782528
1592906233997655104,-20.505098626,45,2,116.687429888
1592906234196612238,-27.4171028286,45,2,116.8863872
1592906234396679759,-27.899177745,45,2,117.086454528
1592906234596352275,-19.0193522722,45,2,117.286127104
1592906234797925008,-30.654899776,45,2,117.487699968
1592906234995824671,-54.5050278306,45,2,117.685599488
1592906235195791266,-82.2624117136,45,2,117.885566208
1592906235396616273,-89.0030860901,45,2,118.08639104
1592906235597282987,-88.6834412813,45,2,118.28705792
1592906235796312174,-89.2908349633,45,2,118.486086912
1592906235997898065,-78.8448229432,45,2,118.687672832
1592906236196414625,-70.5938413739,45,2,118.886189568
1592906236396911988,-69.8538422585,45,2,119.08668672
1592906236598124743,-72.0713883638,45,2,119.287899648
1592906236795930034,-94.2292660475,45,2,119.48570496
1592906236995765660,-100.0,45,2,119.685540608
1592906237198833018,-100.0,45,2,119.888607744
1592906237397120474,-100.0,45,2,120.08689536
1592906237598357785,-100.0,45,2,120.288132608
1592906237797850031,-100.0,45,2,120.48762496
1592906237996296121,-86.8607014418,45,2,120.68607104
1592906238197050621,-80.7444751263,45,2,120.886825472
1592906238396692530,-83.9295834303,45,2,121.086467328
1592906238597324232,-100.0,45,2,121.287099136
1592906238796355405,-100.0,45,2,121.486130176
1592906238997005428,-100.0,45,2,121.68678016
1592906239197459403,-100.0,45,2,121.887234304
1592906239396727728,-100.0,45,2,122.086502656
1592906239596388333,-100.0,45,2,122.2861632
1592906239797720880,-100.0,45,2,122.48749568
1592906239998383782,-100.0,45,2,122.68815872
1592906240197824422,-95.6206172705,45,2,122.88759936
1592906240395956051,-80.496378243,45,2,123.085730816
1592906240596474779,-100.0,45,2,123.286249728
1592906240796806956,-100.0,45,2,123.48658176
1592906240997717104,-100.0,45,2,123.68749184
1592906241196386767,-100.0,45,2,123.886161664
1592906241396788562,-100.0,45,2,124.086563328
1592906241596574698,-100.0,45,2,124.286349568
1592906241798651474,-70.7590728998,45,2,124.48842624
1592906241997894141,-44.9678227305,45,2,124.687668992
1592906242195981829,-59.5303848386,45,2,124.885756672
1592906242396288150,-75.4011496902,45,2,125.086063104
1592906242596422645,-88.3670225739,45,2,125.286197504
1592906242798902452,-100.0,45,2,125.488677376
1592906242997524445,-70.6876441836,45,2,125.687299328
1592906243196844032,-2.65741255134,45,2,125.88661888
1592906243397275011,51.1210635304,45,2,126.087049984
1592906243599287539,86.9396775961,45,2,126.2890624
1592906243797105128,100.0,45,2,126.48688
1592906243999112949,100.0,45,2,126.688887808
1592906244287656623,68.756505847,45,2,126.977431552
1592906244430045961,49.1462796926,45,2,127.1198208
1592906244595799377,57.0762678981,45,2,127.285574144
1592906244895916631,51.5285432339,45,2,127.585691392
1592906245048214127,82.8327611089,45,2,127.737988864
1592906245198423246,100.0,45,2,127.888198144
1592906245503766449,100.0,45,2,128.193541376
1592906245646685623,100.0,45,2,128.336460544
1592906245811354301,100.0,45,2,128.501129216
1592906245997251926,92.7438735962,45,2,128.687026688
1592906246261502095,40.5696481466,45,2,128.951277056
1592906246424990930,16.8664995581,45,2,129.114765824
1592906246597083314,16.5162105113,45,2,129.28685824
1592906246798003971,37.952683866,45,2,129.487778816
1592906246997087778,75.687661767,45,2,129.686862592
1592906247198145707,79.8495858908,45,2,129.88792064
1592906247396715698,97.7588817477,45,2,130.086490624
1592906247598536154,80.8671042323,45,2,130.28831104
1592906247796931820,50.1125082374,45,2,130.486706688
1592906247997437562,12.3961288482,45,2,130.687212288
1592906248198392190,-39.1823872924,45,2,130.888166912
1592906248396932332,-88.4866192937,45,2,131.0867072
1592906248596994587,-70.0230821967,45,2,131.286769408
1592906248796227960,-7.78964813799,45,2,131.486002688
1592906248996343523,30.7264793664,45,2,131.6861184
1592906249196529216,48.4053939581,45,2,131.886304
1592906249397114305,45.5271303654,45,2,132.086889216
1592906249597135815,1.92410126328,45,2,132.28691072
1592906249796934184,-69.5365667343,45,2,132.486708992
1592906249998195018,-100.0,45,2,132.687969792
1592906250196500529,-100.0,45,2,132.886275328
1592906250396964529,-100.0,45,2,133.086739456
1592906250599589734,-100.0,45,2,133.28936448
1592906250796953037,-95.4655706882,45,2,133.486727936
1592906250997779479,-60.8734413981,45,2,133.687554304
1592906251196169940,-49.2877140641,45,2,133.885944832
1592906251400164292,-89.0674740076,45,2,134.0899392
1592906251597471971,-100.0,45,2,134.287246848
1592906251799549957,-100.0,45,2,134.4893248
1592906251997025074,-100.0,45,2,134.686799872
1592906252196662087,-100.0,45,2,134.886436864
1592906252397137049,-100.0,45,2,135.086912
1592906252597287485,-100.0,45,2,135.287062272
1592906252800948745,-100.0,45,2,135.490723584
1592906252998053166,-82.4287086725,45,2,135.687827968
1592906253198506968,-100.0,45,2,135.888281856
1592906253396491220,-100.0,45,2,136.086266112
1592906253596802052,-100.0,45,2,136.286576896
1592906253797669168,-100.0,45,2,136.487443968
1592906253997258696,-100.0,45,2,136.6870336
1592906254196907593,-100.0,45,2,136.886682368
1592906254399107969,-94.3078622222,45,2,137.088882944
1592906254596333201,-49.681596458,45,2,137.28610816
1592906254797673097,-50.5623817444,45,2,137.487448064
1592906254996474266,-85.6633931398,45,2,137.686249216
1592906255197672581,-100.0,45,2,137.887447552
1592906255398226729,-100.0,45,2,138.088001536
1592906255596216625,-100.0,45,2,138.285991424
1592906255797749544,-90.9230336547,45,2,138.487524352
1592906255997534236,-34.8189473152,45,2,138.687309056
1592906256198587301,22.0373999327,45,2,138.88836224
1592906256398136668,56.3684403896,45,2,139.087911424
1592906256598008060,76.6852870584,45,2,139.287782912
1592906256796967057,79.3200656772,45,2,139.486742016
1592906256998173914,54.5365214348,45,2,139.6879488
1592906257198728510,-6.17941655219,45,2,139.888503296
1592906257397561376,-37.2051969171,45,2,140.087336192
1592906257596953828,-22.1047252417,45,2,140.286728704
1592906257797311960,28.0854329467,45,2,140.487086848
1592906257996859745,96.2076634169,45,2,140.686634496
1592906258196531516,100.0,45,2,140.886306304
1592906258396945653,100.0,45,2,141.086720512
1592906258596106143,100.0,45,2,141.285881088
1592906258799736353,74.7390091419,45,2,141.489511168
1592906258998796168,14.9461105466,45,2,141.688571136
1592906259200469442,-7.73456133902,45,2,141.890244352
1592906259397962816,-6.95798965171,45,2,142.0877376
1592906259596665512,4.86567011103,45,2,142.286440448
1592906259798821104,53.4981042147,45,2,142.488595968
1592906259997085467,100.0,45,2,142.686860288
1592906260198392158,100.0,45,2,142.888166912
1592906260405438205,54.2335957289,45,2,143.095213056
1592906260597625928,44.1865026951,45,2,143.287400704
1592906260796521355,13.6275105178,45,2,143.48629632
1592906260998864187,-47.5495308638,45,2,143.688638976
1592906261198965933,-79.060934484,45,2,143.888740864
1592906261398577730,-57.1625307202,45,2,144.088352512
1592906261597410514,-30.6302942336,45,2,144.287185408
1592906261798718788,4.0678344667,45,2,144.488493568
1592906261998146771,31.8919047713,45,2,144.687921664
1592906262198452983,26.746429503,45,2,144.88822784
1592906262397099138,11.4201847464,45,2,145.086874112
1592906262596879902,-34.3248173594,45,2,145.28665472
1592906262797196594,-98.1592014432,45,2,145.486971392
1592906262997029181,-100.0,45,2,145.686803968
1592906263197903150,-100.0,45,2,145.887677952
1592906263398872127,-100.0,45,2,146.088646912
1592906263597660077,-100.0,45,2,146.287435008
1592906263798014563,-74.9491900206,45,2,146.487789312
1592906263997755546,-47.1264123917,45,2,146.687530496
1592906264197560883,-56.1617016792,45,2,146.88733568
1592906264399671915,-100.0,45,2,147.089446656
1592906264598135119,-100.0,45,2,147.287909888
1592906264797871030,-100.0,45,2,147.487645952
1592906264996319925,-100.0,45,2,147.686094848
1592906265198723619,-100.0,45,2,147.888498432
1592906265397814838,-100.0,45,2,148.087589632
1592906265596317361,-100.0,45,2,148.286092288
1592906265797771731,-92.8454324603,45,2,148.487546624
1592906265996975359,-100.0,45,2,148.686750208
1592906266199463170,-100.0,45,2,148.889238016
1592906266398316010,-100.0,45,2,149.08809088
1592906266598228802,-100.0,45,2,149.288003584
1592906266797119373,-100.0,45,2,149.486894336
1592906266997288599,-100.0,45,2,149.687063552
1592906267197136369,-100.0,45,2,149.886911232
1592906267398738329,-100.0,45,2,150.08851328
1592906267597289096,-100.0,45,2,150.287064064
1592906267802114086,-100.0,45,2,150.491888896
1592906267998261953,-100.0,45,2,150.688036864
1592906268196899970,-100.0,45,2,150.886674944
1592906268397111873,-100.0,45,2,151.086886656
1592906268597615991,-100.0,45,2,151.28739072
1592906268797520408,-100.0,45,2,151.487295232
1592906268998824663,-100.0,45,2,151.688599552
1592906269198188600,-25.7819443941,45,2,151.887963392
1592906269398839831,12.8654483706,45,2,152.088614656
1592906269597171853,8.97197425365,45,2,152.286946816
1592906269798536043,-30.1807709038,45,2,152.488310784
1592906269997664350,-99.5520502329,45,2,152.687439104
1592906270198869838,-100.0,45,2,152.888644608
1592906270398579226,-100.0,45,2,153.088354048
1592906270597917099,-77.4291604757,45,2,153.287692032
1592906270799165187,0.887759495527,45,2,153.488940032
1592906270998732158,83.7334096432,45,2,153.68850688
1592906271253597572,100.0,45,2,153.943372544
1592906271397811964,94.7538912296,45,2,154.087586816
1592906271598427053,8.56673531234,45,2,154.288201984
1592906271797891886,-99.3863865733,45,2,154.487666688
1592906272000646957,-100.0,45,2,154.69042176
1592906272198982230,-100.0,45,2,154.888756992
1592906272399087596,-71.2756067514,45,2,155.088862464
1592906272598356592,21.0715103894,45,2,155.288131328
1592906272796968519,99.6657758951,45,2,155.486743296
1592906272997554354,100.0,45,2,155.68732928
1592906273200629811,45.0286567211,45,2,155.890404608
1592906273398351542,-9.24984365702,45,2,156.088126464
1592906273597678736,-63.6754482985,45,2,156.287453696
1592906273798577234,-100.0,45,2,156.488352
1592906273998806688,-100.0,45,2,156.688581632
1592906274197667410,-69.5389062166,45,2,156.887442176
1592906274398815513,-11.8457684293,45,2,157.088590336
1592906274598243180,55.122345686,45,2,157.28801792
1592906274797628319,65.5243471265,45,2,157.487403264
1592906275000124306,35.3810861707,45,2,157.689899264
1592906275198251043,-46.9964370131,45,2,157.888025856
1592906275398234663,-100.0,45,2,158.088009472
1592906275598285717,-100.0,45,2,158.288060672
1592906275798845282,-100.0,45,2,158.488620032
1592906275997896460,-100.0,45,2,158.687671296
1592906276199876685,-100.0,45,2,158.889651456
1592906276397740817,-57.9459741712,45,2,159.087515648
1592906276603931524,-20.676298067,45,2,159.293706496
1592906276798396671,-47.9764267802,45,2,159.48817152
1592906276997992142,-100.0,45,2,159.68776704
1592906277199184479,-100.0,45,2,159.888959232
1592906277399550912,-100.0,45,2,160.089325824
1592906277598749325,-100.0,45,2,160.288524288
1592906277798275372,-100.0,45,2,160.488050176
1592906277999023781,-100.0,45,2,160.68879872
1592906278198537249,-100.0,45,2,160.888312064
1592906278399231578,-100.0,45,2,161.089006336
1592906278598025389,-100.0,45,2,161.28780032
1592906278799181867,-100.0,45,2,161.488956672
1592906278998585121,-100.0,45,2,161.688359936
1592906279197614844,-100.0,45,2,161.887389696
1592906279398676279,-100.0,45,2,162.088451072
1592906279598280176,-100.0,45,2,162.28805504
1592906279798291467,-100.0,45,2,162.488066304
1592906279999356113,-100.0,45,2,162.689131008
1592906280198994752,-100.0,45,2,162.888769536
1592906280398932541,-100.0,45,2,163.088707328
1592906280599777896,-100.0,45,2,163.28955264
1592906280824217036,-100.0,45,2,163.513991936
1592906280997904834,-100.0,45,2,163.687679744
1592906281239662721,-100.0,45,2,163.929437696
1592906281457463369,-100.0,45,2,164.147238144
1592906281610462215,-100.0,45,2,164.300237056
1592906281918156185,-100.0,45,2,164.607931136
1592906282071523090,-100.0,45,2,164.76129792
1592906282225177802,-100.0,45,2,164.914952704
1592906282399092762,-100.0,45,2,165.088867584
1592906282598572669,-100.0,45,2,165.288347392
1592906282799142212,-100.0,45,2,165.488916992
1592906282999592814,-100.0,45,2,165.689367552
1592906283197644787,-100.0,45,2,165.887419648
1592906283398882512,-100.0,45,2,166.088657408
1592906283597712234,-100.0,45,2,166.287486976
1592906283798743515,-100.0,45,2,166.4885184
1592906283997808032,-100.0,45,2,166.687582976
1592906284198319732,-100.0,45,2,166.888094464
1592906284399327004,-100.0,45,2,167.089101824
1592906284598273142,-100.0,45,2,167.288047872
1592906284801678227,-100.0,45,2,167.491453184
1592906284998886557,-100.0,45,2,167.688661504
1592906285197879406,-100.0,45,2,167.887654144
1592906285397763329,-100.0,45,2,168.087538176
1592906285598098966,-100.0,45,2,168.287873792
1592906285799456225,-100.0,45,2,168.489231104
1592906285998438213,-100.0,45,2,168.688212992
1592906286200404717,-100.0,45,2,168.890179584
1592906286400992179,-100.0,45,2,169.090767104
1592906286599517331,-100.0,45,2,169.289292288
1592906286798798705,-100.0,45,2,169.48857344
1592906286998438057,-100.0,45,2,169.688212992
1592906287197601112,-86.0153734684,45,2,169.887375872
1592906287398835314,-46.3438555598,45,2,170.088610048
1592906287597966399,-18.0639252067,45,2,170.287741184
1592906287797475337,-5.59777161106,45,2,170.487250176
1592906288000547761,-17.4306426197,45,2,170.690322688
1592906288197966573,-21.3534403592,45,2,170.88774144
1592906288398248532,0.0802366994321,45,2,171.088023296
1592906288598174881,24.3881456554,45,2,171.287949824
1592906288798201823,50.8517026901,45,2,171.487976704
1592906289000321611,95.493003726,45,2,171.690096384
1592906289198332964,100.0,45,2,171.888107776
1592906289398639595,100.0,45,2,172.088414464
1592906289597987442,100.0,45,2,172.287762176
1592906289798045268,100.0,45,2,172.487820032
1592906289998335000,99.1490185261,45,2,172.688109824
1592906290200151707,78.9209529757,45,2,172.889926656
1592906290399767862,75.2118378878,45,2,173.089542656
1592906290598797649,93.4875309467,45,2,173.288572416
1592906290798182977,100.0,45,2,173.48795776
1592906290998772478,100.0,45,2,173.688547328
1592906291199217171,100.0,45,2,173.888992
1592906291398305301,100.0,45,2,174.088080128
1592906291598400366,93.1684821844,45,2,174.288175104
1592906291798758360,81.4243033528,45,2,174.488533248
1592906291998043828,48.3051165938,45,2,174.687818752
1592906292200413311,62.6971796155,45,2,174.890188032
1592906292399037994,55.3306564689,45,2,175.0888128
1592906292599418510,61.7468580604,45,2,175.289193472
1592906292798249936,100.0,45,2,175.488024832
1592906292997696123,80.4327130318,45,2,175.687470848
1592906293199221470,72.8264525533,45,2,175.888996352
1592906293398129661,65.4717832804,45,2,176.087904512
1592906293598649472,16.5433008224,45,2,176.288424192
1592906293797767284,-23.5537793487,45,2,176.487542016
1592906293999047751,-27.4627897888,45,2,176.688822528
1592906294197829032,-31.3869267702,45,2,176.887603968
1592906294398720613,-5.44552644715,45,2,177.08849536
1592906294598191949,20.0109798461,45,2,177.28796672
1592906294799696828,36.8368774652,45,2,177.489471744
1592906294997818912,38.5786369443,45,2,177.687593728
1592906295197592112,24.8758662492,45,2,177.887366912
1592906295398633880,-20.0589690357,45,2,178.088408832
1592906295598209661,-66.2741810083,45,2,178.287984384
1592906295798342105,-79.8864290118,45,2,178.488116992
1592906295999409612,-100.0,45,2,178.689184512
1592906296198016845,-100.0,45,2,178.887791616
1592906296398971206,-57.276442647,45,2,179.088745984
1592906296599778585,-25.058735162,45,2,179.289553408
1592906296799073850,-18.5130666941,45,2,179.48884864
1592906296999069880,-37.0776429772,45,2,179.6888448
1592906297200106370,-42.5918996334,45,2,179.889881344
1592906297485207665,-64.9454593658,45,2,180.1749824
1592906297601086738,-100.0,45,2,180.290861568
1592906297799199915,-100.0,45,2,180.488974848
1592906297998435030,-100.0,45,2,180.68820992
1592906298199709476,-78.2465338707,45,2,180.889484288
1592906298399127843,-55.9758096933,45,2,181.088902656
1592906298598175837,-22.1263673156,45,2,181.287950592
1592906298797899448,-18.5024477541,45,2,181.487674368
1592906298999163013,-45.4840809107,45,2,181.688937984
1592906299449659710,-75.9439766407,45,2,182.139434496
1592906299449685733,-100.0,45,2,182.139460608
1592906299598536578,-100.0,45,2,182.288311552
1592906299798209521,-100.0,45,2,182.487984384
1592906299998329880,-86.1344635487,45,2,182.688104704
1592906300198952977,6.48128800094,45,2,182.888727808
1592906300398737805,95.9525033832,45,2,183.088512768
1592906300597648620,100.0,45,2,183.287423488
1592906300800416404,99.8896732926,45,2,183.49019136
1592906300999558492,57.7087402344,45,2,183.689333248
1592906301201522358,-0.125501770526,45,2,183.89129728
1592906301398522454,-22.0542456955,45,2,184.088297216
1592906301600249942,3.44024831429,45,2,184.290024704
1592906301800549766,58.0040737987,45,2,184.490324736
1592906302000068251,100.0,45,2,184.6898432
1592906302200084867,100.0,45,2,184.88985984
1592906302398578066,100.0,45,2,185.088353024
1592906302597864039,100.0,45,2,185.287638784
1592906302799502942,100.0,45,2,185.489277696
1592906302999592980,100.0,45,2,185.689367808
1592906303198617230,63.9095380902,45,2,185.888392192
1592906303399355817,51.0377511382,45,2,186.089130752
1592906303598315828,100.0,45,2,186.288090624
1592906303800389554,100.0,45,2,186.49016448
1592906304000267382,100.0,45,2,186.690042112
1592906304199455730,100.0,45,2,186.889230592
1592906304399577430,100.0,45,2,187.089352192
1592906304599184878,100.0,45,2,187.288959744
1592906304798301664,76.7433792353,45,2,187.488076544
1592906304999486381,43.7818616629,45,2,187.689261312
1592906305199534681,25.5004763603,45,2,187.88930944
1592906305400334499,11.2013090402,45,2,188.09010944
1592906305599937741,50.5330860615,45,2,188.28971264
1592906305798750478,99.3042215705,45,2,188.488525312
1592906306010280148,100.0,45,2,188.70005504
1592906306203083038,92.018276453,45,2,188.892857856
1592906306399235794,60.5062395334,45,2,189.089010688
1592906306598384509,5.22961560637,45,2,189.288159232
1592906306799725213,-43.2003438473,45,2,189.48950016
1592906306999051222,-64.565077424,45,2,189.688826112
1592906307199210303,-57.5809553266,45,2,189.888985088
1592906307400534329,-31.1242360622,45,2,190.09030912
1592906307600215383,-21.2481748313,45,2,190.289990144
1592906307799545979,13.7671995908,45,2,190.489320704
1592906308000423497,30.0775784999,45,2,190.690198272
1592906308200449018,8.77155270427,45,2,190.890223872
1592906308398582580,-24.74774234,45,2,191.088357376
1592906308599176319,-66.9714212418,45,2,191.28895104
1592906308800911030,-92.4624502659,45,2,191.490685952
1592906308998162465,-100.0,45,2,191.68793728
1592906309198234274,-100.0,45,2,191.888009216
1592906309398806411,-60.2277070284,45,2,192.088581376
1592906309598003699,-41.2727743387,45,2,192.28777856
1592906309798968631,-50.1250326633,45,2,192.488743424
1592906309998702644,-40.4887571931,45,2,192.68847744
1592906310198846175,-86.4989459515,45,2,192.888621056
1592906310401772460,-100.0,45,2,193.091547392
1592906310598176215,-100.0,45,2,193.287951104
1592906310798447906,-100.0,45,2,193.48822272
1592906310998249012,-100.0,45,2,193.688023808
1592906311199680624,-100.0,45,2,193.88945536
1592906311398500892,-65.6247213483,45,2,194.088275712
1592906311598543604,-34.5138534904,45,2,194.288318464
1592906311798627200,-60.2519363165,45,2,194.488402176
1592906311998354732,-100.0,45,2,194.688129536
1592906312199390716,-100.0,45,2,194.889165568
1592906312398855463,-100.0,45,2,195.088630272
1592906312598153111,-100.0,45,2,195.287928064
1592906312798794241,-100.0,45,2,195.488569088
1592906312997811292,-100.0,45,2,195.687586048
1592906313199238511,-68.335428834,45,2,195.889013248
1592906313400409231,-27.4905897677,45,2,196.090184192
1592906313600265013,21.6302610934,45,2,196.290039808
1592906313798305836,7.11270328611,45,2,196.48808064
1592906314000552726,-62.7044737339,45,2,196.690327552
1592906314199055134,-79.5233920217,45,2,196.888829952
1592906314398646885,-99.4373261929,45,2,197.088421632
1592906314600851308,-64.2579123378,45,2,197.290626048
1592906314798744154,22.911997512,45,2,197.488518912
1592906314998609474,100.0,45,2,197.688384256
1592906315199450306,100.0,45,2,197.889225216
1592906315398820688,100.0,45,2,198.088595456
1592906315601069626,100.0,45,2,198.290844416
1592906315798491560,68.4271156788,45,2,198.488266496
1592906315999217546,7.61887151748,45,2,198.688992512
1592906316199115686,13.8369761407,45,2,198.888890624
1592906316397939673,74.2888152599,45,2,199.08771456
1592906316598407791,100.0,45,2,199.288182528
1592906316799455322,100.0,45,2,199.48923008
1592906317000026963,100.0,45,2,199.689801728
1592906317199623927,100.0,45,2,199.889398784
1592906317398465215,100.0,45,2,200.088240128
1592906317599180614,65.1687458158,45,2,200.288955392
1592906317798547092,-0.614984426647,45,2,200.488322048
1592906317999989972,-58.4880635142,45,2,200.689764864
1592906318200119197,-62.7239048481,45,2,200.889894144
1592906318399278427,-28.2849688083,45,2,201.089053184
1592906318598552760,4.32552909479,45,2,201.28832768
1592906318808101594,32.7519327402,45,2,201.49787648
1592906318998797567,29.2617920786,45,2,201.688572416
1592906319199690241,-31.5762534738,45,2,201.889465088
1592906319398171796,-100.0,45,2,202.087946752
1592906319598012463,-100.0,45,2,202.287787264
1592906319799592033,-100.0,45,2,202.489366784
1592906319998141463,-100.0,45,2,202.687916288
1592906320199118084,-100.0,45,2,202.888892928
1592906320399789043,-100.0,45,2,203.089563904
1592906320598903905,-100.0,45,2,203.288678656
1592906320800207156,-88.7199491262,45,2,203.489981952
1592906320998547397,-95.6060513854,45,2,203.688322304
1592906321199365710,-100.0,45,2,203.88914048
1592906321398383215,-100.0,45,2,204.088157952
1592906321600945878,-100.0,45,2,204.290720768
1592906321799719203,-100.0,45,2,204.489494016
1592906321998418060,-100.0,45,2,204.688193024
1592906322199515140,-100.0,45,2,204.889289984
1592906322399829408,-100.0,45,2,205.089604352
1592906322599138987,-100.0,45,2,205.28891392
1592906322799590899,-100.0,45,2,205.48936576
1592906322998944134,-100.0,45,2,205.688719104
1592906323201919857,-100.0,45,2,205.891694592
1592906323400957857,-100.0,45,2,206.0907328
1592906323598598459,-100.0,45,2,206.288373248
1592906323798727581,-100.0,45,2,206.488502528
1592906323999424866,-96.3601246476,45,2,206.689199616
1592906324200666687,-92.0435488224,45,2,206.890441472
1592906324399331648,-97.056850791,45,2,207.089106432
1592906324599286704,-93.6494097114,45,2,207.289061632
1592906324798577138,-100.0,45,2,207.488352
1592906324999628853,-100.0,45,2,207.689403648
1592906325199292713,-100.0,45,2,207.88906752
1592906325398699092,-100.0,45,2,208.088473856
1592906325606719007,-100.0,45,2,208.296493824
1592906325800716239,-100.0,45,2,208.490491136
1592906326000052135,-100.0,45,2,208.689827072
1592906326200021674,-94.4544002414,45,2,208.889796608
1592906326398111120,-100.0,45,2,209.08788608
1592906326600304272,-100.0,45,2,209.290079232
1592906326799426046,-100.0,45,2,209.489200896
1592906327000326120,-100.0,45,2,209.690100992
1592906327202299666,-100.0,45,2,209.892074496
1592906327400730078,-100.0,45,2,210.09050496
1592906327601283880,-100.0,45,2,210.291058688
1592906327799324293,-93.2580158114,45,2,210.489099264
1592906327998538003,-75.337447226,45,2,210.688312832
1592906328198679154,-80.3796723485,45,2,210.888453888
1592906328399283848,-93.1146293879,45,2,211.089058816
1592906328599684542,-92.7317589521,45,2,211.289459456
1592906328799720467,-92.0732095838,45,2,211.489495296
1592906328999391400,-79.3405994773,45,2,211.689166336
1592906329198571149,-72.6878046989,45,2,211.888346112
1592906329399719407,-48.886731267,45,2,212.089494272
1592906329598236168,-33.4257632494,45,2,212.288011008
1592906329800643879,-30.2503947169,45,2,212.490418688
1592906330000360216,-23.1241509318,45,2,212.69013504
1592906330199456368,-28.9989355952,45,2,212.889231104
1592906330400704875,-35.1074337959,45,2,213.090479616
1592906330600328821,-31.2253106385,45,2,213.290103552
1592906330798926785,-10.9265595675,45,2,213.488701696
1592906330998338343,0.00885664485395,45,2,213.688113152
1592906331199680054,23.2902243733,45,2,213.889454848
1592906331399200095,29.4844005257,45,2,214.088974848
1592906331599230796,43.2216227055,45,2,214.289005568
1592906331799822472,60.5592131615,45,2,214.48959744
1592906331998997154,59.0127333999,45,2,214.688772096
1592906332200762356,57.4922040105,45,2,214.890537216
1592906332399851766,59.6865937114,45,2,215.089626624
1592906332600961508,69.056764245,45,2,215.290736384
1592906332798979029,79.2001113296,45,2,215.48875392
1592906333000504425,92.9667726159,45,2,215.690279168
1592906333199827556,100.0,45,2,215.889602304
1592906333400835889,100.0,45,2,216.090610688
1592906333600545826,100.0,45,2,216.29032064
1592906333799690398,100.0,45,2,216.489465344
1592906333999590236,100.0,45,2,216.689364992
1592906334200751382,100.0,45,2,216.890526208
1592906334399512018,100.0,45,2,217.089286912
1592906334598515662,100.0,45,2,217.28829056
1592906334800002831,100.0,45,2,217.489777664
1592906334998939406,100.0,45,2,217.68871424
1592906335201382301,100.0,45,2,217.891157248
1592906335401604386,100.0,45,2,218.0913792
1592906335598863027,100.0,45,2,218.288637952
1592906335799356303,100.0,45,2,218.489131264
1592906336002509082,100.0,45,2,218.692283904
1592906336199369083,100.0,45,2,218.889143808
1592906336399801509,99.3970036507,45,2,219.089576448
1592906336598310261,77.8453946114,45,2,219.288084992
1592906336799350635,72.9083493352,45,2,219.489125376
1592906337005005639,65.6731128693,45,2,219.694780416
1592906337200799650,52.080437541,45,2,219.890574592
1592906337399254096,30.8591704816,45,2,220.089028864
1592906337600340418,18.6441913247,45,2,220.290115328
1592906337799630865,15.5347213149,45,2,220.489405696
1592906337998939623,-13.3675094694,45,2,220.688714496
1592906338200127703,-21.2868582457,45,2,220.889902592
1592906338400536420,-21.5874966234,45,2,221.090311168
1592906338599474435,-27.0962715149,45,2,221.28924928
1592906338799594539,-42.3924252391,45,2,221.489369344
1592906339000201936,-59.9843859673,45,2,221.689976832
1592906339200728908,-82.4089124799,45,2,221.89050368
1592906339399887813,-100.0,45,2,222.08966272
1592906339599381596,-100.0,45,2,222.289156352
1592906339807577380,-100.0,45,2,222.497352192
1592906340000345758,-100.0,45,2,222.690120704
1592906340201482791,-100.0,45,2,222.8912576
1592906340400136511,-100.0,45,2,223.089911296
1592906340600983709,-95.6374034286,45,2,223.290758656
1592906340799969123,-100.0,45,2,223.489743872
1592906340999553121,-100.0,45,2,223.689327872
1592906341199701825,-100.0,45,2,223.889476608
1592906341399871827,-100.0,45,2,224.089646592
1592906341599203210,-100.0,45,2,224.288978176
1592906341798805224,-87.949603796,45,2,224.488580096
1592906341999725541,-49.2280721664,45,2,224.689500416
1592906342199239746,-14.0189547092,45,2,224.889014528
1592906342399876681,-11.4595480263,45,2,225.089651456
1592906342599792372,-3.27674113214,45,2,225.289567232
1592906342799382489,6.49346597493,45,2,225.489157376
1592906342999332422,-4.01011202484,45,2,225.6891072
1592906343200206545,-2.04978324473,45,2,225.88998144
1592906343398847361,30.4312538356,45,2,226.088622336
1592906343600066332,84.2592939734,45,2,226.289841152
1592906343798993410,100.0,45,2,226.488768256
1592906343998922191,100.0,45,2,226.688697088
1592906344202703986,100.0,45,2,226.89247872
1592906344399481136,100.0,45,2,227.089255936
1592906344599757646,76.9523605704,45,2,227.289532416
1592906344799765314,71.0597112775,45,2,227.489540096
1592906345000263327,71.5071409941,45,2,227.690038272
1592906345198329560,60.8850866556,45,2,227.888104448
1592906345399415986,80.8403715491,45,2,228.089190912
1592906345599422414,100.0,45,2,228.289197312
1592906345799825499,100.0,45,2,228.489600256
1592906346000064451,93.1407809258,45,2,228.68983936
1592906346198729090,97.8589579463,45,2,228.888504064
1592906346400228436,78.8970664144,45,2,229.0900032
1592906346656974886,24.7838534415,45,2,229.346749696
1592906346800121306,18.7339279801,45,2,229.489896192
1592906346999297850,42.1569049358,45,2,229.68907264
1592906347199042457,42.5768345594,45,2,229.888817408
1592906347399267494,66.7346417904,45,2,230.089042432
1592906347599593891,69.8941349983,45,2,230.289368832
1592906347800031296,66.6826590896,45,2,230.48980608
1592906348000310230,67.2497227788,45,2,230.69008512
1592906348201457440,32.4005633593,45,2,230.891232256
1592906348399875038,13.7882977724,45,2,231.08964992
1592906348599384311,-34.7555875778,45,2,231.289159168
1592906348801952113,-86.6066738963,45,2,231.491726848
1592906348999309348,-71.2261348963,45,2,231.68908416
1592906349199863184,-39.2378345132,45,2,231.889638144
1592906349401471700,5.47833181918,45,2,232.091246592
1592906349600957146,35.8913093805,45,2,232.290732032
1592906349801098584,29.0042404085,45,2,232.490873344
1592906350001878866,9.57699865103,45,2,232.691653632
1592906350198925143,-20.2735532075,45,2,232.888699904
1592906350399908978,-70.8419755101,45,2,233.089683712
1592906350599671962,-100.0,45,2,233.289446912
1592906350799056788,-100.0,45,2,233.488831744
1592906351001958266,-89.7670015693,45,2,233.691732992
1592906351199527727,-49.0817204118,45,2,233.889302528
1592906351399928310,-12.6597881317,45,2,234.089703168
1592906351599348604,-15.7382935286,45,2,234.289123328
1592906351799334139,-30.1819387823,45,2,234.489108992
1592906352000296285,-30.0416108221,45,2,234.69007104
1592906352199281971,-87.6022428274,45,2,234.889056768
1592906352401935843,-100.0,45,2,235.09171072
1592906352600161117,-85.5255201459,45,2,235.289935872
1592906352800471094,-69.7758495808,45,2,235.490245888
1592906353001714765,4.27945842966,45,2,235.691489536
1592906353200205816,66.8885856867,45,2,235.889980672
1592906353400074651,53.3289089799,45,2,236.0898496
1592906353599381275,30.8315437287,45,2,236.289156096
1592906353799423101,-22.2781188786,45,2,236.489197824
1592906354000073134,-87.5133648515,45,2,236.689848064
1592906354201140614,-83.0702856183,45,2,236.890915584
1592906354399574389,-42.2656908631,45,2,237.08934912
1592906354601071490,33.3649665117,45,2,237.290846464
1592906354800801239,100.0,45,2,237.490576128
1592906355000586445,100.0,45,2,237.690361344
1592906355201891946,100.0,45,2,237.891666688
1592906355399396805,100.0,45,2,238.089171712
1592906355599545216,77.4112939835,45,2,238.289320192
1592906355799257065,25.523589924,45,2,238.489031936
1592906356001561006,49.149274826,45,2,238.691335936
1592906356198727030,79.2794376612,45,2,238.88850176
1592906356401162310,70.5501586199,45,2,239.090937088
1592906356601165196,100.0,45,2,239.29094016
1592906356800680798,100.0,45,2,239.490455552
1592906356999525503,100.0,45,2,239.689300224
1592906357200066398,100.0,45,2,239.889841152
1592906357399537939,100.0,45,2,240.089312768
1592906357599887609,50.7101789117,45,2,240.289662464
1592906357799016529,33.9337661862,45,2,240.488791296
1592906357999772075,40.4202789068,45,2,240.689547008
1592906358200427640,35.6107056141,45,2,240.890202368
1592906358398819080,79.9572020769,45,2,241.08859392
1592906358599390304,100.0,45,2,241.289165056
1592906358799658998,100.0,45,2,241.489433856
1592906359000632644,82.9441398382,45,2,241.690407424
1592906359201760738,66.5066540241,45,2,241.891535616
1592906359402622491,8.09161365032,45,2,242.092397312
1592906359599072443,-18.6608824879,45,2,242.28884736
1592906359801845957,-31.9357551634,45,2,242.491620864
1592906360002110708,-27.2455830127,45,2,242.691885568
1592906360199289169,12.2253382578,45,2,242.889063936
1592906360399879219,42.7059307694,45,2,243.089654016
1592906360599671110,62.1043071151,45,2,243.289445888
1592906360805461111,64.3810331821,45,2,243.49523584
1592906360999905981,19.6058806032,45,2,243.689680896
1592906361201673347,-29.9164541066,45,2,243.89144832
1592906361399800456,-86.4087939262,45,2,244.089575424
1592906361603097779,-100.0,45,2,244.292872704
1592906361799420041,-100.0,45,2,244.489195008
1592906362001323071,-63.399605453,45,2,244.691097856
1592906362200812319,-29.5871142298,45,2,244.890587136
1592906362400560195,16.4780542254,45,2,245.090334976
1592906362600342065,41.1364063621,45,2,245.290116864
1592906362799355729,23.1225844473,45,2,245.489130496
1592906363000300134,-32.9406820238,45,2,245.69007488
1592906363200119646,-98.4665974975,45,2,245.8898944
1592906363400592105,-100.0,45,2,246.090366976
1592906363600906057,-100.0,45,2,246.290680832
1592906363799796947,-91.2755802274,45,2,246.48957184
1592906363999648914,-46.5733036399,45,2,246.689423872
1592906364290250584,-32.4779748917,45,2,246.980025344
1592906364431961113,-21.5153284371,45,2,247.121735936
1592906364598956854,-31.1808511615,45,2,247.288731648
1592906364911543440,-72.7864280343,45,2,247.6013184
1592906365063162988,-100.0,45,2,247.752937728
1592906365200204248,-100.0,45,2,247.889979136
1592906365518227283,-100.0,45,2,248.208002048
1592906365662562321,-100.0,45,2,248.352337152
1592906365825924175,-73.0731785297,45,2,248.515698944
1592906365999566438,-19.530640915,45,2,248.689341184
1592906366199588819,-1.4829338761,45,2,248.889363712
1592906366401385687,-29.8662446439,45,2,249.091160576
1592906366599935873,-51.6605973244,45,2,249.289710848
1592906366801105079,-100.0,45,2,249.49088
1592906366999947236,-100.0,45,2,249.689722112
1592906367199570521,-100.0,45,2,249.88934528
1592906367401180435,-100.0,45,2,250.090955264
1592906367599628339,-35.3675708175,45,2,250.289403136
1592906367799814110,27.8949756175,45,2,250.489588992
1592906368001117719,30.4836053401,45,2,250.690892544
1592906368200262984,26.6868658364,45,2,250.89003776
1592906368400728101,11.1196497455,45,2,251.090502912
1592906368599313189,-46.8286424875,45,2,251.289088
1592906368800789559,-63.279800117,45,2,251.490564352
1592906369000594907,-49.0791201591,45,2,251.690369792
1592906369201714212,-30.4371584207,45,2,251.891489024
1592906369401963043,22.1908148378,45,2,252.091737856
1592906369601074598,79.9573734403,45,2,252.290849536
1592906369802146850,91.5026143193,45,2,252.491921664
1592906370003464028,80.2510157228,45,2,252.693238784
1592906370200072149,46.6455742717,45,2,252.88984704
1592906370400980543,4.86628850922,45,2,253.090755328
1592906370600998014,-10.1381223649,45,2,253.290772736
1592906370801312197,7.16906972229,45,2,253.491087104
1592906371000842786,40.3782874346,45,2,253.6906176
1592906371200215313,98.4417051077,45,2,253.889990144
1592906371399783378,100.0,45,2,254.089558272
1592906371601060692,100.0,45,2,254.290835456
1592906371800357833,100.0,45,2,254.490132736
1592906372000484346,76.0437101126,45,2,254.6902592
1592906372200642713,45.8682924509,45,2,254.890417664
1592906372399609122,27.7927294374,45,2,255.089383936
1592906372599914560,20.7547675818,45,2,255.289689344
1592906372800524872,36.3636985421,45,2,255.490299648
1592906373001159872,70.8730369806,45,2,255.690934784
1592906373200753678,100.0,45,2,255.890528512
1592906373400794656,100.0,45,2,256.090569472
1592906373602077666,98.5554978251,45,2,256.291852544
1592906373799907449,77.2443935275,45,2,256.489682176
1592906374003972434,28.0572399497,45,2,256.6937472
1592906374200510442,-33.604491502,45,2,256.890285312
1592906374403151376,-58.733433485,45,2,257.092926208
1592906374599871632,-50.6817176938,45,2,257.289646592
1592906374800715343,14.2696015537,45,2,257.490490112
1592906375000150682,51.7750829458,45,2,257.689925632
1592906375200105451,72.5384429097,45,2,257.88988032
1592906375399292628,78.7520259619,45,2,258.08906752
1592906375600717391,34.0491458774,45,2,258.29049216
1592906375800597112,-21.2445277721,45,2,258.49037184
1592906376001987611,-54.5301139355,45,2,258.691762432
1592906376201232387,-100.0,45,2,258.891007232
1592906376400766433,-99.07399863,45,2,259.090541312
1592906376600447735,-42.3328354955,45,2,259.290222592
1592906376799222583,-16.280464828,45,2,259.488997376
1592906377000198498,17.7929401398,45,2,259.689973248
1592906377199507052,19.9627820402,45,2,259.889281792
1592906377401651927,-13.6246364564,45,2,260.091426816
1592906377603947802,-54.5164868236,45,2,260.293722624
1592906377800189634,-100.0,45,2,260.489964544
1592906378000804492,-100.0,45,2,260.690579456
1592906378200796236,-100.0,45,2,260.890571008
1592906378401961643,-100.0,45,2,261.091736576
1592906378601964698,-59.5613345504,45,2,261.291739648
1592906378800882482,-35.9157696366,45,2,261.49065728
1592906379000225781,-45.8128750324,45,2,261.69000064
1592906379199974107,-78.1185030937,45,2,261.889748992
1592906379403995692,-100.0,45,2,262.093770496
1592906379599985713,-100.0,45,2,262.289760512
1592906379800005536,-100.0,45,2,262.48978048
1592906380001994118,-100.0,45,2,262.691769088
1592906380200720449,-100.0,45,2,262.890495232
1592906380401605924,-100.0,45,2,263.091380736
1592906380599538476,-66.3413926959,45,2,263.28931328
1592906380800951166,-36.3516509533,45,2,263.490725888
1592906381001857000,-82.0260792971,45,2,263.691631872
1592906381201005470,-100.0,45,2,263.890780416
1592906381401513004,-100.0,45,2,264.091287808
1592906381599936403,-100.0,45,2,264.28971136
1592906381800427445,-96.1424708366,45,2,264.490202368
1592906382000509250,-25.1722447574,45,2,264.690284032
1592906382201119438,35.398632288,45,2,264.890894336
1592906382400523928,75.2823576331,45,2,265.09029888
1592906382600979299,93.0362194777,45,2,265.290754048
1592906382801511464,69.8113963008,45,2,265.491286272
1592906383000374732,26.61793679,45,2,265.690149632
1592906383200310975,6.75816833973,45,2,265.890085888
1592906383399954382,-1.6548181884,45,2,266.08972928
1592906383599989540,-2.9051839374,45,2,266.289764352
1592906383799904051,42.3785150051,45,2,266.489678848
1592906384000256738,100.0,45,2,266.690031616
1592906384201378202,100.0,45,2,266.891153152
1592906384400783484,100.0,45,2,267.090558208
1592906384600556654,100.0,45,2,267.290331392
1592906384800309835,100.0,45,2,267.490084608
1592906385000049929,67.5597041845,45,2,267.689824768
1592906385200468351,59.7077012062,45,2,267.890243072
1592906385399624075,30.169820413,45,2,268.08939904
1592906385599873693,51.9827976823,45,2,268.28964864
1592906385800181552,100.0,45,2,268.489956352
1592906386000318319,100.0,45,2,268.690093056
1592906386202064252,100.0,45,2,268.891838976
1592906386401472678,100.0,45,2,269.091247616
1592906386600298947,99.0227907896,45,2,269.290073856
1592906386801739487,43.420098722,45,2,269.491514368
1592906386999905694,-11.1794145778,45,2,269.68968064
1592906387202929073,-14.0246944502,45,2,269.892704
1592906387399633190,5.03192283213,45,2,270.089408
1592906387599366505,49.8368740082,45,2,270.289141248
1592906387801533615,85.741519928,45,2,270.491308544
1592906387999840955,100.0,45,2,270.689615872
1592906388199753587,99.2256328464,45,2,270.88952832
1592906388400036585,46.8656942248,45,2,271.089811456
1592906388600075023,-2.57126102224,45,2,271.289849856
1592906388801516671,-57.5375333428,45,2,271.491291392
1592906389000284411,-100.0,45,2,271.690059264
1592906389200329696,-100.0,45,2,271.890104576
1592906389400702483,-67.0941546559,45,2,272.090477312
1592906389602788039,-4.53669484705,45,2,272.292562944
1592906389800531284,16.9553942978,45,2,272.490306048
1592906390001056064,36.8314608932,45,2,272.690830848
1592906390204453919,17.8282428533,45,2,272.894228736
1592906390402191993,-43.5983613133,45,2,273.09196672
1592906390601924670,-100.0,45,2,273.291699456
1592906390802700832,-100.0,45,2,273.492475648
1592906391001329209,-100.0,45,2,273.691104
1592906391214429476,-100.0,45,2,273.904204288
1592906391401713529,-100.0,45,2,274.091488256
1592906391601116547,-63.1334111094,45,2,274.29089152
1592906391801175324,-47.9955822229,45,2,274.490950144
1592906392001434179,-59.6604198217,45,2,274.69120896
1592906392200857399,-99.8432189226,45,2,274.890632192
1592906392400338238,-100.0,45,2,275.090113024
1592906392599671673,-100.0,45,2,275.2894464
1592906392800090227,-100.0,45,2,275.48986496
1592906393001418373,-100.0,45,2,275.691193344
1592906393201001422,-100.0,45,2,275.89077632
1592906393402159225,-96.9453528523,45,2,276.091933952
1592906393600749226,-77.398121357,45,2,276.29052416
1592906393800877405,-87.281614542,45,2,276.49065216
1592906394002002796,-100.0,45,2,276.691777536
1592906394200925078,-100.0,45,2,276.890700032
1592906394400672190,-100.0,45,2,277.090447104
1592906394599906153,-100.0,45,2,277.289680896
1592906394799542882,-100.0,45,2,277.489317632
1592906394999958092,-100.0,45,2,277.689732864
1592906395201652514,-56.7325130105,45,2,277.891427328
1592906395411771355,-29.9629736692,45,2,278.10154624
1592906395601292033,-27.5660008192,45,2,278.29106688
1592906395800319759,-24.3631117046,45,2,278.490094592
1592906396000181046,-68.1376606226,45,2,278.68995584
1592906396199733294,-92.4855321646,45,2,278.889508096
1592906396628357794,-82.1047052741,45,2,279.318132736
1592906396628376654,-0.0830139033496,45,2,279.318151424
1592906396801067219,69.456756115,45,2,279.490842112
1592906397000952545,100.0,45,2,279.690727424
1592906397202115121,100.0,45,2,279.89188992
1592906397402612574,100.0,45,2,280.092387328
1592906397600029514,100.0,45,2,280.289804288
1592906397802800738,100.0,45,2,280.492575488
1592906398001129999,100.0,45,2,280.690904832
1592906398200585470,100.0,45,2,280.89036032
1592906398400417523,100.0,45,2,281.090192384
1592906398600963701,100.0,45,2,281.290738432
1592906398800644228,100.0,45,2,281.4904192
1592906399003636301,100.0,45,2,281.693411072
1592906399201840350,100.0,45,2,281.891615232
1592906399400566077,100.0,45,2,282.090340864
1592906399600373915,100.0,45,2,282.290148864
1592906399801472826,100.0,45,2,282.491247616
1592906400003072436,100.0,45,2,282.69284736
1592906400200405618,100.0,45,2,282.890180352
1592906400400281990,100.0,45,2,283.09005696
1592906400600873350,100.0,45,2,283.29064832
1592906400800515223,100.0,45,2,283.490290176
1592906401000112178,100.0,45,2,283.689886976
1592906401200760095,100.0,45,2,283.890534912
1592906401407429815,100.0,45,2,284.097204736
1592906401600739656,100.0,45,2,284.290514432
1592906401800874759,100.0,45,2,284.4906496
1592906402001912895,100.0,45,2,284.69168768
1592906402200654083,100.0,45,2,284.890428928
1592906402401513305,100.0,45,2,285.091288064
1592906402602143957,100.0,45,2,285.291918848
1592906402800258001,100.0,45,2,285.490032896
1592906403001255080,100.0,45,2,285.691030016
1592906403202993749,100.0,45,2,285.892768512
1592906403401787196,100.0,45,2,286.091561984
1592906403600887060,100.0,45,2,286.290661888
1592906403799919518,100.0,45,2,286.489694464
1592906404001073143,100.0,45,2,286.690848
1592906404202430510,100.0,45,2,286.892205312
1592906404401004758,100.0,45,2,287.090779648
1592906404600209025,100.0,45,2,287.289984
1592906404800558891,100.0,45,2,287.490333696
1592906405000385478,100.0,45,2,287.690160384
1592906405202693469,100.0,45,2,287.892468224
1592906405402051828,100.0,45,2,288.091826688
1592906405601067664,100.0,45,2,288.290842624
1592906405803104977,100.0,45,2,288.492879872
1592906406000095915,100.0,45,2,288.689870848
1592906406200158726,100.0,45,2,288.889933568
1592906406403499874,100.0,45,2,289.093274624
1592906406602138388,100.0,45,2,289.291913216
1592906406800361498,100.0,45,2,289.49013632
1592906407002000161,100.0,45,2,289.691774976
1592906407202084245,100.0,45,2,289.8918592
1592906407402473630,100.0,45,2,290.092248576
1592906407603516750,100.0,45,2,290.29329152
1592906407811881445,100.0,45,2,290.50165632
1592906408001705857,100.0,45,2,290.691480832
1592906408201195786,100.0,45,2,290.890970624
1592906408402218107,100.0,45,2,291.091992832
1592906408600894836,100.0,45,2,291.290669568
1592906408800028382,100.0,45,2,291.489803264
1592906409001436269,100.0,45,2,291.691211008
1592906409200263936,100.0,45,2,291.890038784
1592906409400607505,96.5046584606,45,2,292.090382336
1592906409600691537,51.5951216221,45,2,292.290466304
1592906409800698169,5.67579828203,45,2,292.49047296
1592906410000146120,-32.0974253118,45,2,292.689921024
1592906410200688472,-69.4651603699,45,2,292.890463232
1592906410401861975,-100.0,45,2,293.091636736
1592906410600689371,-100.0,45,2,293.290464256
1592906410802885732,-100.0,45,2,293.49266048
1592906411001127971,-100.0,45,2,293.690902784
1592906411201002165,-100.0,45,2,293.890777088
1592906411400996646,-100.0,45,2,294.090771456
1592906411601078810,-100.0,45,2,294.290853632
1592906411801610856,-100.0,45,2,294.4913856
1592906412003168282,-100.0,45,2,294.692943104
1592906412203085188,-100.0,45,2,294.89286016
1592906412400576552,-100.0,45,2,295.09035136
1592906412599892715,-100.0,45,2,295.289667584
1592906412803093185,-100.0,45,2,295.492868096
1592906413000227233,-100.0,45,2,295.690002176
1592906413201736351,-100.0,45,2,295.891511296
1592906413402332735,-100.0,45,2,296.09210752
1592906413601329107,-100.0,45,2,296.291104
1592906413801560050,-100.0,45,2,296.491334912
1592906414000564335,-100.0,45,2,296.690339072
1592906414201067136,-100.0,45,2,296.890841856
1592906414402658181,-100.0,45,2,297.092433152
1592906414602003018,-100.0,45,2,297.291777792
1592906414801423366,-100.0,45,2,297.491198208
1592906415000964894,-100.0,45,2,297.690739712
1592906415202208366,-100.0,45,2,297.891983104
1592906415400262139,-100.0,45,2,298.090036992
1592906415601773196,-100.0,45,2,298.29154816
1592906415800961923,-100.0,45,2,298.490736896
1592906416000051103,-100.0,45,2,298.689826048
1592906416202747109,-90.1681855321,45,2,298.892521984
1592906416400137037,-69.3108588457,45,2,299.089911808
1592906416601675688,-46.6722548008,45,2,299.291450624
1592906416801296378,-27.8982091695,45,2,299.491071232
1592906417002379029,-34.4005003572,45,2,299.692153856
1592906417202104504,-31.8848565221,45,2,299.891879424
1592906417405179616,-28.5563040525,45,2,300.094954496
1592906417600461015,-24.6941652149,45,2,300.290235904
1592906417801279013,-16.0315297544,45,2,300.491053824
1592906418001545787,-6.15463173017,45,2,300.691320576
1592906418202508655,-3.88298532926,45,2,300.892283392
1592906418401029836,-2.32353038155,45,2,301.090804736
1592906418601944630,8.17825645208,45,2,301.291719424
1592906418801579070,15.0649696589,45,2,301.491353856
1592906419000713667,12.8382798284,45,2,301.690488576
1592906419201478102,3.97066958249,45,2,301.891252992
1592906419526694535,-3.62798944116,45,2,302.216469504
1592906419601770614,-0.905299792066,45,2,302.291545344
1592906419800067362,-8.00203531981,45,2,302.489842176
1592906420000590187,-1.47691485472,45,2,302.690364928
1592906420201044792,-0.720307696611,45,2,302.890819584
1592906420401545146,-1.41679064836,45,2,303.091320064
1592906420602643149,-8.16577393562,45,2,303.292418048
1592906420801724155,-15.2127631009,45,2,303.491499008
1592906421002466370,-28.0936695635,45,2,303.692241152
1592906421201663651,-40.4600128531,45,2,303.891438592
1592906421401468971,-44.1097319126,45,2,304.091243776
1592906421600873561,-51.0290339589,45,2,304.29064832
1592906421801429728,-53.3910989761,45,2,304.491204608
1592906422000762419,-49.6610999107,45,2,304.690537216
1592906422201265530,-42.5004586577,45,2,304.891040256
1592906422401893565,-34.552231431,45,2,305.09166848
1592906422602160001,-25.9890686721,45,2,305.291934976
1592906422801461632,-23.2909116894,45,2,305.491236608
1592906423000960810,-22.911246866,45,2,305.690735616
1592906423200183465,-21.379545331,45,2,305.8899584
1592906423400982199,-20.661490038,45,2,306.09075712
1592906423600305228,-16.8091543019,45,2,306.29008
1592906423802487732,-22.7088443935,45,2,306.492262656
1592906424001482452,-19.5671580732,45,2,306.691257344
1592906424201085415,-21.1863499135,45,2,306.890860288
1592906424402778443,-17.9421678185,45,2,307.092553216
1592906424600744939,-19.4215476513,45,2,307.290519808
1592906424802276796,-20.4372219741,45,2,307.492051712
1592906425001246624,-16.3210406899,45,2,307.691021568
1592906425202474819,-8.4435408935,45,2,307.8922496
1592906425401652149,-1.85314659029,45,2,308.091427072
1592906425603459337,-2.27664224803,45,2,308.293234176
1592906425801727392,-0.548472860828,45,2,308.491502336
1592906426001251708,-3.83462035097,45,2,308.691026432
1592906426201665782,1.99710717425,45,2,308.89144064
1592906426401210788,-0.044816872105,45,2,309.090985728
1592906426601793289,-13.0235496908,45,2,309.291568128
1592906426802072385,-29.3009206653,45,2,309.491847168
1592906427001986577,-31.2578082085,45,2,309.691761408
1592906427201627743,-41.4678007364,45,2,309.891402496
1592906427402672004,-36.8516743183,45,2,310.092446976
1592906427601508595,-35.1484194398,45,2,310.291283456
1592906427800555243,-26.8274080008,45,2,310.490330112
1592906428002284960,-25.2664536238,45,2,310.692059904
1592906428409823685,-27.730492875,45,2,311.099598592
1592906428409981557,-33.2863405347,45,2,311.099756288
1592906428600735770,-39.3138229847,45,2,311.290510592
1592906428802022512,-38.077943027,45,2,311.491797248
1592906429000550516,-38.5662913322,45,2,311.690325248
1592906429201735607,-41.1475151777,45,2,311.891510528
1592906429401155166,-44.7253584862,45,2,312.09092992
1592906429601500928,-46.9065010548,45,2,312.291275776
1592906429802953649,-59.3389570713,45,2,312.492728576
1592906430002601640,-68.1122168899,45,2,312.692376576
1592906430200622417,-44.2475453019,45,2,312.890397184
1592906430401230553,-37.1412709355,45,2,313.09100544
1592906430601738994,-47.7103367448,45,2,313.291513856
1592906430800939612,-48.1399521232,45,2,313.490714368
1592906431001695782,-55.8691397309,45,2,313.691470592
1592906431202334262,-52.3041263223,45,2,313.892109056
1592906431401039617,-42.5063967705,45,2,314.090814464
1592906431601765430,-38.9065146446,45,2,314.291540224
1592906431801076722,-43.0796891451,45,2,314.490851584
1592906432001062550,-29.3077342212,45,2,314.690837504
1592906432200727442,-21.5799361467,45,2,314.8905024
1592906432402614311,-24.2567285895,45,2,315.09238912
1592906432600776789,-30.4531976581,45,2,315.290551552
1592906432801928543,-35.0353047252,45,2,315.491703296
1592906433002439345,-34.7170084715,45,2,315.692214272
1592906433202319995,-35.0047498941,45,2,315.89209472
1592906433401866823,-9.85493883491,45,2,316.0916416
1592906433601155581,-0.660121208057,45,2,316.290930432
1592906433802710939,11.8737677112,45,2,316.492485888
1592906434002718985,21.3974509388,45,2,316.692493824
1592906434201074024,15.7979559153,45,2,316.890848768
1592906434400975632,2.05830484629,45,2,317.090750464
1592906434601597912,7.32407346368,45,2,317.2913728
1592906434801643897,15.9260705113,45,2,317.491418624
1592906435001634275,29.4613223523,45,2,317.691409152
1592906435201742122,11.6778053343,45,2,317.891516928
1592906435401572737,15.0670781732,45,2,318.091347712
1592906435601052996,18.4623915702,45,2,318.290827776
1592906435803415463,14.728974551,45,2,318.4931904
1592906436002422852,11.0091567039,45,2,318.692197632
1592906436202069087,-8.12325999141,45,2,318.89184384
1592906436402284335,2.23975256085,45,2,319.092059136
1592906436601990949,15.4493805021,45,2,319.29176576
1592906436801420657,22.1557524055,45,2,319.491195392
1592906437002426968,31.9846495986,45,2,319.692201728
1592906437203110566,56.1495274305,45,2,319.892885504
1592906437401893876,34.9211320281,45,2,320.091668736
1592906437602033788,6.56640157104,45,2,320.291808512
1592906437801457310,1.78622780368,45,2,320.491232256
1592906438001273874,-8.41070991009,45,2,320.691048704
1592906438204242049,-17.4435377121,45,2,320.894017024
1592906438403760487,2.09014024585,45,2,321.093535232
1592906438602692725,3.04618058726,45,2,321.292467456
1592906438801091012,10.1574184373,45,2,321.49086592
1592906439000994385,-3.84198641405,45,2,321.690769152
1592906439201209716,2.63325870037,45,2,321.890984448
1592906439400963090,41.8425276875,45,2,322.09073792
1592906439601404459,31.5056070685,45,2,322.291179264
1592906439802300206,24.8023997992,45,2,322.492075008
1592906440001432140,21.1688652635,45,2,322.691206912
1592906440201715212,4.36190934852,45,2,322.891490048
1592906440401625951,-8.02370347083,45,2,323.091400704
1592906440601877441,-11.8903387338,45,2,323.291652352
1592906440802187778,-33.5660874844,45,2,323.491962624
1592906441003324155,-6.05272594839,45,2,323.693099008
1592906441201427836,4.70579322428,45,2,323.89120256
1592906441402743739,-7.0723388344,45,2,324.092518656
1592906441601430324,-2.19157570973,45,2,324.29120512
1592906441803735153,4.53964062035,45,2,324.493509888
1592906442001842970,23.8661523908,45,2,324.691617792
1592906442202750445,13.7522108853,45,2,324.892525312
1592906442400891354,7.71805178374,45,2,325.09066624
1592906442602956377,15.7970767468,45,2,325.292731136
1592906442800886359,-9.3062594533,45,2,325.49066112
1592906443002333973,-13.6577477679,45,2,325.6921088
1592906443203042687,-17.0698314905,45,2,325.892817408
1592906443401745974,-13.6451413855,45,2,326.091520768
1592906443601248357,-9.28179360926,45,2,326.291023104
1592906443801757171,-10.5191916227,45,2,326.491532032
1592906444002131480,-9.84685402364,45,2,326.691906304
1592906444203596363,-12.9512939602,45,2,326.893371136
1592906444402682857,-11.7788910866,45,2,327.092457728
1592906444602039853,-12.601679191,45,2,327.291814656
1592906444803258828,-23.0428669602,45,2,327.493033728
1592906445003000163,-32.1816541255,45,2,327.692774912
1592906445201686426,-25.4254713655,45,2,327.891461376
1592906445402606302,-34.2921316624,45,2,328.092381184
1592906445600662126,-37.6463234425,45,2,328.290436864
1592906445802552758,-40.4751077294,45,2,328.49232768
1592906446002627726,-34.0677760541,45,2,328.692402688
1592906446201288625,-41.8297722936,45,2,328.891063552
1592906446400993379,-52.0553588867,45,2,329.090768128
1592906446603852636,-56.0991242528,45,2,329.293627392
1592906446801282043,-42.550034821,45,2,329.491056896
1592906447002041938,-45.5923452973,45,2,329.691816704
1592906447201706134,-26.4594852924,45,2,329.891481088
1592906447400789756,-28.6788847297,45,2,330.090564608
1592906447601498702,-46.3196113706,45,2,330.291273472
1592906447802621336,-61.4110454917,45,2,330.492396288
1592906448000659840,-73.563799262,45,2,330.690434816
1592906448201532639,-65.2587041259,45,2,330.89130752
1592906448402143895,-67.8336620331,45,2,331.091918848
1592906448602744864,-65.5476003885,45,2,331.29251968
1592906448801073840,-50.8702918887,45,2,331.490848768
1592906449001459237,-55.8190196753,45,2,331.691234048
1592906449201481176,-57.7862858772,45,2,331.891256064
1592906449401324560,-44.2843139172,45,2,332.091099392
1592906449601474691,-66.6530653834,45,2,332.291249664
1592906449801844449,-82.2141990066,45,2,332.491619328
1592906450003073032,-72.3859220743,45,2,332.692847872
1592906450201883960,-62.6609027386,45,2,332.891658752
1592906450401132016,-47.5415065885,45,2,333.09090688
1592906450600119630,-41.9046729803,45,2,333.2898944
1592906450801891185,-41.8985188007,45,2,333.49166592
1592906451002956202,-41.3589626551,45,2,333.692731136
1592906451204654404,-48.2896193862,45,2,333.894429184
1592906451402927161,-61.3210424781,45,2,334.092701952
1592906451600700245,-76.6975879669,45,2,334.290475008
1592906451802841045,-59.8747655749,45,2,334.492615936
1592906452002060334,-60.775436461,45,2,334.691835136
1592906452201791789,-54.9960657954,45,2,334.891566592
1592906452402668907,-17.9369244725,45,2,335.092443648
1592906452602557680,-18.5681320727,45,2,335.292332544
1592906452801260345,-22.2904775292,45,2,335.491035136
1592906453000564631,-20.0298186392,45,2,335.690339584
1592906453201816497,-22.2780071199,45,2,335.891591424
1592906453404428961,-32.5014740229,45,2,336.094203904
1592906453601573365,-56.6643774509,45,2,336.291348224
1592906453802952828,-59.0625330806,45,2,336.492727552
1592906454002698221,-41.5106341243,45,2,336.692473088
1592906454200641989,-33.6914137006,45,2,336.890416896
1592906454401615800,-13.4226996452,45,2,337.09139072
1592906454600848724,-6.69873040169,45,2,337.290623488
1592906454801538522,-10.0934859365,45,2,337.491313408
1592906455002275490,-37.5042632222,45,2,337.692050432
1592906455202308816,-55.1066249609,45,2,337.892083712
1592906455403057302,-62.966696918,45,2,338.092832256
1592906455601401853,-59.5451593399,45,2,338.291176704
1592906455803097864,-36.9752794504,45,2,338.492872704
1592906456003394385,-44.1758930683,45,2,338.693169152
1592906456201781707,-31.8915583193,45,2,338.891556608
1592906456401689285,-16.7156942189,45,2,339.091464192
1592906456601575271,-23.2542548329,45,2,339.291350016
1592906456800938582,-27.9671289027,45,2,339.490713344
1592906457002406215,-39.9047955871,45,2,339.692180992
1592906457202164981,-66.6415542364,45,2,339.89193984
1592906457402723560,-84.6609547734,45,2,340.092498432
1592906457600883059,-96.3904485106,45,2,340.290657792
1592906457802613743,-69.8054283857,45,2,340.492388608
1592906458001186741,-39.4524559379,45,2,340.690961664
1592906458201307100,-33.1140384078,45,2,340.891081984
1592906458402020215,-24.4969967753,45,2,341.091794944
1592906458602964494,-23.2667811215,45,2,341.292739328
1592906458801455422,-60.8968511224,45,2,341.491230208
1592906459001633666,-98.3983278275,45,2,341.69140864
1592906459202251895,-100.0,45,2,341.892026624
1592906459401581069,-78.8570418954,45,2,342.091355904
1592906459603306509,-49.0228757262,45,2,342.293081344
1592906459801034520,-19.9505481869,45,2,342.490809344
1592906460002816645,5.81483915448,45,2,342.692591616
1592906460201263010,9.72791388631,45,2,342.891037952
1592906460401487444,-41.1541163921,45,2,343.091262208
1592906460602972928,-67.3237517476,45,2,343.292747776
1592906460801177459,-80.7515755296,45,2,343.490952192
1592906461003311409,-98.6029207706,45,2,343.693086208
1592906461203234773,-85.1959437132,45,2,343.893009664
1592906461401536013,-42.21252352,45,2,344.091310848
1592906461602083955,10.4832602665,45,2,344.291858688
1592906461802575056,25.2361632884,45,2,344.492349952
1592906462002391813,27.6378914714,45,2,344.692166656
1592906462201597939,6.94088730961,45,2,344.8913728
1592906462401184809,-27.0296782255,45,2,345.090959616
1592906462600977544,-56.6518381238,45,2,345.290752512
1592906462800946263,-76.4370858669,45,2,345.490721024
1592906463001254121,-70.1977238059,45,2,345.691028992
1592906463202146352,-44.8365882039,45,2,345.891921152
1592906463402024963,-21.4288793504,45,2,346.091799808
1592906463602072281,-13.5437613353,45,2,346.291847168
1592906463801900314,-18.1310214102,45,2,346.491675136
1592906464004620889,-36.574408412,45,2,346.694395648
1592906464201742334,-56.8774342537,45,2,346.891517184
1592906464401080561,-85.9207883477,45,2,347.090855424
1592906464601382796,-93.0368155241,45,2,347.29115776
1592906464801658983,-91.333322227,45,2,347.491433728
1592906465004044985,-77.3148313165,45,2,347.693819904
1592906465201310700,-23.5903784633,45,2,347.891085568
1592906465402399216,-5.51938312128,45,2,348.09217408
1592906465603019171,2.55017075688,45,2,348.292794112
1592906465803293083,3.0306763947,45,2,348.493068032
1592906466001661512,-42.125724256,45,2,348.691436288
1592906466201388867,-100.0,45,2,348.891163648
1592906466402343665,-100.0,45,2,349.092118528
1592906466601019138,-100.0,45,2,349.290793984
1592906466803888950,-100.0,45,2,349.493663744
1592906467002151470,-68.4152916074,45,2,349.691926272
1592906467201131668,-47.232709825,45,2,349.890906624
1592906467401195633,-35.5233922601,45,2,350.090970368
1592906467601978678,-28.7636071444,45,2,350.291753472
1592906467801392941,-46.5754196048,45,2,350.491167744
1592906468002445018,-66.7820423841,45,2,350.692219904
1592906468203779509,-64.9111121893,45,2,350.893554432
1592906468402606289,-93.0624380708,45,2,351.092381184
1592906468601668051,-94.5338755846,45,2,351.291442944
1592906468802409142,-60.7819631696,45,2,351.492184064
1592906469002179924,-26.3911467046,45,2,351.691954688
1592906469201722557,-5.11679379269,45,2,351.891497472
1592906469402106285,6.00489322096,45,2,352.091881216
1592906469601037718,-26.4965686947,45,2,352.290812672
1592906469802348871,-67.4795731902,45,2,352.492123648
1592906470001551346,-83.9636400342,45,2,352.691326208
1592906470201690342,-85.4668021202,45,2,352.891465216
1592906470404086110,-81.5268084407,45,2,353.093860864
1592906470601005517,-38.1940305233,45,2,353.290780416
1592906470801979975,7.47861526906,45,2,353.491754752
1592906471002025430,19.9778843671,45,2,353.69180032
1592906471201189314,24.4995411485,45,2,353.890964224
1592906471402472119,13.3327189833,45,2,354.09224704
1592906471602124287,-31.4687862992,45,2,354.291899136
1592906471801282826,-68.599589169,45,2,354.491057664
1592906472002367472,-89.8573622108,45,2,354.692142336
1592906472203996318,-100.0,45,2,354.893771264
1592906472403737000,-68.005785346,45,2,355.093511936
1592906472606012156,-14.5684843883,45,2,355.295787008
1592906472802060024,-2.90842168033,45,2,355.49183488
1592906473001453635,-3.73943801969,45,2,355.691228416
1592906473202371681,-14.6337104961,45,2,355.892146432
1592906473401843165,-38.2378399372,45,2,356.091618048
1592906473603399938,-54.4599592686,45,2,356.293174784
1592906473802111966,-72.6426690817,45,2,356.491886848
1592906474002763730,-69.6123987436,45,2,356.692538624
1592906474202567184,-49.1349026561,45,2,356.892342016
1592906474403157796,-29.9875549972,45,2,357.092932608
1592906474602161624,-13.5560650378,45,2,357.291936512
1592906474802639781,-18.6453554779,45,2,357.49241472
1592906475001751382,-31.0840718448,45,2,357.691526144
1592906475203001335,-55.0607964396,45,2,357.892776192
1592906475403215670,-86.6775140166,45,2,358.092990464
1592906475602426568,-100.0,45,2,358.292201472
1592906475802639964,-99.4280651212,45,2,358.49241472
1592906476001758875,-55.4635226727,45,2,358.691533824
1592906476201568198,-0.740790506825,45,2,358.891343104
1592906476401324060,31.2468614429,45,2,359.09109888
1592906476602032250,43.5396805406,45,2,359.291806976
1592906476801611423,30.2412565798,45,2,359.491386368
1592906477003505789,-16.7975462973,45,2,359.693280512
1592906477209662585,-64.4308924675,45,2,359.899437312
1592906477402371378,-98.2107743621,45,2,360.092146176
1592906477601605815,-75.8221894503,45,2,360.291380736
1592906477802572967,-50.125874579,45,2,360.492347904
1592906478002053935,-6.25363737345,45,2,360.691828736
1592906478201298402,21.8334570527,45,2,360.89107328
1592906478401172401,45.5206409097,45,2,361.090947328
1592906478601542740,53.7918433547,45,2,361.291317504
1592906478801542201,25.9022247046,45,2,361.491316992
1592906479002014216,-22.5175507367,45,2,361.691789056
1592906479202374721,-38.4443327785,45,2,361.892149504
1592906479400984823,-57.4170872569,45,2,362.09075968
1592906479602114027,-30.7083483785,45,2,362.291888896
1592906479803730493,-4.19345032424,45,2,362.49350528
1592906480003163459,24.3833940476,45,2,362.69293824
1592906480202383593,46.6644018888,45,2,362.892158464
1592906480403316609,53.727991879,45,2,363.093091584
1592906480601979602,40.278069675,45,2,363.291754496
1592906480801577240,8.61828308553,45,2,363.491352064
1592906481003654702,-33.6956866086,45,2,363.693429504
1592906481201769575,-51.515519619,45,2,363.89154432
1592906481402936815,-46.7514097691,45,2,364.09271168
1592906481602192322,-21.872125566,45,2,364.291967232
1592906481803712202,15.2475442737,45,2,364.493487104
1592906482002137560,56.7300766706,45,2,364.691912448
1592906482214795243,68.0991113186,45,2,364.904570112
1592906482402076361,32.9383164644,45,2,365.091851264
1592906482602708356,-19.2345529795,45,2,365.292483328
1592906482802150657,-53.694486618,45,2,365.491925504
1592906483003684165,-80.6063711643,45,2,365.693458944
1592906483201828030,-88.6991024017,45,2,365.891602944
1592906483401716718,-49.7477501631,45,2,366.091491584
1592906483604210022,-4.69336053357,45,2,366.293984768
1592906483802650849,38.604721427,45,2,366.492425728
1592906484002947466,51.5422746539,45,2,366.692722432
1592906484303129609,28.4940917045,45,2,366.992904448
1592906484437532327,-23.4372783452,45,2,367.127307264
1592906484607365172,-92.5454348326,45,2,367.297139968
1592906484926002302,-100.0,45,2,367.615777024
1592906485078921225,-100.0,45,2,367.768696064
1592906485295724789,-87.0190411806,45,2,367.985499648
1592906485401272588,-36.6478785872,45,2,368.091047424
1592906485676902526,3.18054622039,45,2,368.366677248
1592906485841493137,10.5331549421,45,2,368.531268096
1592906486002391600,-7.94997345656,45,2,368.6921664
1592906486291851475,-51.5345260501,45,2,368.981626368
1592906486455402067,-83.0352827907,45,2,369.145176832
1592906486602922036,-100.0,45,2,369.292696832
1592906486893994077,-100.0,45,2,369.583768832
1592906487002150230,-91.0563096404,45,2,369.691924992
1592906487201849943,-39.3666252494,45,2,369.891624704
1592906487401593771,-12.4604869634,45,2,370.091368704
1592906487605138631,9.34326276183,45,2,370.294913536
1592906487802229013,-3.79317905754,45,2,370.49200384
1592906488001728594,-43.5240641236,45,2,370.69150336
1592906488203423888,-92.6793292165,45,2,370.893198848
1592906488402309937,-100.0,45,2,371.092084736
1592906488602184505,-100.0,45,2,371.291959296
1592906488803499300,-81.430926919,45,2,371.493274112
1592906489004277409,-9.39953140914,45,2,371.694052352
1592906489202293338,51.3921305537,45,2,371.892068096
1592906489402206796,64.5105093718,45,2,372.091981568
1592906489604263643,42.0976355672,45,2,372.294038528
1592906489803066267,-12.4615766108,45,2,372.492841216
1592906490002585659,-52.4762421846,45,2,372.692360448
1592906490203560673,-86.0215425491,45,2,372.893335552
1592906490403986095,-92.2698304057,45,2,373.093761024
1592906490602253970,-41.5855944157,45,2,373.292028928
1592906490802285706,16.2240564823,45,2,373.492060672
1592906491001654857,54.6149089932,45,2,373.691429632
1592906491202909866,66.1536231637,45,2,373.8926848
1592906491402372068,57.0675581694,45,2,374.092146944
1592906491601746213,15.9373190254,45,2,374.291521024
1592906491802663170,-38.8294234872,45,2,374.492438016
1592906492003289789,-62.4143406749,45,2,374.693064704
1592906492202067928,-82.4550464749,45,2,374.891842816
1592906492403180699,-67.4125403166,45,2,375.092955648
1592906492602709857,-18.7738705426,45,2,375.292484608
1592906492801979429,24.1496171802,45,2,375.49175424
1592906493002161434,55.2752912045,45,2,375.691936256
1592906493202386182,69.3150088191,45,2,375.892161024
1592906493402276055,29.0324259549,45,2,376.092050944
1592906493602020926,-34.4396978617,45,2,376.291795712
1592906493803579684,-79.6460360289,45,2,376.493354496
1592906494003669731,-82.8597322106,45,2,376.693444608
1592906494202822408,-61.1428543925,45,2,376.892597248
1592906494403663882,-25.0535774976,45,2,377.09343872
1592906494601570112,33.8141918182,45,2,377.291344896
1592906494802998670,84.3623876572,45,2,377.492773632
1592906495002443556,77.0762711763,45,2,377.692218368
