%time,field.throttle_bow,field.position_bow,field.lin_act_bow,
1.58764368267236E+018,-14.2128244042,90,2,0
1.58764368287338E+018,4.3901354075,90,2,0.201023744
1.58764368307013E+018,-6.4536713064,90,2,0.397771008
1.58764368327968E+018,-0.7625937462,90,2,0.607318784
1.58764368347918E+018,16.1017268896,90,2,0.806823936
1.5876436836695E+018,-12.1583193541,90,2,0.997137664
1.58764368387066E+018,-2.0432380959,90,2,1.198299904
1.58764368407151E+018,-10.5592653155,90,2,1.399153664
1.58764368427042E+018,9.6821814776,90,2,1.59806336
1.58764368446987E+018,-20.1486378908,90,2,1.797506304
1.58764368467251E+018,21.1837753654,90,2,2.000153344
1.58764368487338E+018,0.465927273,90,2,2.201018624
1.58764368507155E+018,5.0581030548,90,2,2.399186944
1.58764368527356E+018,0.6725102197,90,2,2.601197824
1.58764368547225E+018,9.8201781511,90,2,2.799887104
1.58764368567202E+018,14.1731366515,90,2,2.99965568
1.58764368587243E+018,7.9434901476,90,2,3.200067584
1.58764368607321E+018,-10.7509016991,90,2,3.400854016
1.58764368627292E+018,-0.5464198068,90,2,3.6005632
1.5876436864732E+018,23.5636249185,90,2,3.800840192
1.58764368667288E+018,-9.1092482209,90,2,4.000520448
1.58764368687366E+018,19.461427629,90,2,4.201303808
1.58764368707537E+018,4.8390597105,90,2,4.403011328
1.58764368727535E+018,10.4464404285,90,2,4.602993408
1.58764368747581E+018,-5.901234597,90,2,4.803449856
1.58764368767357E+018,20.1574072242,90,2,5.001214464
1.58764368787142E+018,2.5973184034,90,2,5.199062016
1.58764368807354E+018,-6.3596710563,90,2,5.401178112
1.5876436882725E+018,12.7165719867,90,2,5.60014336
1.58764368847403E+018,13.9584690332,90,2,5.801668096
1.58764368867171E+018,7.7369295061,90,2,5.999348224
1.5876436888733E+018,7.0464886725,90,2,6.200941056
1.58764368907232E+018,-5.1689602435,90,2,6.39996416
1.58764368927245E+018,-11.3435998559,90,2,6.600086528
1.58764368947216E+018,-4.2456615716,90,2,6.799795712
1.58764368967183E+018,-12.9717499018,90,2,6.999469824
1.58764368987367E+018,-3.0452368781,90,2,7.201311744
1.58764369007157E+018,5.7084031403,90,2,7.399206912
1.58764369027228E+018,-13.8442903757,90,2,7.599921664
1.587643690474E+018,6.333488971,90,2,7.801644544
1.58764369067638E+018,-2.2851534188,90,2,8.004024832
1.58764369087271E+018,-10.5379700661,90,2,8.200353024
1.58764369107115E+018,9.8186790943,90,2,8.398787584
1.58764369127264E+018,2.4368759245,90,2,8.600284672
1.58764369147284E+018,-3.3667158335,90,2,8.80047744
1.58764369167174E+018,-6.289973855,90,2,8.999378688
1.5876436918724E+018,-5.7171687484,90,2,9.200035584
1.58764369207213E+018,13.332273066,90,2,9.399771904
1.58764369227273E+018,3.369435668,90,2,9.600370944
1.58764369247286E+018,8.986325562,90,2,9.800502528
1.58764369267242E+018,11.5583561361,90,2,10.000060928
1.58764369287155E+018,10.6309518218,90,2,10.199194624
1.58764369307241E+018,-0.0238732435,90,2,10.400049152
1.5876436932761E+018,6.1833381653,90,2,10.603736064
1.58764369347307E+018,17.2105178237,90,2,10.800707072
1.58764369367462E+018,-5.7773254812,90,2,11.002262528
1.58764369387293E+018,-28.693395853,90,2,11.200569856
1.58764369407397E+018,-64.4589304924,90,2,11.401609728
1.58764369427494E+018,-39.3363654613,90,2,11.60257664
1.5876436944725E+018,-63.3004546165,90,2,11.800137984
1.58764369467721E+018,-46.219098568,90,2,12.00485248
1.58764369488118E+018,-41.2713676691,90,2,12.20882432
1.58764369507262E+018,-37.122297287,90,2,12.400259328
1.58764369527278E+018,-44.0937489271,90,2,12.600416
1.58764369547207E+018,-47.2919613123,90,2,12.799711488
1.58764369567258E+018,-29.5681804419,90,2,13.000221184
1.58764369587221E+018,-15.9371435642,90,2,13.199853056
1.58764369607189E+018,-23.2101529837,90,2,13.399531008
1.58764369627586E+018,-26.6267687082,90,2,13.603497984
1.58764369647192E+018,-36.7961615324,90,2,13.79955968
1.58764369667143E+018,-11.8254214525,90,2,13.999073024
1.58764369687504E+018,-12.2965045273,90,2,14.202681856
1.58764369707251E+018,-3.531017527,90,2,14.400151552
1.58764369727354E+018,-26.4428198338,90,2,14.601178112
1.58764369747483E+018,-27.6940494776,90,2,14.802468864
1.58764369767177E+018,-25.3794461489,90,2,14.999412224
1.58764369787407E+018,-26.5523165464,90,2,15.201712384
1.58764369807293E+018,-16.9309943914,90,2,15.400569856
1.58764369827634E+018,-21.3063806295,90,2,15.603976704
1.58764369847339E+018,-32.3018431664,90,2,15.801027584
1.58764369867365E+018,4.630407691,90,2,16.001288704
1.58764369887454E+018,24.8689889908,90,2,16.202179328
1.58764369907205E+018,0.082699582,90,2,16.399690752
1.58764369927228E+018,17.3933595419,90,2,16.599920128
1.58764369947303E+018,16.9029921293,90,2,16.80067328
1.58764369967191E+018,12.8729969263,90,2,16.999554304
1.58764369987208E+018,-6.2171027064,90,2,17.1997184
1.58764370007201E+018,20.9537506104,90,2,17.39965184
1.58764370027439E+018,1.5400877222,90,2,17.602034688
1.58764370047264E+018,7.4187390506,90,2,17.800277504
1.58764370067199E+018,-3.3467277885,90,2,17.999634432
1.58764370087234E+018,7.684572041,90,2,18.199975168
1.58764370107139E+018,20.191654563,90,2,18.399033856
1.58764370127338E+018,15.1029139757,90,2,18.601024512
1.58764370147226E+018,29.3504625559,90,2,18.799902208
1.58764370167356E+018,7.7220961452,90,2,19.001198848
1.58764370187434E+018,13.3912682533,90,2,19.201977344
1.58764370207551E+018,36.2866312265,90,2,19.403147776
1.58764370227273E+018,39.7231012583,90,2,19.600370176
1.58764370247447E+018,48.5249876976,90,2,19.80211072
1.58764370267311E+018,32.2495520115,90,2,20.000748544
1.58764370287418E+018,55.7077407837,90,2,20.201823744
1.58764370307337E+018,36.6096496582,90,2,20.401007104
1.5876437032736E+018,36.4012300968,90,2,20.601236224
1.58764370347208E+018,21.2588191032,90,2,20.7997248
1.58764370367178E+018,14.0761002898,90,2,20.999416832
1.58764370387357E+018,17.5276905298,90,2,21.201211648
1.58764370407253E+018,14.0115335584,90,2,21.400174848
1.58764370427424E+018,24.3261650205,90,2,21.601880064
1.58764370447119E+018,18.820092082,90,2,21.798828544
1.58764370467274E+018,14.1722738743,90,2,22.000382976
1.58764370487328E+018,36.3962709904,90,2,22.200924672
1.5876437050728E+018,36.0241174698,90,2,22.400435968
1.58764370527152E+018,19.3491742015,90,2,22.599156736
1.58764370547295E+018,3.7383854389,90,2,22.800592128
1.58764370567357E+018,7.2117254138,90,2,23.001214208
1.58764370587376E+018,18.9125269651,90,2,23.201401856
1.58764370607384E+018,7.2661414743,90,2,23.401478144
1.58764370627327E+018,4.5431673527,90,2,23.600913408
1.58764370647474E+018,11.4769749343,90,2,23.8023808
1.58764370667348E+018,15.3466641903,90,2,24.001124608
1.58764370687344E+018,19.9368745089,90,2,24.2010816
1.58764370707166E+018,23.3475774527,90,2,24.399301632
1.58764370727147E+018,3.2957714051,90,2,24.599113984
1.58764370747561E+018,0.090136379,90,2,24.803250688
1.58764370767231E+018,4.5420616865,90,2,24.99994496
1.58764370787262E+018,-4.9422480166,90,2,25.2002624
1.58764370807339E+018,-8.4833540022,90,2,25.401031424
1.58764370827671E+018,3.4077852964,90,2,25.604348928
1.58764370847302E+018,-3.8984768093,90,2,25.80066432
1.58764370867358E+018,-7.7330730856,90,2,26.00122368
1.58764370887352E+018,-7.9657644033,90,2,26.201156608
1.58764370907232E+018,-23.0351269245,90,2,26.399958016
1.58764370927168E+018,-27.2742122412,90,2,26.5993152
1.58764370947477E+018,-21.6157257557,90,2,26.802408704
1.58764370967293E+018,-34.3100488186,90,2,27.000574464
1.58764370987261E+018,-38.0719721317,90,2,27.200253952
1.58764371007417E+018,-22.2204387188,90,2,27.40180736
1.58764371027584E+018,-31.9541305304,90,2,27.603474944
1.58764371047487E+018,-17.3227086663,90,2,27.802509312
1.58764371067328E+018,-40.3950631618,90,2,28.000920576
1.58764371087333E+018,-52.4049401283,90,2,28.200974848
1.58764371107286E+018,-41.714861989,90,2,28.400498688
1.58764371127167E+018,-55.0843775272,90,2,28.59931392
1.58764371147312E+018,-46.2488442659,90,2,28.80076032
1.58764371167317E+018,-19.0459564328,90,2,29.000812544
1.58764371187165E+018,-26.5709578991,90,2,29.199285504
1.58764371207354E+018,-46.9558507204,90,2,29.401175808
1.58764371227168E+018,-28.3708423376,90,2,29.59931648
1.58764371247205E+018,-39.124661684,90,2,29.799691776
1.58764371267188E+018,-46.5236991644,90,2,29.999517696
1.58764371287382E+018,-33.3860874176,90,2,30.20146176
1.58764371307365E+018,-23.6970305443,90,2,30.401289728
1.58764371327286E+018,-13.7903869152,90,2,30.600503808
1.58764371347403E+018,-28.8936465979,90,2,30.801667584
1.58764371367218E+018,-44.4640189409,90,2,30.99982208
1.58764371387487E+018,-46.2592661381,90,2,31.202514432
1.58764371407121E+018,-27.7031242847,90,2,31.398848512
1.58764371427581E+018,-28.884023428,90,2,31.60345344
1.58764371447244E+018,-37.136593461,90,2,31.80007808
1.58764371467145E+018,-4.4195633382,90,2,31.999088128
1.58764371487174E+018,16.5151938796,90,2,32.199377408
1.58764371507203E+018,7.6977834106,90,2,32.399672832
1.58764371527492E+018,10.5292752385,90,2,32.602561024
1.58764371547285E+018,-20.5486804247,90,2,32.800485376
1.58764371567258E+018,-31.9218933582,90,2,33.000221184
1.5876437158744E+018,13.6139437556,90,2,33.202039808
1.58764371607274E+018,-12.852486968,90,2,33.400384512
1.58764371627305E+018,-2.5035113096,90,2,33.600690944
1.58764371647242E+018,-5.3370252252,90,2,33.80005888
1.58764371667773E+018,-4.8937097192,90,2,34.005369344
1.58764371687682E+018,23.5118716955,90,2,34.204463104
1.58764371707321E+018,-5.452953279,90,2,34.400845312
1.5876437172712E+018,12.9974901676,90,2,34.59884288
1.58764371747213E+018,11.9832865894,90,2,34.799765248
1.58764371767227E+018,25.2686142921,90,2,34.999910912
1.58764371787334E+018,28.730404377,90,2,35.200984576
1.58764371807547E+018,2.958741039,90,2,35.40311168
1.5876437182722E+018,23.7622156739,90,2,35.599839744
1.58764371847363E+018,21.6344460845,90,2,35.80127488
1.58764371867214E+018,27.2745728493,90,2,35.99977728
1.58764371887262E+018,-0.0574603677,90,2,36.200255744
1.58764371907294E+018,11.5294784307,90,2,36.400584448
1.58764371927325E+018,12.3530253768,90,2,36.60089216
1.5876437194733E+018,16.768720746,90,2,36.800940544
1.58764371967319E+018,27.6346683502,90,2,37.000827648
1.58764371987492E+018,24.407030642,90,2,37.202563328
1.58764372007298E+018,11.9814023376,90,2,37.400624128
1.58764372027517E+018,5.1433347166,90,2,37.602807296
1.5876437204746E+018,13.5145142674,90,2,37.802242048
1.58764372067387E+018,18.4784144163,90,2,38.001505792
1.58764372087461E+018,8.6356565356,90,2,38.202248704
1.58764372107648E+018,23.6771717668,90,2,38.40411648
1.5876437212751E+018,26.7069369555,90,2,38.602744064
1.58764372147251E+018,12.2049622238,90,2,38.8001472
1.58764372167189E+018,5.8276828378,90,2,38.999529984
1.58764372187354E+018,18.1520283222,90,2,39.201179904
1.58764372207219E+018,27.7791976929,90,2,39.39983488
1.58764372227424E+018,11.7898777127,90,2,39.601877248
1.58764372247264E+018,13.8890534639,90,2,39.80027904
1.58764372267248E+018,-4.1859894991,90,2,40.00011776
1.58764372287177E+018,25.8441209793,90,2,40.199411712
1.58764372307283E+018,16.4142742753,90,2,40.400466688
1.58764372327251E+018,2.4681922048,90,2,40.6001536
1.58764372347212E+018,21.1197882891,90,2,40.799759104
1.58764372367505E+018,17.4936413765,90,2,41.00268544
1.58764372387387E+018,18.2157322764,90,2,41.20150528
1.58764372407412E+018,1.35228578,90,2,41.401757184
1.5876437242738E+018,4.0361341089,90,2,41.601439744
1.58764372447422E+018,6.7339256406,90,2,41.801857024
1.58764372467591E+018,15.52092731,90,2,42.003546624
1.58764372487412E+018,-4.8444725573,90,2,42.201758464
1.58764372507348E+018,8.1666149199,90,2,42.40112384
1.58764372527544E+018,21.6063946486,90,2,42.60308352
1.58764372547212E+018,0.2703439444,90,2,42.799759872
1.58764372567479E+018,8.5200250149,90,2,43.0024256
1.58764372587214E+018,1.0655593127,90,2,43.199783936
1.58764372607292E+018,3.0865538865,90,2,43.400557824
1.58764372627255E+018,-7.8372225165,90,2,43.600194048
1.58764372647298E+018,-2.9110301286,90,2,43.800620544
1.58764372667406E+018,-9.1499999166,90,2,44.001695232
1.58764372687198E+018,-6.9591596723,90,2,44.199622144
1.58764372707257E+018,-10.8393907547,90,2,44.400209664
1.58764372727196E+018,-21.8727707863,90,2,44.599602176
1.5876437274722E+018,4.4292967767,90,2,44.799844864
1.58764372767172E+018,-14.6798819304,90,2,44.99936128
1.5876437278766E+018,-1.2137975544,90,2,45.204235264
1.58764372807312E+018,-4.9657784402,90,2,45.400758528
1.58764372827423E+018,0.5860775709,90,2,45.60187008
1.58764372847274E+018,-4.2176358402,90,2,45.80037888
1.58764372867441E+018,5.6657016277,90,2,46.002048512
1.58764372887494E+018,10.4860752821,90,2,46.202579456
1.58764372907334E+018,3.7975136191,90,2,46.400980224
1.5876437292753E+018,6.8328723311,90,2,46.602937088
1.58764372947261E+018,4.3490979821,90,2,46.800252416
1.58764372967236E+018,-0.415068958,90,2,46.999996416
1.58764372987334E+018,-5.17311804,90,2,47.200978432
1.58764373007296E+018,-8.5076287389,90,2,47.40060288
1.58764373027246E+018,-3.523825109,90,2,47.600098048
1.58764373047521E+018,14.0652939677,90,2,47.802854912
1.58764373067861E+018,-13.2011324167,90,2,48.006252544
1.58764373087449E+018,4.7063007951,90,2,48.202126848
1.58764373107314E+018,-5.745536834,90,2,48.4007808
1.587643731274E+018,4.0689922869,90,2,48.601638912
1.58764373147254E+018,-23.1679543853,90,2,48.800177152
1.5876437316735E+018,8.549362421,90,2,49.001139968
1.58764373187299E+018,1.769990474,90,2,49.200630528
1.58764373207195E+018,-15.9560889006,90,2,49.399587584
1.58764373227193E+018,3.5379104316,90,2,49.599566848
1.58764373247415E+018,6.3328251243,90,2,49.801792
1.58764373267447E+018,-0.0638958067,90,2,50.002108416
1.58764373287414E+018,5.5416997522,90,2,50.201775104
1.58764373307242E+018,-3.8460455835,90,2,50.400060416
1.58764373327244E+018,-5.0551943481,90,2,50.600080896
1.58764373347211E+018,-4.6370774508,90,2,50.799748864
1.58764373367216E+018,-8.1703953445,90,2,50.999803392
1.5876437338734E+018,0.4987020046,90,2,51.201037312
1.58764373407216E+018,-4.8841074109,90,2,51.39979648
1.58764373427139E+018,-6.4926594496,90,2,51.599027712
1.58764373447248E+018,-1.324763149,90,2,51.800121856
1.58764373467227E+018,5.544795841,90,2,51.99991168
1.58764373487242E+018,-7.047187537,90,2,52.20005504
1.58764373507195E+018,-14.7109031677,90,2,52.399586304
1.58764373527219E+018,-25.901606679,90,2,52.599828224
1.58764373547162E+018,14.4918650389,90,2,52.799262208
1.58764373567449E+018,16.7939856648,90,2,53.002133248
1.58764373587363E+018,12.0763234794,90,2,53.201271296
1.58764373607434E+018,2.9520317912,90,2,53.4019776
1.58764373627425E+018,1.2599324808,90,2,53.601893376
1.58764373647361E+018,-2.2486492991,90,2,53.801251584
1.58764373667374E+018,8.4025993943,90,2,54.001376
1.58764373687255E+018,2.6724696159,90,2,54.200189184
1.58764373707203E+018,-8.7270438671,90,2,54.399665664
1.58764373727242E+018,8.075144887,90,2,54.600056832
1.58764373747387E+018,-0.9666457772,90,2,54.801505024
1.58764373767236E+018,9.5770671964,90,2,55.000004096
1.58764373787291E+018,-23.1472790241,90,2,55.200547584
1.5876437380714E+018,11.1969664693,90,2,55.39904
1.58764373827409E+018,-3.2490208745,90,2,55.601728512
1.58764373847437E+018,-7.718989253,90,2,55.802011648
1.58764373867427E+018,6.5584987402,90,2,56.0019136
1.5876437388729E+018,15.3533518314,90,2,56.200537344
1.58764373907575E+018,8.2000181079,90,2,56.40338944
1.58764373927463E+018,-0.2670451999,90,2,56.602271744
1.58764373947492E+018,-4.0462944657,90,2,56.802563328
1.58764373967326E+018,4.8443865031,90,2,57.000904704
1.58764373987292E+018,-9.2123813927,90,2,57.20055552
1.58764374007183E+018,-2.5896169245,90,2,57.399469824
1.58764374027263E+018,13.2340401411,90,2,57.600274688
1.58764374047304E+018,-11.0987775028,90,2,57.800683008
1.58764374067253E+018,-9.9707454443,90,2,58.00016768
1.58764374087318E+018,7.9350225627,90,2,58.200817152
1.58764374107406E+018,-12.4487452209,90,2,58.401704704
1.58764374127199E+018,-14.9636387825,90,2,58.599633408
1.58764374147203E+018,2.826378122,90,2,58.799665152
1.58764374167235E+018,9.2724882066,90,2,58.999993856
1.58764374187211E+018,12.6513004303,90,2,59.199748096
1.58764374207258E+018,-1.0364504531,90,2,59.40021888
1.587643742273E+018,3.3743616194,90,2,59.600635904
1.58764374247482E+018,-4.3527327478,90,2,59.802455552
1.58764374267304E+018,-8.4174856544,90,2,60.000682496
1.58764374287294E+018,5.614926666,90,2,60.200580864
1.58764374307591E+018,-14.9617239833,90,2,60.403545344
1.58764374327476E+018,-16.0329833627,90,2,60.602403328
1.58764374347372E+018,-15.3961732984,90,2,60.801362944
1.58764374367597E+018,16.2432894111,90,2,61.003609344
1.58764374387191E+018,-100,90,2,61.199547904
1.58764374407107E+018,-100,90,2,61.398712064
1.58764374427205E+018,-100,90,2,61.599687424
1.58764374447127E+018,-100,90,2,61.798906368
1.58764374467451E+018,-100,90,2,62.002149376
1.58764374487267E+018,-100,90,2,62.20030592
1.5876437450722E+018,-100,90,2,62.399842816
1.587643745272E+018,-100,90,2,62.599641344
1.58764374547086E+018,-100,90,2,62.798502912
1.58764374567412E+018,-100,90,2,63.001764608
1.5876437458731E+018,-100,90,2,63.20073728
1.58764374607591E+018,-100,90,2,63.403553024
1.58764374627311E+018,-100,90,2,63.600752128
1.58764374647172E+018,-100,90,2,63.799361536
1.5876437466746E+018,-100,90,2,64.002243328
1.58764374687355E+018,-100,90,2,64.201188352
1.58764374707367E+018,-100,90,2,64.4013056
1.58764374727439E+018,-100,90,2,64.602026496
1.58764374747079E+018,-100,90,2,64.798430208
1.58764374767251E+018,-100,90,2,65.000144896
1.58764374787212E+018,-100,90,2,65.199757824
1.58764374807127E+018,-100,90,2,65.39891456
1.58764374827173E+018,-100,90,2,65.599366656
1.58764374847213E+018,-100,90,2,65.799771648
1.58764374867225E+018,-100,90,2,65.999894784
1.58764374887438E+018,-100,90,2,66.202018304
1.58764374907187E+018,-100,90,2,66.399511552
1.58764374927155E+018,-100,90,2,66.59919488
1.58764374947138E+018,-100,90,2,66.799020544
1.58764374967253E+018,-100,90,2,67.000173824
1.58764374987461E+018,-100,90,2,67.20224768
1.58764375007321E+018,-100,90,2,67.400847872
1.58764375027223E+018,-100,90,2,67.599872512
1.58764375047442E+018,-100,90,2,67.802061824
1.58764375067443E+018,-100,90,2,68.00207232
1.58764375087771E+018,-100,90,2,68.205346304
1.5876437510737E+018,-100,90,2,68.401339904
1.58764375127176E+018,-100,90,2,68.599399424
1.58764375147221E+018,-100,90,2,68.799852544
1.58764375167479E+018,-100,90,2,69.002426368
1.58764375187319E+018,-100,90,2,69.200826624
1.58764375207199E+018,-100,90,2,69.399625216
1.5876437522725E+018,-100,90,2,69.60014208
1.58764375247434E+018,-100,90,2,69.80197888
1.58764375267225E+018,-100,90,2,69.999885824
1.5876437528732E+018,-100,90,2,70.200837632
1.58764375307415E+018,-100,90,2,70.401789952
1.58764375327284E+018,-100,90,2,70.60048384
1.58764375347378E+018,-100,90,2,70.801416192
1.58764375367351E+018,-100,90,2,71.001147392
1.5876437538727E+018,-100,90,2,71.200338944
1.58764375407604E+018,-100,90,2,71.403683584
1.58764375427549E+018,-100,90,2,71.603133952
1.58764375447524E+018,-100,90,2,71.80288128
1.5876437546716E+018,-100,90,2,71.999238144
1.58764375487357E+018,-100,90,2,72.201211392
1.58764375507561E+018,-100,90,2,72.403252224
1.58764375527243E+018,-100,90,2,72.600068096
1.58764375547213E+018,-100,90,2,72.799765504
1.587643755674E+018,-100,90,2,73.001639424
1.58764375587243E+018,-100,90,2,73.200074752
1.58764375607319E+018,-100,90,2,73.40082688
1.58764375627269E+018,-100,90,2,73.600329728
1.58764375647328E+018,-100,90,2,73.8009152
1.58764375667356E+018,-100,90,2,74.001197824
1.58764375687322E+018,-100,90,2,74.200859648
1.58764375707174E+018,-100,90,2,74.399379456
1.58764375727476E+018,-100,90,2,74.602396672
1.58764375747238E+018,-100,90,2,74.800016384
1.58764375767343E+018,-100,90,2,75.001069824
1.5876437578748E+018,-100,90,2,75.202441984
1.58764375807228E+018,-100,90,2,75.399919104
1.58764375827286E+018,-100,90,2,75.600500224
1.58764375847244E+018,-100,90,2,75.80007552
1.58764375867156E+018,-100,90,2,75.999201792
1.58764375887144E+018,-100,90,2,76.1990848
1.58764375907349E+018,-95.8266854286,90,2,76.40113024
1.58764375927271E+018,-99.8694896698,90,2,76.600347136
1.58764375947183E+018,-97.5845098495,90,2,76.799466496
1.58764375967275E+018,-90.7340407372,90,2,77.000392192
1.58764375987494E+018,-93.4695124626,90,2,77.202577664
1.58764376007181E+018,-79.1465044022,90,2,77.399446528
1.58764376027196E+018,-64.2612099648,90,2,77.599602944
1.58764376047145E+018,-86.3816201687,90,2,77.799085056
1.58764376067209E+018,-58.6122751236,90,2,77.999727616
1.5876437608723E+018,-64.5652294159,90,2,78.199934976
1.58764376107508E+018,-61.980175972,90,2,78.402720256
1.58764376127399E+018,-60.5584263802,90,2,78.601631744
1.5876437614813E+018,-67.3368752003,90,2,78.808943616
1.58764376167743E+018,-50.9141087532,90,2,79.005065984
1.58764376187265E+018,-43.8661575317,90,2,79.200291584
1.58764376207401E+018,-18.5207128525,90,2,79.401652224
1.58764376227205E+018,-26.9517123699,90,2,79.599689984
1.5876437624735E+018,-28.8718193769,90,2,79.801142272
1.58764376267235E+018,-14.076641202,90,2,79.999986944
1.58764376287368E+018,-20.2462524176,90,2,80.201315584
1.58764376307195E+018,-25.6416738033,90,2,80.39958528
1.58764376327024E+018,-10.567688942,90,2,80.597878528
1.58764376347234E+018,-17.4278974533,90,2,80.799976448
1.58764376367411E+018,-11.5766167641,90,2,81.001754624
1.58764376387142E+018,-12.0384559035,90,2,81.199061504
1.58764376407219E+018,-8.0635875464,90,2,81.399832064
1.58764376427431E+018,-24.455575645,90,2,81.601945088
1.58764376447421E+018,-43.6352670193,90,2,81.80185344
1.58764376467422E+018,-31.7995756865,90,2,82.001854976
1.5876437648732E+018,-8.3139494062,90,2,82.200843008
1.58764376507263E+018,-24.206289649,90,2,82.400267008
1.5876437652738E+018,-16.3873851299,90,2,82.601435904
1.58764376547382E+018,1.7226541415,90,2,82.801460224
1.58764376567455E+018,-0.036739558,90,2,83.002187008
1.58764376587114E+018,-9.7922950983,90,2,83.198785024
1.58764376607627E+018,11.7654919624,90,2,83.403907072
1.58764376627271E+018,13.6227637529,90,2,83.600349184
1.58764376647256E+018,19.7995573282,90,2,83.800196096
1.58764376667225E+018,18.1123584509,90,2,83.999891456
1.58764376687596E+018,-10.9594687819,90,2,84.203600896
1.5876437670744E+018,-14.2669096589,90,2,84.402037248
1.58764376727682E+018,1.9516833127,90,2,84.604457984
1.58764376747637E+018,-6.8822160363,90,2,84.804009984
1.58764376767285E+018,2.7276866138,90,2,85.00048512
1.58764376787321E+018,32.448759675,90,2,85.200850688
1.58764376807523E+018,45.1718568802,90,2,85.402865152
1.58764376827354E+018,36.3903164864,90,2,85.601177344
1.58764376847342E+018,32.3098897934,90,2,85.801057024
1.58764376867481E+018,40.1297956705,90,2,86.002450432
1.58764376887162E+018,36.7596685886,90,2,86.199264256
1.5876437690723E+018,29.250523448,90,2,86.399941632
1.58764376927227E+018,37.1488302946,90,2,86.599909376
1.5876437694738E+018,15.0330126286,90,2,86.80144128
1.58764376967212E+018,31.1897605658,90,2,86.999759872
1.58764376987233E+018,44.613468647,90,2,87.199972608
1.58764377007212E+018,39.0653818846,90,2,87.399760384
1.58764377027435E+018,34.2804193497,90,2,87.601992448
1.58764377047169E+018,27.3696929216,90,2,87.799328
1.58764377067149E+018,26.2979239225,90,2,87.999134208
1.5876437708734E+018,35.6524944305,90,2,88.201042944
1.58764377107321E+018,34.5851391554,90,2,88.400849664
1.58764377127265E+018,16.9881433249,90,2,88.600294912
1.58764377147455E+018,33.1785082817,90,2,88.802190336
1.5876437716826E+018,48.9778369665,90,2,89.01023616
1.58764377187461E+018,43.3120042086,90,2,89.202249984
1.58764377207189E+018,44.4716066122,90,2,89.39952512
1.58764377227086E+018,38.4229153395,90,2,89.59849984
1.58764377247182E+018,23.4112784266,90,2,89.799456256
1.5876437726727E+018,38.4722560644,90,2,90.000342784
1.58764377287277E+018,40.6812340021,90,2,90.200411904
1.58764377307385E+018,42.5918579102,90,2,90.401490688
1.58764377327282E+018,32.8867048025,90,2,90.600460544
1.58764377347204E+018,40.1751279831,90,2,90.799675648
1.58764377367356E+018,32.8352689743,90,2,91.001197824
1.5876437738743E+018,37.1204644442,90,2,91.201938432
1.58764377407155E+018,41.8110758066,90,2,91.399188992
1.5876437742723E+018,38.4737819433,90,2,91.599944192
1.58764377447225E+018,43.1501239538,90,2,91.799886336
1.58764377467218E+018,18.5489967465,90,2,91.999824128
1.58764377487376E+018,31.644693017,90,2,92.201404416
1.587643775074E+018,23.7423866987,90,2,92.401644032
1.58764377527283E+018,7.3593378067,90,2,92.600472576
1.58764377547397E+018,43.7396943569,90,2,92.801613824
1.58764377567418E+018,32.4658304453,90,2,93.001819136
1.58764377587261E+018,30.8769136667,90,2,93.200250624
1.58764377607309E+018,44.9140191078,90,2,93.400730112
1.58764377627195E+018,35.087916255,90,2,93.599588608
1.58764377647502E+018,33.1623017788,90,2,93.802657024
1.58764377667164E+018,28.1073093414,90,2,93.999278848
1.58764377687184E+018,27.8726100922,90,2,94.19947648
1.58764377707261E+018,28.7445694208,90,2,94.400247296
1.5876437772719E+018,28.673106432,90,2,94.599537152
1.58764377747651E+018,31.6906481981,90,2,94.804149248
1.58764377767151E+018,31.7490905523,90,2,94.999154176
1.587643777873E+018,29.5603603125,90,2,95.200635904
1.58764377807236E+018,16.3681000471,90,2,95.399998464
1.58764377827273E+018,35.5496227741,90,2,95.600365056
1.58764377847225E+018,51.3214588165,90,2,95.799889664
1.58764377867179E+018,15.3261676431,90,2,95.999428864
1.58764377887135E+018,42.3167973757,90,2,96.198994688
1.58764377907234E+018,19.6470066905,90,2,96.399980032
1.58764377927201E+018,9.1211408377,90,2,96.599645184
1.58764377947903E+018,26.465690136,90,2,96.806674432
1.58764377967467E+018,9.0783149004,90,2,97.0023104
1.5876437798749E+018,21.4152276516,90,2,97.202536448
1.58764378007341E+018,6.476598978,90,2,97.401054464
1.58764378027255E+018,9.0931281447,90,2,97.600193024
1.58764378047685E+018,15.246757865,90,2,97.804494848
1.58764378067527E+018,18.9044669271,90,2,98.002913024
1.58764378087244E+018,-14.0929579735,90,2,98.200079872
1.58764378107706E+018,2.3806467652,90,2,98.404700672
1.58764378127524E+018,4.2591802776,90,2,98.602884608
1.58764378147306E+018,4.6568769962,90,2,98.800699648
1.58764378167359E+018,-11.7836818099,90,2,99.001231872
1.587643781872E+018,10.4665510356,90,2,99.199635456
1.58764378207327E+018,17.7105247974,90,2,99.400912896
1.58764378227328E+018,0.9576059878,90,2,99.6009152
1.58764378247241E+018,16.0496905446,90,2,99.800051712
1.58764378267295E+018,9.3483276665,90,2,100.000594944
1.5876437828735E+018,14.3639445305,90,2,100.201142272
1.58764378307179E+018,-7.8321427107,90,2,100.399426304
1.58764378327399E+018,-0.8416605182,90,2,100.601631744
1.58764378347405E+018,1.8484532833,90,2,100.801690112
1.5876437836725E+018,-3.3575169742,90,2,101.000137216
1.58764378387126E+018,-4.6433709562,90,2,101.198895616
1.58764378407118E+018,-8.3550989628,90,2,101.398817792
1.58764378427251E+018,-1.3152327389,90,2,101.60015104
1.58764378447198E+018,-8.8300079107,90,2,101.799616
1.58764378467264E+018,0.1390874386,90,2,102.000284672
1.58764378487457E+018,13.0322128534,90,2,102.202206208
1.58764378507166E+018,4.1655376554,90,2,102.399299072
1.58764378527608E+018,-4.6460323036,90,2,102.603716608
1.58764378547427E+018,8.9892536402,90,2,102.801905408
1.58764378567561E+018,6.5945602953,90,2,103.003252736
1.58764378587337E+018,5.9239663184,90,2,103.201014528
1.58764378607325E+018,-5.2412264049,90,2,103.400892416
1.58764378627384E+018,-17.362549901,90,2,103.60147968
1.58764378647324E+018,5.750611797,90,2,103.800875264
1.58764378667178E+018,-8.8729128242,90,2,103.999417344
1.58764378687398E+018,-19.8206305504,90,2,104.201619456
1.58764378707495E+018,-22.912478447,90,2,104.402592256
1.58764378727377E+018,-7.8243851662,90,2,104.601412096
1.58764378747373E+018,-7.6761439443,90,2,104.801371648
1.58764378767354E+018,-5.6982211769,90,2,105.001176064
1.58764378787268E+018,1.5206038952,90,2,105.200318976
1.58764378807225E+018,-14.1647726297,90,2,105.399885312
1.5876437882728E+018,-2.9174223542,90,2,105.600442368
1.58764378847212E+018,-18.083396554,90,2,105.799759872
1.5876437886717E+018,-8.8615864515,90,2,105.999340544
1.58764378887546E+018,-8.4782548249,90,2,106.203098624
1.58764378907495E+018,-3.9115205407,90,2,106.402587648
1.58764378927556E+018,11.1723072827,90,2,106.60319616
1.5876437894737E+018,-20.6480890512,90,2,106.801337856
1.58764378967384E+018,0.9124420583,90,2,107.001478656
1.58764378987421E+018,-18.9067140222,90,2,107.201845504
1.58764379007261E+018,10.9081365168,90,2,107.40024832
1.58764379027211E+018,-17.3469886184,90,2,107.59974912
1.58764379047299E+018,4.0215410292,90,2,107.80063488
1.58764379067125E+018,-9.9429696798,90,2,107.998892032
1.58764379087223E+018,7.3551081121,90,2,108.199871744
1.58764379107366E+018,-15.9066066146,90,2,108.40130048
1.58764379127198E+018,-17.5431802869,90,2,108.599623168
1.58764379147292E+018,-3.2287582755,90,2,108.800562176
1.58764379167254E+018,16.0329848528,90,2,109.000178944
1.58764379187192E+018,-17.1208620071,90,2,109.1995648
1.58764379207338E+018,-28.9525270462,90,2,109.401020416
1.58764379227259E+018,-7.7856466174,90,2,109.600232704
1.58764379247381E+018,-13.703635335,90,2,109.801452032
1.58764379267317E+018,-5.7375311852,90,2,110.00081024
1.58764379287454E+018,6.2262527645,90,2,110.202184448
1.58764379307241E+018,-9.0277403593,90,2,110.400046592
1.58764379327206E+018,3.7032932043,90,2,110.599704576
1.58764379347421E+018,1.3993278146,90,2,110.801849344
1.58764379367208E+018,-4.139508307,90,2,110.999716608
1.5876437938721E+018,-100,90,2,111.199743744
1.58764379407436E+018,-100,90,2,111.40199552
1.58764379427586E+018,-100,90,2,111.603502592
1.58764379447214E+018,-100,90,2,111.799779584
1.58764379467172E+018,-100,90,2,111.999362304
1.58764379487373E+018,-100,90,2,112.201373696
1.58764379507619E+018,-100,90,2,112.4038336
1.58764379527221E+018,-100,90,2,112.59984896
1.58764379547848E+018,-100,90,2,112.806115328
1.58764379567746E+018,-100,90,2,113.005097728
1.5876437958756E+018,-100,90,2,113.203244032
1.58764379607324E+018,-100,90,2,113.400879616
1.58764379627301E+018,-100,90,2,113.6006464
1.58764379647215E+018,-100,90,2,113.799790848
1.58764379667415E+018,-100,90,2,114.001785344
1.58764379687414E+018,-100,90,2,114.201783808
1.58764379707204E+018,-91.8292284012,90,2,114.39967616
1.58764379727208E+018,-67.0163750648,90,2,114.599719936
1.5876437974723E+018,-52.0018339157,90,2,114.799939072
1.58764379767208E+018,-39.6159470081,90,2,114.999715584
1.58764379787254E+018,-10.8296342194,90,2,115.20017792
1.58764379807304E+018,13.6518895626,90,2,115.400682496
1.58764379827291E+018,2.8657700867,90,2,115.600552704
1.58764379847127E+018,-11.421738565,90,2,115.79891072
1.58764379867246E+018,-85.4593575001,90,2,116.000103424
1.58764379887147E+018,-100,90,2,116.199105536
1.58764379907248E+018,-100,90,2,116.400118784
1.58764379927192E+018,-98.3669221401,90,2,116.5995648
1.58764379947454E+018,-70.5249965191,90,2,116.802182144
1.58764379967398E+018,-65.1530206203,90,2,117.001618432
1.58764379987264E+018,-35.0161314011,90,2,117.20028032
1.58764380007288E+018,0.0400051475,90,2,117.400515072
1.58764380027361E+018,-8.8783912361,90,2,117.601253376
1.58764380047243E+018,-1.0508961976,90,2,117.800073984
1.58764380067411E+018,8.0129176378,90,2,118.00174592
1.58764380087221E+018,22.1844822168,90,2,118.199847424
1.58764380107583E+018,2.6486948133,90,2,118.403467776
1.58764380127238E+018,29.0120124817,90,2,118.600021248
1.58764380147161E+018,7.0810683072,90,2,118.799249408
1.58764380167181E+018,-6.1308290809,90,2,118.999448064
1.58764380187431E+018,2.6528438553,90,2,119.201949184
1.58764380207307E+018,-7.3822930455,90,2,119.400713216
1.58764380227261E+018,12.4048531055,90,2,119.60025472
1.58764380247365E+018,-1.5338756144,90,2,119.801288192
1.58764380267342E+018,-3.6322303116,90,2,120.00105728
1.58764380287424E+018,-3.1212031841,90,2,120.201880576
1.58764380307896E+018,17.3024877906,90,2,120.406595584
1.58764380327206E+018,1.0268226266,90,2,120.599700224
1.58764380347193E+018,23.3152359724,90,2,120.799571456
1.58764380367199E+018,17.3071354628,90,2,120.999630336
1.58764380387451E+018,11.6649143398,90,2,121.202146816
1.58764380407422E+018,21.9020336866,90,2,121.401856
1.5876438042716E+018,6.4374700189,90,2,121.599242752
1.5876438044727E+018,12.7327427268,90,2,121.800339968
1.5876438046721E+018,9.8357945681,90,2,121.999740928
1.58764380487262E+018,33.0675184727,90,2,122.200258048
1.58764380507503E+018,11.6109631956,90,2,122.402668032
1.58764380527172E+018,33.1160277128,90,2,122.599356928
1.58764380547369E+018,24.2316260934,90,2,122.8013312
1.58764380567299E+018,26.0993182659,90,2,123.00062592
1.58764380587427E+018,35.3263795376,90,2,123.201905408
1.58764380607533E+018,15.3219878674,90,2,123.402968576
1.58764380627314E+018,31.9067567587,90,2,123.60077696
1.58764380647579E+018,16.762650013,90,2,123.803431424
1.58764380667433E+018,8.1508472562,90,2,124.001965056
1.58764380687345E+018,24.8859003186,90,2,124.201085952
1.58764380707657E+018,29.4809550047,90,2,124.404205824
1.58764380727316E+018,27.6072412729,90,2,124.600795904
1.58764380747157E+018,30.8331131935,90,2,124.79920512
1.58764380767182E+018,29.3957650661,90,2,124.999460864
1.58764380787215E+018,24.5837509632,90,2,125.199787008
1.58764380807255E+018,18.09874475,90,2,125.400194048
1.58764380827081E+018,40.9858167171,90,2,125.59844992
1.58764380847159E+018,52.6077747345,90,2,125.799232
1.5876438086723E+018,56.9673776627,90,2,125.999940864
1.58764380887256E+018,48.5309123993,90,2,126.200200192
1.58764380907296E+018,49.6251493692,90,2,126.400598784
1.5876438092717E+018,56.5141320229,90,2,126.599340032
1.5876438094736E+018,58.2442224026,90,2,126.801240576
1.58764380967288E+018,44.2571401596,90,2,127.000518144
1.58764380987433E+018,40.1598900557,90,2,127.201968384
1.58764381007556E+018,37.0184212923,90,2,127.403201536
1.58764381026946E+018,35.5875223875,90,2,127.597099008
1.58764381047399E+018,2.7351781726,90,2,127.8016256
1.58764381067196E+018,11.0789507627,90,2,127.999602944
1.58764381087472E+018,14.8540765047,90,2,128.202358784
1.58764381107212E+018,23.4435617924,90,2,128.399760896
1.58764381127243E+018,67.1708405018,90,2,128.600068608
1.58764381147249E+018,58.080881834,90,2,128.800131584
1.58764381167171E+018,22.7309957147,90,2,128.999345408
1.58764381187388E+018,27.747169137,90,2,129.201515264
1.58764381207218E+018,35.8334690332,90,2,129.399822848
1.58764381227249E+018,28.3938258886,90,2,129.600126976
1.5876438124717E+018,28.5313397646,90,2,129.799336448
1.58764381267126E+018,29.8693478107,90,2,129.998902528
1.58764381287238E+018,24.1180449724,90,2,130.200021248
1.58764381307342E+018,25.7356733084,90,2,130.401055744
1.58764381327259E+018,37.2332721949,90,2,130.600234496
1.58764381347229E+018,26.3794481754,90,2,130.799931904
1.5876438136736E+018,38.2759153843,90,2,131.001237504
1.58764381387143E+018,29.2895287275,90,2,131.19907328
1.58764381407413E+018,30.1760464907,90,2,131.4017728
1.58764381427198E+018,31.5225601196,90,2,131.599623424
1.58764381447351E+018,29.9555391073,90,2,131.801151488
1.58764381467802E+018,33.5950255394,90,2,132.00565888
1.58764381487617E+018,19.7805732489,90,2,132.203812352
1.58764381507478E+018,28.5748958588,90,2,132.402422272
1.58764381527522E+018,25.2847492695,90,2,132.60286208
1.58764381547578E+018,17.302043736,90,2,132.803424256
1.58764381567336E+018,30.9743851423,90,2,133.001004544
1.58764381587276E+018,14.4604533911,90,2,133.200402944
1.58764381607175E+018,-25.5611091852,90,2,133.399386112
1.58764381627346E+018,1.6908623278,90,2,133.601097728
1.5876438164745E+018,-26.536655426,90,2,133.80214272
1.58764381667184E+018,27.1858245134,90,2,133.999480064
1.58764381687205E+018,6.9100096822,90,2,134.199693824
1.58764381707167E+018,31.9484382868,90,2,134.399309824
1.58764381727404E+018,5.1421802491,90,2,134.601681408
1.5876438174732E+018,-14.8107275367,90,2,134.80083712
1.5876438176746E+018,4.8963733017,90,2,135.002242048
1.58764381787295E+018,6.9560080767,90,2,135.20059008
1.58764381807109E+018,29.0560126305,90,2,135.3987328
1.58764381827274E+018,26.9759207964,90,2,135.60038144
1.5876438184718E+018,27.0069718361,90,2,135.799443456
1.58764381867124E+018,15.3206348419,90,2,135.998879232
1.5876438188726E+018,7.6706260443,90,2,136.200243712
1.58764381907258E+018,19.4601416588,90,2,136.400215808
1.58764381927229E+018,10.8238466084,90,2,136.599928832
1.58764381947178E+018,1.2254308909,90,2,136.799415296
1.58764381967352E+018,-22.5249841809,90,2,137.0011584
1.58764381987346E+018,-11.8685387075,90,2,137.201104896
1.58764382007397E+018,1.3186603785,90,2,137.401613824
1.58764382027599E+018,-18.2344481349,90,2,137.603625984
1.58764382047379E+018,10.2634221315,90,2,137.801427456
1.58764382067233E+018,2.1427601576,90,2,137.999969024
1.58764382087621E+018,-8.4206983447,90,2,138.203848448
1.58764382107468E+018,-20.6255853176,90,2,138.402315776
1.58764382127376E+018,-9.140624851,90,2,138.6013952
1.58764382147462E+018,11.1402913928,90,2,138.802256384
1.58764382167259E+018,-9.5136865974,90,2,139.000228864
1.58764382187222E+018,-7.4320502579,90,2,139.199862272
1.58764382207203E+018,-5.2943427116,90,2,139.3996672
1.58764382227219E+018,9.9167615175,90,2,139.599830016
1.58764382247198E+018,-15.7735139132,90,2,139.799619072
1.58764382267282E+018,-6.0480542481,90,2,140.000462848
1.587643822871E+018,-34.0254068375,90,2,140.198638848
1.58764382307208E+018,-53.4019052982,90,2,140.399724032
1.58764382327334E+018,-38.9858722687,90,2,140.600979968
1.58764382347442E+018,-19.5148915052,90,2,140.802056448
1.58764382367427E+018,-10.9919391572,90,2,141.001905408
1.58764382387292E+018,-24.8392105103,90,2,141.200561664
1.5876438240743E+018,-100,90,2,141.401944576
1.5876438242769E+018,-64.061331749,90,2,141.604538624
1.58764382447273E+018,-57.3868393898,90,2,141.800372224
1.5876438246737E+018,-61.1712694168,90,2,142.00133888
1.5876438248779E+018,-57.7425479889,90,2,142.205535744
1.58764382507886E+018,-45.8830207586,90,2,142.406504448
1.58764382527595E+018,-34.644305706,90,2,142.603590656
1.58764382547422E+018,-53.4479439259,90,2,142.801855744
1.58764382567214E+018,-20.9053531289,90,2,142.999778048
1.58764382587166E+018,-37.4501377344,90,2,143.199295744
1.58764382607306E+018,-54.2537748814,90,2,143.400704512
1.58764382627598E+018,-63.3125841618,90,2,143.603623424
1.58764382647524E+018,-65.7060086727,90,2,143.802883072
1.5876438266718E+018,-77.3632287979,90,2,143.999438336
1.587643826872E+018,-68.5902714729,90,2,144.199642624
1.58764382707346E+018,-69.274777174,90,2,144.401102848
1.58764382727571E+018,-61.9878649712,90,2,144.603346944
1.58764382747234E+018,-77.296346426,90,2,144.799981568
1.58764382766911E+018,-64.4460737705,90,2,144.99675392
1.58764382787171E+018,-93.9659655094,90,2,145.199353344
1.58764382807841E+018,-100,90,2,145.406048256
1.58764382826983E+018,-100,90,2,145.597467904
1.58764382846886E+018,-100,90,2,145.796502016
1.58764382867043E+018,-91.6639685631,90,2,145.998069504
1.58764382886927E+018,-88.2779419422,90,2,146.196912128
1.5876438290724E+018,-92.9839968681,90,2,146.400038912
1.58764382927321E+018,-80.8739066124,90,2,146.60084608
1.58764382947164E+018,-100,90,2,146.799278848
1.58764382967196E+018,-88.1345450878,90,2,146.999601664
1.58764382986963E+018,-89.7299587727,90,2,147.197265408
1.58764383007331E+018,-97.7349877357,90,2,147.400948224
1.58764383027374E+018,-72.0047414303,90,2,147.601377024
1.58764383047196E+018,-86.2023532391,90,2,147.799603712
1.58764383067193E+018,-54.7327518463,90,2,147.99956992
1.58764383087278E+018,-78.4667730331,90,2,148.200420608
1.58764383107362E+018,-83.3989799023,90,2,148.401259264
1.58764383127501E+018,-86.1133217812,90,2,148.602645504
1.58764383147179E+018,-50.7011413574,90,2,148.79943168
1.58764383167298E+018,-63.7410163879,90,2,149.000616704
1.58764383187399E+018,-56.2514901161,90,2,149.201631232
1.58764383207284E+018,-82.4652254581,90,2,149.40048128
1.58764383227462E+018,-87.1781170368,90,2,149.602263552
1.58764383247183E+018,-80.9914946556,90,2,149.79946752
1.58764383267221E+018,-64.6246790886,90,2,149.999849472
1.58764383287485E+018,-83.9568078518,90,2,150.20249472
1.58764383307247E+018,-85.8994007111,90,2,150.400109824
1.58764383327282E+018,-100,90,2,150.600458752
1.58764383347191E+018,-90.1122689247,90,2,150.799549952
1.58764383367319E+018,-100,90,2,151.000828416
1.58764383387063E+018,-97.9699790478,90,2,151.198270208
1.58764383407247E+018,-89.1140460968,90,2,151.400105472
1.58764383427322E+018,-84.0708613396,90,2,151.600859904
1.58764383447331E+018,-72.8326976299,90,2,151.80095232
1.58764383467256E+018,-74.7751116753,90,2,152.000198656
1.58764383487211E+018,-79.6658456326,90,2,152.19974528
1.58764383507191E+018,-75.7332980633,90,2,152.399548416
1.58764383527328E+018,-96.5034902096,90,2,152.60091904
1.58764383547372E+018,-88.2622301579,90,2,152.801356544
1.58764383567557E+018,-82.1386873722,90,2,153.003209216
1.58764383587414E+018,-96.4834153652,90,2,153.201777152
1.5876438360767E+018,-93.7268614769,90,2,153.40434432
1.58764383627736E+018,-85.6856942177,90,2,153.604995072
1.58764383647204E+018,-77.1202266216,90,2,153.799678208
1.58764383667305E+018,-100,90,2,154.000688384
1.58764383687449E+018,-97.7747857571,90,2,154.202129664
1.58764383707115E+018,-89.9221777916,90,2,154.398790656
1.58764383727327E+018,-97.2443044186,90,2,154.600908288
1.5876438374716E+018,-84.0122103691,90,2,154.799237632
1.58764383767332E+018,-96.2557792664,90,2,155.000963328
1.58764383787485E+018,-100,90,2,155.202485248
1.58764383807207E+018,-99.3040084839,90,2,155.399705088
1.58764383827209E+018,-71.1992204189,90,2,155.599727104
1.58764383847586E+018,-77.1868646145,90,2,155.803499008
1.58764383867231E+018,-85.4939341545,90,2,155.999953664
1.58764383887477E+018,-100,90,2,156.2024064
1.58764383907287E+018,-100,90,2,156.400514304
1.58764383927351E+018,-94.4764554501,90,2,156.601150208
1.58764383947402E+018,-88.0705237389,90,2,156.801661184
1.58764383967297E+018,-100,90,2,157.000613376
1.58764383987368E+018,-99.5152950287,90,2,157.20132352
1.58764384007527E+018,-98.7043738365,90,2,157.402907904
1.58764384027403E+018,-100,90,2,157.601670656
1.58764384047293E+018,-83.9202642441,90,2,157.80056832
1.58764384067149E+018,-81.9094061852,90,2,157.999130112
1.58764384087249E+018,-87.7273797989,90,2,158.200131072
1.58764384107265E+018,-96.0572123528,90,2,158.40028672
1.58764384127314E+018,-93.6739683151,90,2,158.600775424
1.58764384147271E+018,-100,90,2,158.80035456
1.58764384167267E+018,-76.8126964569,90,2,159.000306944
1.58764384187401E+018,-85.3025794029,90,2,159.201652736
1.58764384207361E+018,-87.9765570164,90,2,159.401250304
1.58764384227882E+018,-99.1330742836,90,2,159.606464
1.58764384247364E+018,-85.0230455399,90,2,159.80128256
1.58764384267509E+018,-90.1421368122,90,2,160.002733056
1.5876438428786E+018,-81.9463610649,90,2,160.206237184
1.58764384307528E+018,-95.9488034248,90,2,160.402924032
1.58764384327196E+018,-68.5693144798,90,2,160.5995968
1.58764384347297E+018,-85.1897776127,90,2,160.8006144
1.58764384367234E+018,-82.2730720043,90,2,160.999983616
1.5876438438723E+018,-76.4005064964,90,2,161.199941632
1.58764384407307E+018,-81.4599573612,90,2,161.400715008
1.58764384427214E+018,-100,90,2,161.599775488
1.58764384447222E+018,-94.0206825733,90,2,161.799858176
1.58764384467619E+018,-54.9247384071,90,2,162.003828736
1.58764384487309E+018,-69.6093976498,90,2,162.20073472
1.58764384507135E+018,-55.5892586708,90,2,162.398992128
1.58764384527276E+018,-46.2147623301,90,2,162.6004032
1.5876438454717E+018,-70.8800792694,90,2,162.799339264
1.58764384567283E+018,-68.8181459904,90,2,163.000466944
1.58764384587173E+018,-60.0431263447,90,2,163.199372544
1.58764384607586E+018,-51.3028979301,90,2,163.4035008
1.5876438462731E+018,-61.3237142563,90,2,163.600738048
1.58764384647344E+018,-68.6099469662,90,2,163.801078272
1.58764384667575E+018,-80.1881670952,90,2,164.003387648
1.58764384687562E+018,-77.1068990231,90,2,164.20325632
1.58764384707583E+018,-62.0008051395,90,2,164.40347008
1.58764384727659E+018,-53.2232403755,90,2,164.604232448
1.58764384747251E+018,-60.0935101509,90,2,164.800150784
1.58764384767358E+018,-67.1515166759,90,2,165.001220608
1.58764384787339E+018,-55.6695759296,90,2,165.201027584
1.58764384807269E+018,-71.7901527882,90,2,165.400328704
1.58764384827249E+018,-61.9281589985,90,2,165.600125952
1.58764384847254E+018,-34.0480029583,90,2,165.80018304
1.58764384867494E+018,-47.2882390022,90,2,166.002576128
1.5876438488712E+018,-72.2374260426,90,2,166.19884032
1.58764384907374E+018,-85.3801429272,90,2,166.401377024
1.58764384927266E+018,-63.0448937416,90,2,166.600302592
1.58764384947227E+018,-40.4297411442,90,2,166.799906048
1.58764384967349E+018,-12.9711151123,90,2,167.001134848
1.58764384987258E+018,-45.848017931,90,2,167.200221184
1.58764385007455E+018,-61.2052559853,90,2,167.402185216
1.58764385027448E+018,-43.455350399,90,2,167.602124288
1.58764385047529E+018,-38.8288676739,90,2,167.802928384
1.58764385067366E+018,-62.3102486134,90,2,168.001301248
1.5876438508745E+018,-51.7110526562,90,2,168.202143232
1.58764385107185E+018,-10.0792720914,90,2,168.399486976
1.5876438512738E+018,-16.1755472422,90,2,168.601435648
1.58764385147194E+018,-38.9405965805,90,2,168.799577344
1.58764385167281E+018,-44.4678336382,90,2,169.000453632
1.58764385187218E+018,-2.2973287851,90,2,169.199817984
1.58764385207229E+018,-22.6100161672,90,2,169.399933184
1.58764385227189E+018,-16.2658825517,90,2,169.599532544
1.5876438524731E+018,-2.2332783788,90,2,169.800735744
1.58764385267436E+018,-18.7352433801,90,2,170.001999104
1.5876438528729E+018,0.2836599946,90,2,170.200536576
1.58764385307227E+018,-11.0810741782,90,2,170.399905024
1.58764385327367E+018,-24.8981058598,90,2,170.601307904
1.58764385347258E+018,-7.3272898793,90,2,170.800220672
1.58764385367376E+018,15.0581270456,90,2,171.001401344
1.58764385387173E+018,0.0660611317,90,2,171.199371776
1.58764385407233E+018,9.1501630843,90,2,171.3999744
1.58764385427368E+018,44.4917678833,90,2,171.601320704
1.58764385447221E+018,21.9201594591,90,2,171.799852544
1.58764385467243E+018,22.484497726,90,2,172.000068864
1.5876438548724E+018,3.2773450017,90,2,172.2000448
1.587643855075E+018,39.8628383875,90,2,172.402637824
1.58764385527325E+018,18.2278558612,90,2,172.600892416
1.58764385547528E+018,19.4018557668,90,2,172.802919424
1.58764385567162E+018,15.4304474592,90,2,172.999260672
1.58764385587445E+018,26.7183303833,90,2,173.20209152
1.58764385607306E+018,27.5731265545,90,2,173.400703744
1.58764385627458E+018,13.9299735427,90,2,173.60222464
1.58764385647417E+018,50.4384934902,90,2,173.80180864
1.58764385667358E+018,24.40110147,90,2,174.001218304
1.58764385687494E+018,59.2503190041,90,2,174.202582528
1.58764385707292E+018,51.014816761,90,2,174.400558592
1.58764385727423E+018,76.6230881214,90,2,174.6018688
1.58764385747261E+018,87.728112936,90,2,174.800254976
1.58764385767154E+018,81.3278317451,90,2,174.999177984
1.58764385787089E+018,54.8833906651,90,2,175.198525952
1.58764385807296E+018,72.2700595856,90,2,175.400600576
1.58764385827231E+018,78.6733925343,90,2,175.599945984
1.58764385847463E+018,55.3024828434,90,2,175.802265344
1.58764385867411E+018,60.1311922073,90,2,176.001753344
1.58764385887271E+018,62.522560358,90,2,176.200347904
1.58764385907213E+018,53.5922110081,90,2,176.399765248
1.58764385927416E+018,62.8372013569,90,2,176.601803264
1.58764385947152E+018,71.6255366802,90,2,176.799155712
1.5876438596712E+018,81.6375315189,90,2,176.998839808
1.58764385987188E+018,96.0337281227,90,2,177.199518208
1.58764386007212E+018,86.8317723274,90,2,177.39976192
1.58764386027516E+018,98.3234882355,90,2,177.602796032
1.5876438604729E+018,98.6848711967,90,2,177.80053504
1.5876438606747E+018,78.7513136864,90,2,178.002336768
1.58764386087419E+018,72.9658007622,90,2,178.20182784
1.58764386107386E+018,97.4252283573,90,2,178.401499136
1.58764386127146E+018,60.1554751396,90,2,178.599100416
1.58764386147214E+018,77.7590751648,90,2,178.799775488
1.58764386167175E+018,68.4377551079,90,2,178.999387904
1.58764386187385E+018,77.8638064861,90,2,179.201487104
1.587643862072E+018,88.7841820717,90,2,179.399643648
1.58764386227221E+018,100,90,2,179.599847936
1.58764386247254E+018,100,90,2,179.8001792
1.58764386267351E+018,73.4345972538,90,2,180.001153024
1.58764386287349E+018,74.8809099197,90,2,180.2011264
1.58764386307149E+018,96.6925442219,90,2,180.3991296
1.58764386327206E+018,81.2399446964,90,2,180.599703808
1.58764386347104E+018,100,90,2,180.798683904
1.58764386367285E+018,93.4974312782,90,2,181.00048896
1.58764386387567E+018,100,90,2,181.203305984
1.58764386407588E+018,86.8447065353,90,2,181.403518976
1.58764386427353E+018,99.4702279568,90,2,181.601166848
1.58764386447219E+018,95.8121955395,90,2,181.799825408
1.58764386467206E+018,86.8208110332,90,2,181.999697408
1.58764386487363E+018,71.268928051,90,2,182.201266944
1.58764386507473E+018,80.9625685215,90,2,182.402370304
1.58764386527374E+018,78.4520149231,90,2,182.601377024
1.58764386547484E+018,72.401446104,90,2,182.80247552
1.58764386567562E+018,61.8609905243,90,2,183.003256832
1.58764386587643E+018,83.7357282639,90,2,183.204070144
1.587643866072E+018,63.1898522377,90,2,183.399638784
1.58764386627243E+018,75.7473886013,90,2,183.600070144
1.58764386647125E+018,84.9419414997,90,2,183.798891008
1.58764386667206E+018,71.3412761688,90,2,183.999703552
1.58764386687291E+018,63.9621019363,90,2,184.200546304
1.58764386707251E+018,60.795712471,90,2,184.400151808
1.58764386727438E+018,55.2275419235,90,2,184.602022144
1.58764386747458E+018,89.2592906952,90,2,184.802221056
1.58764386767276E+018,74.6114015579,90,2,185.000396288
1.58764386787583E+018,81.0039162636,90,2,185.203470848
1.58764386807319E+018,52.5583267212,90,2,185.400829952
1.58764386827803E+018,41.2004262209,90,2,185.605666304
1.58764386847677E+018,45.9967672825,90,2,185.804406784
1.58764386867229E+018,41.044268012,90,2,185.999930624
1.58764386887446E+018,21.7841237783,90,2,186.202097664
1.58764386907464E+018,16.7131632566,90,2,186.402281728
1.5876438692717E+018,22.444036603,90,2,186.5993408
1.58764386947484E+018,13.2936164737,90,2,186.80247552
1.58764386967497E+018,29.3937534094,90,2,187.002613504
1.58764386987399E+018,34.5844745636,90,2,187.201626112
1.58764387007134E+018,43.7833845615,90,2,187.398977536
1.5876438702719E+018,31.5162956715,90,2,187.599543296
1.587643870472E+018,12.2068107128,90,2,187.799643648
1.58764387067422E+018,17.4839228392,90,2,188.0018624
1.58764387087228E+018,9.9439233542,90,2,188.199916032
1.58764387107242E+018,17.1883240342,90,2,188.400063744
1.58764387127456E+018,11.9431346655,90,2,188.602199808
1.58764387147343E+018,4.2845651507,90,2,188.801074944
1.58764387167523E+018,7.3488488793,90,2,189.002867712
1.5876438718747E+018,-14.7193461657,90,2,189.202341376
1.58764387207353E+018,-20.794095099,90,2,189.401167104
1.58764387227151E+018,-39.8535966873,90,2,189.599150848
1.58764387247344E+018,-27.9659450054,90,2,189.801077504
1.58764387267318E+018,-35.3615134954,90,2,190.000823808
1.58764387287129E+018,-10.4908958077,90,2,190.198928896
1.58764387307251E+018,-29.4844806194,90,2,190.400154624
1.58764387327089E+018,-18.5185953975,90,2,190.598533888
1.58764387347259E+018,-43.4181332588,90,2,190.8002304
1.58764387367278E+018,-20.0743123889,90,2,191.00042368
1.58764387387294E+018,100,90,2,191.200584448
1.5876438740728E+018,100,90,2,191.400434944
1.58764387427211E+018,100,90,2,191.599748608
1.58764387447493E+018,100,90,2,191.802570752
1.58764387467207E+018,100,90,2,191.999707136
1.58764387487269E+018,100,90,2,192.200327424
1.58764387507345E+018,100,90,2,192.40108672
1.58764387527471E+018,100,90,2,192.602347264
1.58764387548028E+018,100,90,2,192.807917568
1.58764387567461E+018,100,90,2,193.002249216
1.58764387587568E+018,100,90,2,193.20332032
1.58764387607066E+018,100,90,2,193.398303744
1.58764387627186E+018,100,90,2,193.599496192
1.58764387647282E+018,100,90,2,193.800462336
1.58764387667232E+018,100,90,2,193.999957248
1.58764387687219E+018,100,90,2,194.199828224
1.58764387707426E+018,100,90,2,194.401902592
1.58764387727273E+018,100,90,2,194.60036992
1.58764387747703E+018,100,90,2,194.80466688
1.58764387767135E+018,100,90,2,194.998990336
1.58764387787239E+018,100,90,2,195.20002688
1.5876438780728E+018,100,90,2,195.400443648
1.58764387827337E+018,100,90,2,195.601010944
1.58764387847385E+018,100,90,2,195.801488896
1.58764387867198E+018,100,90,2,195.999624448
1.58764387887335E+018,100,90,2,196.200994816
1.58764387907321E+018,100,90,2,196.400847872
1.58764387927295E+018,100,90,2,196.600590848
1.5876438794732E+018,100,90,2,196.800835328
1.58764387967357E+018,100,90,2,197.001212416
1.58764387987198E+018,100,90,2,197.19962112
1.58764388007514E+018,100,90,2,197.40278272
1.58764388027314E+018,100,90,2,197.60077568
1.58764388047307E+018,100,90,2,197.80070912
1.58764388067298E+018,100,90,2,198.000622848
1.58764388087235E+018,100,90,2,198.199991808
1.58764388107524E+018,100,90,2,198.402881024
1.58764388127307E+018,100,90,2,198.60070912
1.58764388147511E+018,100,90,2,198.802748416
1.5876438816733E+018,100,90,2,199.000936704
1.58764388187823E+018,100,90,2,199.205874944
1.58764388207298E+018,100,90,2,199.400615168
1.58764388227206E+018,100,90,2,199.599696896
1.58764388247639E+018,100,90,2,199.804032512
1.5876438826745E+018,100,90,2,200.002143744
1.5876438828722E+018,100,90,2,200.199835904
1.58764388307197E+018,100,90,2,200.399606272
1.58764388327308E+018,100,90,2,200.600715264
1.58764388347274E+018,100,90,2,200.800375296
1.58764388367198E+018,100,90,2,200.99962368
1.58764388387299E+018,100,90,2,201.20062848
1.58764388407179E+018,100,90,2,201.399431424
1.58764388427309E+018,100,90,2,201.600732672
1.58764388447263E+018,100,90,2,201.8002688
1.58764388467244E+018,100,90,2,202.00008064
1.58764388487211E+018,100,90,2,202.199745024
1.58764388507093E+018,100,90,2,202.398567424
1.58764388527264E+018,100,90,2,202.600279552
1.58764388547356E+018,100,90,2,202.80119552
1.58764388567157E+018,100,90,2,202.999207936
1.58764388587259E+018,100,90,2,203.200230144
1.58764388607323E+018,100,90,2,203.400871168
1.58764388627359E+018,100,90,2,203.60123392
1.58764388647107E+018,100,90,2,203.798709504
1.58764388667399E+018,100,90,2,204.001629696
1.58764388687205E+018,100,90,2,204.199688192
1.58764388707441E+018,100,90,2,204.40204928
1.58764388727239E+018,100,90,2,204.600034304
1.58764388747194E+018,100,90,2,204.7995776
1.587643887674E+018,100,90,2,205.001639424
1.5876438878728E+018,100,90,2,205.200440064
1.58764388807427E+018,100,90,2,205.401909504
1.58764388827476E+018,100,90,2,205.602404864
1.58764388847269E+018,100,90,2,205.800327168
1.5876438886744E+018,100,90,2,206.0020416
1.58764388887257E+018,100,90,2,206.200210944
1.58764388907214E+018,100,90,2,206.399775744
1.58764388927229E+018,100,90,2,206.599929856
1.58764388947232E+018,100,90,2,206.799957248
1.58764388967141E+018,100,90,2,206.999048448
1.58764388987254E+018,100,90,2,207.200177664
1.58764389007319E+018,100,90,2,207.400828416
1.58764389027263E+018,100,90,2,207.600267776
1.58764389047363E+018,100,90,2,207.801268736
1.58764389067429E+018,100,90,2,208.00193408
1.58764389087343E+018,100,90,2,208.201071616
1.58764389107345E+018,100,90,2,208.401092864
1.58764389127448E+018,100,90,2,208.602115072
1.58764389147443E+018,96.8790173531,90,2,208.802074112
1.58764389167408E+018,93.4956789017,90,2,209.001719296
1.58764389187524E+018,90.3221905231,90,2,209.202877952
1.58764389207194E+018,71.8546032906,90,2,209.399576576
1.58764389227225E+018,63.6559009552,90,2,209.599887872
1.58764389247257E+018,35.7432126999,90,2,209.800213248
1.5876438926728E+018,75.0043153763,90,2,210.000436736
1.58764389287287E+018,55.5394113064,90,2,210.200510976
1.58764389307365E+018,55.9707581997,90,2,210.4012928
1.58764389327375E+018,35.5034381151,90,2,210.6013888
1.58764389347187E+018,39.8681104183,90,2,210.799513344
1.58764389367198E+018,13.0153477192,90,2,210.999622656
1.58764389387214E+018,11.2566024065,90,2,211.199782144
1.58764389407251E+018,4.9532234669,90,2,211.400152064
1.58764389427418E+018,42.0032322407,90,2,211.601820928
1.58764389447423E+018,12.0498485863,90,2,211.801874432
1.58764389467253E+018,3.0808053911,90,2,212.0001664
1.58764389487263E+018,-29.8756539822,90,2,212.2002688
1.58764389507209E+018,-44.5053517818,90,2,212.399725056
1.58764389527215E+018,-40.713724494,90,2,212.599794688
1.58764389547154E+018,-55.4881095886,90,2,212.799176448
1.58764389567361E+018,-65.6407952309,90,2,213.001254144
1.58764389587317E+018,-82.6908946037,90,2,213.200807936
1.58764389607219E+018,-76.3489663601,90,2,213.399829504
1.58764389627338E+018,-61.1075937748,90,2,213.601015296
1.58764389647402E+018,-69.1635489464,90,2,213.801656832
1.5876438966763E+018,-72.4017441273,90,2,214.003938816
1.58764389687329E+018,-66.2069618702,90,2,214.200928256
1.58764389707509E+018,-60.1938545704,90,2,214.402732544
1.58764389727559E+018,-56.4558565617,90,2,214.603231744
1.58764389747578E+018,-64.1888260841,90,2,214.80341504
1.58764389767345E+018,-61.3991975784,90,2,215.001092096
1.58764389787273E+018,-87.1647238731,90,2,215.200366592
1.58764389807246E+018,-84.3616425991,90,2,215.400101376
1.5876438982741E+018,-86.0388040543,90,2,215.60173952
1.58764389847349E+018,-57.7277421951,90,2,215.80112512
1.58764389867236E+018,-56.6186964512,90,2,216.000003328
1.58764389887221E+018,-50.8331954479,90,2,216.199852032
1.58764389907316E+018,-46.5928852558,90,2,216.400797696
1.58764389927221E+018,-52.7763009071,90,2,216.599845376
1.58764389947268E+018,-68.9296364784,90,2,216.80032128
1.58764389967152E+018,-73.5099554062,90,2,216.999157248
1.58764389987532E+018,-69.6803331375,90,2,217.202959104
1.58764390007204E+018,-54.3640077114,90,2,217.399675648
1.58764390027225E+018,-53.8313567638,90,2,217.59988992
1.58764390047653E+018,-44.7239398956,90,2,217.804173312
1.58764390067481E+018,-46.4331895113,90,2,218.002447872
1.58764390087226E+018,-47.5615888834,90,2,218.199898368
1.58764390107222E+018,-39.2405122519,90,2,218.399858176
1.58764390127033E+018,-38.3617639542,90,2,218.59796736
1.58764390147323E+018,-40.4386907816,90,2,218.800868864
1.58764390167401E+018,-49.3111819029,90,2,219.00165248
1.58764390187623E+018,-42.649397254,90,2,219.20387072
1.58764390207609E+018,-50.1166641712,90,2,219.403729664
1.58764390227282E+018,-60.6667637825,90,2,219.600457984
1.58764390247178E+018,-54.2779743671,90,2,219.799422976
1.58764390267211E+018,-30.7655632496,90,2,219.999750656
1.58764390287315E+018,-34.0524464846,90,2,220.20079488
1.58764390307422E+018,-20.200304687,90,2,220.401860096
1.58764390327008E+018,-2.4793922901,90,2,220.597719808
1.58764390347361E+018,-17.7671462297,90,2,220.801247744
1.58764390367201E+018,-18.0334568024,90,2,220.999649792
1.58764390387169E+018,-20.069244504,90,2,221.19933312
1.58764390407233E+018,-19.0132811666,90,2,221.39997312
1.58764390427321E+018,1.4217764139,90,2,221.600853248
1.5876439044741E+018,-24.2361545563,90,2,221.801737984
1.58764390467754E+018,-48.1850415468,90,2,222.005175296
1.58764390487451E+018,-16.7459785938,90,2,222.202147328
1.58764390507503E+018,-8.4421716631,90,2,222.402668032
1.5876439052722E+018,-14.4939780235,90,2,222.599838208
1.58764390547526E+018,-10.1874381304,90,2,222.80289792
1.58764390567472E+018,-30.5345743895,90,2,223.002356736
1.5876439058724E+018,0.0409297645,90,2,223.200036608
1.58764390607359E+018,-21.1589425802,90,2,223.401225216
1.58764390627444E+018,-21.6859459877,90,2,223.602079232
1.58764390647283E+018,-17.2757253051,90,2,223.800471552
1.58764390667405E+018,-12.1699534357,90,2,224.001689344
1.58764390687544E+018,-3.3285818994,90,2,224.20308352
1.58764390707277E+018,-10.3513464332,90,2,224.400414208
1.58764390727467E+018,-16.3767069578,90,2,224.602307584
1.58764390747295E+018,-8.4331169725,90,2,224.800592384
1.58764390768034E+018,11.5565545857,90,2,225.007977984
1.58764390787336E+018,-14.8383975029,90,2,225.2009984
1.58764390807538E+018,0.0655479729,90,2,225.403024896
1.58764390827504E+018,16.642062366,90,2,225.602679296
1.58764390847294E+018,-27.3321062326,90,2,225.80057728
1.58764390867216E+018,-23.6311554909,90,2,225.999799808
1.58764390887215E+018,-15.1876315475,90,2,226.199789824
1.58764390907435E+018,-7.2298884392,90,2,226.40199168
1.58764390927441E+018,-7.929880172,90,2,226.60204544
1.58764390947198E+018,-13.4487092495,90,2,226.79962112
1.58764390967237E+018,-16.0300433636,90,2,227.000014336
1.5876439098728E+018,-1.6519673169,90,2,227.20044032
1.58764391007379E+018,2.6084272191,90,2,227.401429248
1.58764391027217E+018,-7.9400837421,90,2,227.599808512
1.58764391047206E+018,-2.7543187141,90,2,227.79970048
1.58764391067235E+018,16.1974608898,90,2,227.99998592
1.58764391087149E+018,-3.0146900564,90,2,228.19913088
1.58764391107236E+018,3.8054998964,90,2,228.39999872
1.58764391127319E+018,5.5179730058,90,2,228.60082688
1.58764391147657E+018,25.253880024,90,2,228.80420992
1.58764391167285E+018,-17.9997622967,90,2,229.000487936
1.58764391187322E+018,5.9115301818,90,2,229.200859904
1.58764391207175E+018,2.4242587388,90,2,229.399392
1.58764391227338E+018,-13.5343000293,90,2,229.601019648
1.5876439124772E+018,-6.979496032,90,2,229.804836864
1.58764391267283E+018,-1.4308515936,90,2,230.00046848
1.58764391287171E+018,-1.4503818005,90,2,230.19935232
1.58764391307299E+018,-8.8563084602,90,2,230.400630784
1.58764391327319E+018,3.8947630674,90,2,230.600832768
1.58764391347279E+018,3.9317987859,90,2,230.8004288
1.58764391367189E+018,12.0535813272,90,2,230.99953408
1.58764391387325E+018,-12.7347499132,90,2,231.200893184
1.58764391407231E+018,24.9745041132,90,2,231.39994752
1.58764391427212E+018,-8.6718380451,90,2,231.599755008
1.58764391447461E+018,14.9575591087,90,2,231.802254848
1.58764391467557E+018,-0.3098875284,90,2,232.003207168
1.58764391487365E+018,23.8562360406,90,2,232.201290752
1.58764391507332E+018,-10.0253492594,90,2,232.400957952
1.58764391527503E+018,-7.9832181335,90,2,232.602667008
1.58764391547323E+018,14.8059338331,90,2,232.800872448
1.58764391567661E+018,-17.3839509487,90,2,233.004252928
1.58764391587364E+018,21.2725237012,90,2,233.201282048
1.58764391607251E+018,-10.9637618065,90,2,233.400150528
1.58764391627364E+018,22.3242998123,90,2,233.601282048
1.58764391647216E+018,17.7258133888,90,2,233.799801856
1.58764391667442E+018,22.9571998119,90,2,234.002064128
1.58764391687227E+018,-10.2319389582,90,2,234.199913728
1.58764391707256E+018,17.9248973727,90,2,234.400196864
1.58764391727225E+018,1.952460222,90,2,234.599887104
1.58764391747285E+018,-5.7923041284,90,2,234.800486912
1.58764391767234E+018,0.075520575,90,2,234.999975424
1.5876439178733E+018,2.7214799076,90,2,235.20093568
1.58764391807625E+018,-9.5583803952,90,2,235.403892736
1.58764391827561E+018,6.4531676471,90,2,235.603254784
1.58764391847545E+018,2.9283754528,90,2,235.803092992
1.58764391867596E+018,-5.7860910893,90,2,236.00360192
1.58764391887545E+018,-5.5054105818,90,2,236.203085312
1.587643919072E+018,2.7209293097,90,2,236.399636992
1.58764391927559E+018,19.1732317209,90,2,236.60323456
1.58764391947224E+018,12.4519601464,90,2,236.799875584
1.58764391967222E+018,14.1731709242,90,2,236.99986432
1.58764391987316E+018,-9.6428878605,90,2,237.200802304
1.58764392007155E+018,-3.6762326956,90,2,237.399194112
1.58764392027235E+018,-7.5255647302,90,2,237.599987712
1.58764392047503E+018,7.7947594225,90,2,237.802672384
1.58764392067224E+018,-10.3381067514,90,2,237.999881728
1.58764392087163E+018,14.768537879,90,2,238.199273984
1.58764392107229E+018,-4.6392463148,90,2,238.399929344
1.58764392127028E+018,17.9032608867,90,2,238.59792128
1.5876439214727E+018,-8.0183148384,90,2,238.800336896
1.58764392167727E+018,-2.0620986819,90,2,239.004913152
1.58764392187474E+018,8.2988664508,90,2,239.202380544
1.58764392207478E+018,-7.772385329,90,2,239.402422272
1.58764392227216E+018,-6.3630923629,90,2,239.599798272
