%time,field.star_effort,field.port_effort,secs_since_start
1590602380938360435,0.273468345404,-0.137487798929,0.0
1590602381140258954,0.182943046093,-0.208606570959,0.201898752
1590602381345111703,0.15640296042,-0.26888474822,0.406751488
1590602381536554187,0.239293277264,-0.224358588457,0.59819392
1590602381740286539,0.240321084857,-0.198582559824,0.801926144
1590602381945271236,0.261045247316,-0.173008814454,1.006910976
1590602382142774822,0.270638242364,-0.154270604253,1.204414464
1590602382336549095,0.0988643616438,-0.29472373426,1.3981888
1590602382552356790,0.216237083077,-0.264816731215,1.613996544
1590602382741756383,0.234759226441,-0.224054604769,1.803396096
1590602382938795761,0.250828266144,-0.194595381618,2.000435456
1590602383139049615,-0.523420795798,0.620841234922,2.200689408
1590602383334940195,-0.51502995193,0.450076907873,2.39657984
1590602383534622470,-0.331635400653,0.263984501362,2.596262144
1590602383744339364,-0.167470052838,0.165347754955,2.805979136
1590602383945076859,-0.0578850507736,0.0968549400568,3.006716416
1590602384140505230,0.0208541750908,0.0461529940367,3.202145024
1590602384334981744,0.0802434980869,0.00765435397625,3.396621312
1590602384543567021,-0.0476025044918,-0.166951864958,3.605206784
1590602384737205423,0.0736180692911,-0.18110498786,3.798845184
1590602384941124473,0.113519653678,-0.164179503918,4.002764032
1590602385142123701,0.139625370502,-0.148810446262,4.203763456
1590602385346024254,0.156823918223,-0.136392563581,4.407663872
1590602385540454924,0.0697359442711,-0.211099162698,4.602094592
1590602385741468726,0.0453464686871,-0.27154609561,4.803108352
1590602385936865789,0.114626064897,-0.235841423273,4.998505472
1590602386143214522,0.129689648747,-0.199471414089,5.204854272
1590602386339110509,0.141004100442,-0.172305107117,5.40075008
1590602386551917642,0.146527588367,-0.153051316738,5.613557248
1590602386738784642,0.0530432909727,-0.222217291594,5.800424448
1590602386944665960,0.0220470130444,-0.28232857585,6.006305536
1590602387151145445,0.0873692333698,-0.246305391192,6.212785152
1590602387339929023,0.0989824533463,-0.209754705429,6.401568768
1590602387548181512,0.109273195267,-0.181988626719,6.609821184
1590602387745773937,0.115454941988,-0.162219256163,6.807413504
1590602387940539037,0.020669773221,-0.234254077077,7.002178816
1590602388139984984,-0.00902935862541,-0.295551121235,7.201624576
1590602388335882843,0.05615465343,-0.260270386934,7.397522432
1590602388546769821,0.0679865479469,-0.224895402789,7.6084096
1590602388738608198,0.0787127763033,-0.198537483811,7.800247808
1590602388936928256,0.0849027186632,-0.180220231414,7.998567936
1590602389136986049,-0.0603049993515,-0.298691168427,8.198625792
1590602389347092394,-0.00951774418354,-0.312798842788,8.40873216
1590602389537394666,0.029220059514,-0.273677706718,8.599034368
1590602389744234684,0.0432401895523,-0.239700451493,8.805874432
1590602389949935183,0.0519599765539,-0.216379761696,9.011574784
1590602390146973176,0.0578537583351,-0.200428441167,9.208612864
1590602390335821643,0.0611856579781,-0.189856812358,9.397461248
1590602390542526768,-0.115720182657,-0.340090692043,9.6041664
1590602390749941709,-0.00208951532841,-0.315353646874,9.81158144
1590602390943479871,0.00985525548458,-0.277895852923,10.005119488
1590602391138833886,0.0211931765079,-0.251069664955,10.2004736
1590602391339836343,0.0289149582386,-0.232172757387,10.401476096
1590602391541612017,0.0331781804562,-0.21984167397,10.603251712
1590602391744223069,-0.0630360096693,-0.298491865396,10.805862656
1590602391940544619,0.69584697485,-1.21627822518,11.002184192
1590602392136296786,3.51921021938,-4.30969856679,11.197936384
1590602392337789658,5.79133108258,-7.50001445413,11.399429376
1590602392541785618,18.5901537538,-21.8584731221,11.60342528
1590602392742604509,28.839173913,-36.5705788136,11.804244224
1590602392941160768,30.9400290251,-44.3352222443,12.002800384
1590602393135727642,51.154333353,-68.445366621,12.197367296
1590602393339573246,67.8495824337,-79.5273244381,12.401212928
1590602393542823137,85.558784008,-90.3665304184,12.604462848
1590602393745840459,100.0,-99.2218911648,12.807480064
1590602393937637324,100.0,-100.0,12.999277056
1590602394138727493,100.0,-100.0,13.200367104
1590602394357910104,100.0,-100.0,13.419549696
1590602394537274581,100.0,-100.0,13.598914304
1590602394741919928,100.0,-100.0,13.80355968
1590602394937217447,100.0,-100.0,13.998857216
1590602395141772087,100.0,-100.0,14.203411712
1590602395338580680,100.0,-100.0,14.400220416
1590602395547961443,100.0,-100.0,14.609601024
1590602395745456001,100.0,-100.0,14.807095808
1590602395948900182,100.0,-100.0,15.010539776
1590602396140150759,100.0,-100.0,15.201790464
1590602396345625531,100.0,-100.0,15.40726528
1590602396542486028,100.0,-100.0,15.604125696
1590602396744235102,100.0,-100.0,15.805874688
1590602396948097784,100.0,-100.0,16.009737472
1590602397139141601,100.0,-100.0,16.200781312
1590602397343894754,100.0,-100.0,16.405534464
1590602397536931454,100.0,-100.0,16.598571008
1590602397740554097,100.0,-100.0,16.802193664
1590602397938314150,100.0,-100.0,16.99995392
1590602398141497527,100.0,-100.0,17.20313728
1590602398338101302,100.0,-100.0,17.399740928
1590602398547616913,100.0,-100.0,17.609256704
1590602398739187502,100.0,-100.0,17.800827136
1590602398945431373,100.0,-100.0,18.007070976
1590602399135981053,100.0,-100.0,18.197620736
1590602399354791952,100.0,-100.0,18.416431616
1590602399552297194,100.0,-100.0,18.613936896
1590602399750380411,100.0,-100.0,18.812019968
1590602399935695092,100.0,-100.0,18.997334784
1590602400135145952,100.0,-100.0,19.196785664
1590602400339849767,100.0,-100.0,19.401489408
1590602400536957262,100.0,-100.0,19.598596864
1590602400743448959,100.0,-100.0,19.805088512
1590602400940690848,100.0,-100.0,20.002330624
1590602401139272285,100.0,-100.0,20.200911872
1590602401336484775,100.0,-100.0,20.398124544
1590602401535531473,100.0,-100.0,20.5971712
1590602401743520910,100.0,-100.0,20.805160704
1590602401935942106,100.0,-100.0,20.997581824
1590602402144854728,100.0,-100.0,21.206494464
1590602402344998661,100.0,-100.0,21.406638336
1590602402536767632,100.0,-100.0,21.598407424
1590602402741994513,100.0,-100.0,21.803634176
1590602402936235682,100.0,-100.0,21.997875456
1590602403138385976,100.0,-96.198540926,22.2000256
1590602403336891424,100.0,-88.1475687027,22.398531072
1590602403538775852,94.5211529732,-80.4116487503,22.600415488
1590602403742346402,85.5100333691,-73.5949873924,22.803986176
1590602403934999495,77.3721635342,-67.8652822971,22.996639232
1590602404137761861,69.5027947426,-61.7183327675,23.199401472
1590602404340341319,61.6610050201,-55.7183563709,23.401980928
1590602404542278640,54.2454838753,-49.6884346008,23.603918336
1590602404737148044,47.5092053413,-43.6589747667,23.79878784
1590602404937637210,40.4462486506,-36.8928849697,23.9992768
1590602405139687909,26.01518929,-23.3894139528,24.201327616
1590602405339568307,31.5136492252,-29.8956930637,24.401208064
1590602405541881596,32.3556631804,-23.927898705,24.60352128
1590602405736524747,22.7915138006,-15.3310358524,24.79816448
1590602405942867853,9.04655233026,-2.86116283387,25.004507648
1590602406135094350,0.158467888832,7.1474224329,25.196733952
1590602406343709896,-5.47523200512,16.5759697556,25.405349632
1590602406537771305,-12.3070426285,28.3673375845,25.599410944
1590602406744057184,-18.350237608,39.0276372433,25.805696768
1590602406937690162,-23.0638489127,47.6990699768,25.999329792
1590602407136483990,-25.7735908031,56.4811766148,26.198123776
1590602407342673888,-28.9571225643,64.3467664719,26.4043136
1590602407540491191,-33.1379234791,74.2913126945,26.602130944
1590602407737783609,-39.5865142345,84.6488237381,26.799423232
1590602407938770123,-43.3999478817,93.9056992531,27.000409856
1590602408143041266,-55.9406161308,100.0,27.20468096
1590602408338951994,-57.9182505608,100.0,27.400591616
1590602408541609069,-37.5989556313,100.0,27.60324864
1590602408738190814,-33.5735946894,100.0,27.799830528
1590602408941443313,-45.5408632755,100.0,28.003083008
1590602409142005784,-46.7803448439,100.0,28.20364544
1590602409342106543,-58.5889458656,100.0,28.403746304
1590602409539854017,-66.0182714462,100.0,28.60149376
1590602409746449698,-71.373295784,100.0,28.808089344
1590602409937918581,-79.0743470192,100.0,28.999558144
1590602410139212725,-83.6015403271,100.0,29.20085248
1590602410341898330,-86.7382764816,100.0,29.40353792
1590602410543641068,-89.8940086365,100.0,29.605280768
1590602410741754608,-94.580411911,100.0,29.803394304
1590602410938414438,-95.5741405487,100.0,30.000054016
1590602411142970531,-97.356146574,100.0,30.204610304
1590602411336007807,-97.2270786762,100.0,30.39764736
1590602411551361141,-96.914690733,100.0,30.613000704
1590602411744207370,-96.8823075294,100.0,30.80584704
1590602411950151472,-97.3577439785,100.0,31.011791104
1590602412153067140,-97.2261071205,100.0,31.214706944
1590602412341695746,-97.6022183895,100.0,31.403335424
1590602412539554394,-100.0,100.0,31.601193984
1590602412736601687,-100.0,95.6558525562,31.79824128
1590602412945467571,-94.4704890251,86.8129968643,32.007107328
1590602413147987006,-94.1276788712,78.7398517132,32.209626624
1590602413339573451,-99.7855961323,74.8055577278,32.401213184
1590602413541478145,-100.0,72.4106371403,32.603117824
1590602413739856109,-100.0,68.6131775379,32.801495808
1590602413940321928,-100.0,64.6780788898,33.001961728
1590602414140965210,-100.0,60.6299340725,33.2026048
1590602414340389657,-100.0,54.7851681709,33.402029312
1590602414542250011,-100.0,48.7862408161,33.603889664
1590602414743962047,-100.0,44.2375600338,33.805601792
1590602414940801981,-98.925614357,40.1850491762,34.002441728
1590602415139069694,-95.8565056324,36.7011487484,34.200709376
1590602415342259118,-92.404717207,33.9227586985,34.40389888
1590602415538229362,-88.2939755917,32.1569949389,34.599868928
1590602415739097994,-84.0383172035,30.7825267315,34.800737792
1590602415935988240,-80.4748892784,29.47229743,34.997627904
1590602416144434760,-76.9056975842,30.3901910782,35.206074368
1590602416339760510,-72.9969441891,29.628610611,35.401400064
1590602416540442937,-65.9552156925,26.6024112701,35.60208256
1590602416742548921,-62.0568394661,26.0664612055,35.804188672
1590602416937629515,-58.3689332008,28.5851120949,35.99926912
1590602417149099528,-53.6604702473,30.7937204838,36.2107392
1590602417345212941,-49.6540397406,32.0999115705,36.406852608
1590602417541146865,-46.195974946,32.6308965683,36.60278656
1590602417741976295,-43.2134181261,32.6896607876,36.803616
1590602417936785956,-39.8885339499,31.9384336472,36.9984256
1590602418142701634,-37.4889642,31.2073141336,37.204341248
1590602418349060863,-34.7924202681,29.8951476812,37.410700544
1590602418545231678,-32.6826334,28.845179081,37.606871296
1590602418734696556,-30.700263381,27.8093099594,37.796336128
1590602418941626418,-29.0461033583,26.207241416,38.003266048
1590602419144271315,-26.940959692,25.4724621773,38.20591104
1590602419338261167,-24.901175499,23.4361574054,38.399900928
1590602419536064775,-23.1532990932,21.5703502297,38.597704448
1590602419744188901,-22.7085188031,20.7824900746,38.805828608
1590602419941901735,-21.4208245277,19.0949425101,39.003541504
1590602420138813817,-19.8819294572,17.1175256371,39.200453376
1590602420340325009,-18.541868031,15.2237966657,39.4019648
1590602420537582250,-17.3864409328,13.6554777622,39.599222016
1590602420744695384,-16.1478042603,12.2877925634,39.806334976
1590602420937749159,-15.0250762701,10.712839663,39.999388928
1590602421135586996,-13.6441349983,8.82229804993,40.197226752
1590602421340916062,-12.5174105167,7.14306980371,40.402555648
1590602421544062282,-11.3804936409,5.59922643006,40.605701888
1590602421739884772,-10.5092771351,4.48388196528,40.80152448
1590602421941888664,-9.38177108765,3.29825617373,41.003528448
1590602422136837505,-8.43683332205,1.92355625331,41.198477312
1590602422338997067,-6.49485737085,0.559074804187,41.400636672
1590602422544343275,-6.00747577846,-0.115634128451,41.605982976
1590602422756762986,-4.81225624681,-1.71622671187,41.81840256
1590602422935091321,-4.08447980881,-2.86590047181,41.99673088
1590602423145031866,-4.30185012519,-1.70421935618,42.206671616
1590602423342253578,-4.04472723603,-2.27617453784,42.403893248
1590602423544326947,-3.39159555733,-4.00443635881,42.605966592
1590602423742661871,-2.07342728972,-5.07295541465,42.804301568
1590602423937739281,-1.62404235452,-5.4193213582,42.999378944
1590602424145223862,-0.72298720479,-6.26949965954,43.206863616
1590602424338681287,0.00346638262272,-6.8838506937,43.400321024
1590602424539212663,0.461600348353,-7.52118974924,43.600852224
1590602424743939844,0.527890026569,-7.46325105429,43.80557952
1590602424938944141,0.933656096458,-7.59442746639,44.000583936
1590602425137306069,1.30740366876,-8.05143490434,44.198945792
1590602425341647450,1.21936090291,-7.9179495573,44.40328704
1590602425536521586,1.60881467164,-7.55969509482,44.598161152
1590602425737893324,1.75535567105,-7.51286745071,44.799533056
1590602425941758476,1.35025195777,-6.65330663323,45.003398144
1590602426139299059,2.36344188452,-7.22426921129,45.200938752
1590602426337831130,1.11972801387,-5.902582407,45.399470848
1590602426538220594,1.20903104544,-5.44743202627,45.599860224
1590602426750841696,1.25339068472,-5.3270470351,45.81248128
1590602426939207016,1.24175958335,-5.28996437788,46.000846592
1590602427136719523,1.60402916372,-5.58169558644,46.198359296
1590602427336445518,1.805325225,-5.84736689925,46.39808512
1590602427537372592,2.19851024449,-6.2096811831,46.599012352
1590602427734943664,1.88690498471,-5.83491399884,46.796583424
1590602427948238103,2.39702016115,-6.2310308218,47.00987776
1590602428142549234,2.18844711781,-6.01729825139,47.204188928
1590602428343710979,2.04928554595,-5.80232329667,47.405350656
1590602428544062625,2.07877792418,-5.7158626616,47.6057024
1590602428743707796,1.6992341727,-5.3407728672,47.805347584
1590602428939000029,1.72279030085,-5.24289309978,48.000639744
1590602429135459919,1.51955708861,-4.88088615239,48.19709952
1590602429344096789,1.74342244864,-5.04045151174,48.405736448
1590602429537372498,1.57093517482,-4.68298904598,48.599012096
1590602429737035407,1.44355297089,-4.25998196006,48.7986752
1590602429949082027,1.3829048723,-4.01700213552,49.010721792
1590602430141452740,1.47769115865,-3.89321930707,49.20309248
1590602430342292908,1.50234997272,-3.8480438292,49.403932672
1590602430539568366,1.0075122118,-3.49366739392,49.601208064
1590602430742498869,1.19236893952,-3.40170860291,49.804138496
1590602430942884116,0.905913859606,-3.10276672244,50.004523776
1590602431146847264,1.11827030778,-3.26948985457,50.208486912
1590602431336993234,1.03854387999,-3.14689427614,50.39863296
1590602431538760773,1.39060243964,-3.30015569925,50.600400384
1590602431743640205,1.34263858199,-3.31418476999,50.80528
1590602431935574731,1.20797753334,-2.93781552464,50.997214464
1590602432140339593,1.14418230951,-2.78666298836,51.201979392
1590602432339812323,1.09547115862,-2.58860122412,51.401452032
1590602432543856117,1.05086639524,-2.49160025269,51.605495808
1590602432739594479,1.14715211093,-2.40634642541,51.801234176
1590602432946224772,1.20584219694,-2.38936692476,52.007864576
1590602433137074517,1.24188289046,-2.27546971291,52.198714112
1590602433346983850,1.17284357548,-2.10073236376,52.408623616
1590602433545489728,0.918769091368,-1.79608017206,52.607129344
1590602433737128785,0.941567867994,-1.88870802522,52.798768384
1590602433944146220,1.08797587454,-1.88225284219,53.005785856
1590602434142994557,0.900132209063,-1.7346419394,53.204634112
1590602434345564755,0.914982706308,-1.5913836658,53.407204352
1590602434546355181,0.930739566684,-1.46098397672,53.60799488
1590602434749276998,1.13821849227,-1.68872848153,53.810916608
1590602434939358016,0.896054133773,-1.4376167208,54.000997632
1590602435142267333,1.29254162312,-1.57169140875,54.203907072
1590602435340900529,1.03562660515,-1.33950561285,54.402540288
1590602435546927298,1.10573619604,-1.37060843408,54.60856704
1590602435738834683,1.21977031231,-1.3930093497,54.800474368
1590602435941009175,0.839104875922,-1.0300308466,55.002648832
1590602436146588929,1.35305896401,-1.28180533648,55.208228608
1590602436342853799,1.07507817447,-1.26042664051,55.404493568
1590602436541670345,0.834703072906,-0.92395208776,55.60331008
1590602436744555228,0.541084259748,-0.698771327734,55.806194944
1590602436942654575,1.36104263365,-1.2443151325,56.004294144
1590602437137978886,1.11324079335,-0.980987027287,56.19961856
1590602437347024866,0.795527920127,-0.725059211254,56.408664576
1590602437541244255,0.755897536874,-0.440821424127,56.60288384
1590602437742483546,1.41312256455,-1.11477002501,56.804123136
1590602437940057493,1.02759748697,-1.07010118663,57.00169728
1590602438148234705,0.915360450745,-0.794104114175,57.209874432
1590602438351051190,0.759971514344,-0.578989088535,57.412690944
1590602438540587272,0.721214339137,-0.398328527808,57.602226944
1590602438737605380,1.03189982474,-0.777862593532,57.799245056
1590602438948719084,1.22693106532,-1.18377022445,58.010358784
1590602439141160712,1.11693926156,-0.966460630298,58.202800384
1590602439337785652,0.903538614511,-0.750331580639,58.39942528
1590602439542362785,0.852050632238,-0.553342327476,58.60400256
1590602439739300059,0.685226544738,-0.506351515651,58.800939776
1590602439940769398,0.689231231809,-0.429913774133,59.00240896
1590602440138615350,0.612419843674,-0.415243580937,59.200254976
1590602440342348001,0.703008845448,-0.310996547341,59.403987712
1590602440540855405,0.623461976647,-0.308472290635,59.602494976
1590602440742678336,0.77367015183,-0.184547528625,59.804317952
1590602440936821420,0.667726993561,-0.210459157825,59.998461184
1590602441136794470,0.78616514802,-0.141172111034,60.198434048
1590602441341539074,0.775981321931,-0.11966265738,60.403178752
1590602441535700813,0.870332866907,-0.0457234680653,60.597340416
1590602441736096484,0.904976949096,0.0071756541729,60.797736192
1590602441955635615,0.597813725471,-0.217056274414,61.017275392
1590602442151633787,-0.287610478699,-1.03517211974,61.213273344
1590602442341923226,-1.60978808999,-2.69038807601,61.403563008
1590602442544241714,-2.25979089737,-5.90462274849,61.605881344
1590602442737429316,-4.26026433706,-10.3808455169,61.799068928
1590602442944298412,-8.05482268333,-16.6648030281,62.005938176
1590602443144739168,-13.5019659996,-25.1133263111,62.206378752
1590602443336796655,-21.6937169433,-33.9232951403,62.398436352
1590602443539649891,-29.9424797297,-42.3892855644,62.601289472
1590602443739766199,-37.8395289183,-49.5835572481,62.801405952
1590602443938996584,-45.4061418772,-56.81822896,63.00063616
1590602444140088556,-48.8148063421,-57.9842925072,63.201728256
1590602444336867432,-60.0067019463,-73.0848968029,63.398507008
1590602444543661566,-68.285548687,-79.2584478855,63.605301248
1590602444744568540,-76.3347864151,-84.7164988518,63.806208256
1590602444944266285,-82.6745271683,-89.5025908947,64.00590592
1590602445141388200,-87.0789289474,-94.2178249359,64.203027968
1590602445340479773,-89.9134814739,-98.7153232098,64.402119424
1590602445543689917,-86.481410265,-94.7853267193,64.605329664
1590602445734627322,-89.6777749062,-100.0,64.796267008
1590602445942020382,-93.3122336864,-100.0,65.003660032
1590602446154492521,-96.5182721615,-100.0,65.216132096
1590602446334716342,-95.8712339401,-100.0,65.396356096
1590602446538747010,-95.0429618359,-100.0,65.600386816
1590602446737548567,-91.0679161549,-100.0,65.799188224
1590602446944537401,-90.7726109028,-100.0,66.006177024
1590602447136960474,-95.5059826374,-100.0,66.198600192
1590602447348434504,-95.4478919506,-100.0,66.410074112
1590602447541969091,-99.4843184948,-100.0,66.603608832
1590602447736444165,-100.0,-99.4388401508,66.79808384
1590602447946197143,-100.0,-94.851320982,67.007836928
1590602448142422224,-98.4736859798,-90.0844693184,67.204061952
1590602448344146353,-98.1341183186,-85.7614457607,67.405786112
1590602448536995669,-98.0501592159,-82.1027696133,67.598635264
1590602448734966625,-96.6597080231,-75.4580676556,67.796606208
1590602448941269240,-96.7565178871,-72.4997758865,68.002908928
1590602449142153528,-98.0226874352,-69.4486498833,68.203793152
1590602449336031616,-100.0,-68.0135548115,68.397671424
1590602449535584400,-96.6557204723,-62.386572361,68.597224192
1590602449743703947,-93.3037400246,-59.116756916,68.805343744
1590602449949853104,-90.0098621845,-57.5924038887,69.011492864
1590602450136225283,-89.2551839352,-52.2850990295,69.19786496
1590602450335324717,-89.5636677742,-51.1137664318,69.396964352
1590602450549720431,-89.5350217819,-48.371848464,69.61136
1590602450743812377,-90.8034443855,-47.4653452635,69.805452032
1590602450960894909,-91.6035294533,-45.769739151,70.022534656
1590602451138309407,-92.17659235,-43.9293593168,70.199949056
1590602451338749430,-93.1735217571,-43.1090593338,70.40038912
1590602451549496723,-94.724804163,-42.830941081,70.611136512
1590602451735707877,-94.9308693409,-41.4034277201,70.797347584
1590602451947547230,-96.4856684208,-42.6925361156,71.009186816
1590602452142501113,-97.3426878452,-42.7848577499,71.2041408
1590602452337187073,-96.5271353722,-44.1553205252,71.398826752
1590602452541679131,-100.0,-43.6077088118,71.603318784
1590602452734354509,-100.0,-42.7256017923,71.795994112
1590602452944025507,-98.0072140694,-43.6750978231,72.00566528
1590602453148865079,-98.0156898499,-44.8963195086,72.210504704
1590602453336083714,-97.562879324,-45.4887151718,72.397723392
1590602453537569405,-96.8738675117,-46.1836487055,72.59920896
1590602453762032876,-95.2343344688,-46.8110054731,72.823672576
1590602453942761373,-94.692838192,-47.3400235176,73.004401152
1590602454142424316,-94.8163866997,-48.0730205774,73.204064
1590602454343151120,-93.9286410809,-48.4084635973,73.404790784
1590602454545333488,-93.5427486897,-48.8353788853,73.606973184
1590602454747289621,-92.9288506508,-49.5268642902,73.80892928
1590602454941273119,-92.2666370869,-49.9548047781,74.002912768
1590602455140047983,-91.8956518173,-50.2382278442,74.201687552
1590602455344781924,-91.4186060429,-50.5085945129,74.406421504
1590602455534879446,-90.8380746841,-50.8371055126,74.596519168
1590602455747571729,-93.7254488468,-51.1567831039,74.809211392
1590602455950220632,-92.6080226898,-50.8654236794,75.011860224
1590602456142890084,-90.4685735703,-51.2268424034,75.204529664
1590602456347614799,-87.2051537037,-52.4200737476,75.4092544
1590602456545811623,-85.9820187092,-53.0075192451,75.607451392
1590602456737207042,-84.4424426556,-53.4815609455,75.79884672
1590602456946106660,-83.992087841,-53.7996411324,76.007746304
1590602457149765963,-82.7643454075,-53.9853334427,76.211405568
1590602457340012021,-80.8146119118,-54.2700648308,76.401651712
1590602457555770242,-79.9219489098,-54.6154677868,76.617410048
1590602457736091278,-80.0814509392,-54.5547962189,76.797731072
1590602457938089236,-78.9053618908,-54.7879755497,76.999728896
1590602458146393492,-78.3104717731,-54.9368977547,77.20803328
1590602458339937655,-78.3206105232,-55.1417529583,77.401577216
1590602458543890085,-78.6835670471,-55.1672577858,77.605529856
1590602458738316905,-77.7698814869,-55.2423536777,77.79995648
1590602458943360354,-77.3859024048,-55.2955031395,78.004999936
1590602459137333946,-77.0858228207,-55.1765263081,78.198973696
1590602459338651249,-76.2937903404,-55.2509844303,78.400290816
1590602459545014333,-76.0417103767,-55.0783813,78.606653952
1590602459744533359,-75.6268978119,-54.8827111721,78.806172928
1590602459941555045,-73.0476021767,-54.6828866005,79.003194624
1590602460149329854,-72.2524285316,-54.5735061169,79.2109696
1590602460338227719,-72.5045681,-54.4539570808,79.399867392
1590602460537473859,-72.1105933189,-53.4613192081,79.599113472
1590602460739512617,-76.4401674271,-53.7145316601,79.801152256
1590602460938489911,-75.10227561,-53.6733984947,80.000129536
1590602461138551347,-72.780841589,-53.2606482506,80.200190976
1590602461339357357,-70.8325743675,-53.1913995743,80.40099712
1590602461552745585,-67.4901723862,-52.8155565262,80.614385152
1590602461737779632,-66.4113581181,-52.5715410709,80.799419392
1590602461936381074,-65.1880264282,-52.2096633911,80.998020864
1590602462137747941,-64.941483736,-51.8298625946,81.199387648
1590602462350244159,-64.5585894585,-51.74934268,81.411883776
1590602462534910629,-64.1869068146,-51.6431748867,81.5965504
1590602462743918762,-63.7047946453,-51.4272332191,81.805558528
1590602462947844202,-63.2380068302,-51.2166321278,82.009483776
1590602463136840008,-62.4927580357,-50.9157299995,82.198479616
1590602463342234058,-62.0665788651,-50.8833348751,82.403873792
1590602463537400257,-62.1566295624,-50.4993021488,82.59904
1590602463747776846,-62.1272802353,-50.248670578,82.809416448
1590602463940850306,-61.5907788277,-49.9123722315,83.002490112
1590602464135888882,-61.1334383488,-49.7490763664,83.197528576
1590602464351638638,-62.5467300415,-49.1867929697,83.413278208
1590602464540023237,-59.0043306351,-48.1856048107,83.601662976
1590602464737532371,-58.5624933243,-48.2503920794,83.799172096
1590602464936471658,-62.1094167233,-48.9735364914,83.998111232
1590602465136111763,-62.4345123768,-48.4637767076,84.197751552
1590602465335753234,-61.4302873611,-47.9194670916,84.397392896
1590602465553462523,-58.8510334492,-47.1788883209,84.615102208
1590602465742235042,-57.3523163795,-46.7907875776,84.803874816
1590602465942695484,-56.3024222851,-46.3086307049,85.004335104
1590602466151308601,-55.3882777691,-45.7847088575,85.212948224
1590602466336051032,-54.1318118572,-44.7119295597,85.397690624
1590602466543978460,-52.9371857643,-44.3318754435,85.605618176
1590602466744430979,-52.9938876629,-43.868124485,85.806070784
1590602466942531080,-52.7064561844,-43.8113749027,86.004170752
1590602467140739946,-53.8014233112,-43.8778430223,86.20237952
1590602467338907347,-55.4881989956,-44.1472738981,86.400547072
1590602467538756923,-55.455827713,-43.5288131237,86.600396544
1590602467738151321,-53.1888186932,-42.0510798693,86.799791104
1590602467937404991,-51.4146089554,-41.2163496017,86.999044608
1590602468136615883,-50.3307819366,-40.6764537096,87.198255616
1590602468337340445,-48.8882601261,-39.7644490004,87.398980096
1590602468536594088,-48.0131149292,-39.2376601696,87.598233856
1590602468737475097,-47.8583246469,-38.2559835911,87.799114752
1590602468936693401,-47.3642200232,-37.8167629242,87.998333184
1590602469136554672,-46.4694619179,-37.2267156839,88.198194432
1590602469336639218,-46.2346553802,-36.3018363714,88.398278912
1590602469534863959,-45.8253502846,-35.9790176153,88.596503552
1590602469742041110,-45.3188806772,-35.7327818871,88.803680768
1590602469940097277,-45.3529834747,-35.0363731384,89.00173696
1590602470140160173,-45.0569659472,-34.9004626274,89.201799936
1590602470338737155,-43.8152104616,-33.2899004221,89.400376832
1590602470539469143,-43.1435585022,-32.790440321,89.601108736
1590602470758218929,-45.509198308,-35.1005256176,89.819858688
1590602470941688826,-46.0868269205,-35.2056503296,90.003328512
1590602471145218990,-44.6273386478,-32.8518599272,90.206858752
1590602471337554806,-42.9840117693,-31.7535370588,90.399194368
1590602471547283063,-41.6991770267,-31.0980141163,90.608922624
1590602471736343386,-40.8205270767,-30.5209845304,90.797982976
1590602471935822711,-40.1653945446,-28.8837701082,90.997462272
1590602472136391586,-39.6573275328,-28.405636549,91.19803136
1590602472341208484,-39.2711788416,-28.067484498,91.402848256
1590602472552771108,-38.9421999454,-27.6246577501,91.614410752
1590602472737888988,-37.9462629557,-27.3295193911,91.799528704
1590602472943753596,-37.5448137522,-26.7464548349,92.005393152
1590602473137245233,-37.4440073967,-26.1327922344,92.198884864
1590602473350593184,-37.4824434519,-26.1620700359,92.41223296
1590602473541296945,-36.9986951351,-25.5394011736,92.602936576
1590602473741597645,-36.9598329067,-24.8688355088,92.803237376
1590602473938475356,-36.6476088762,-24.8077452183,93.000114944
1590602474145577113,-36.1186772585,-24.4958728552,93.207216896
1590602474336729501,-35.7141911983,-24.1674140096,93.39836928
1590602474536332987,-34.054645896,-22.007162869,93.597972736
1590602474747666976,-33.8928163052,-21.9785645604,93.809306624
1590602474943083965,-34.4322413206,-22.4713459611,94.004723712
1590602475145066177,-36.1129134893,-24.5622441173,94.20670592
1590602475335682309,-36.0737144947,-24.1910934448,94.397321984
1590602475543458480,-34.5076680183,-22.3041981459,94.60509824
1590602475738964227,-33.6722910404,-21.1426123977,94.800603904
1590602475935461873,-33.2416504622,-20.5132097006,94.997101568
1590602476139075997,-32.6797366142,-19.0801590681,95.200715776
1590602476350203972,-32.4624747038,-18.7231957912,95.411843584
1590602476550528290,-32.3285907507,-18.4146076441,95.612167936
1590602476743742235,-31.9293618202,-17.7227884531,95.805381888
1590602476937126896,-31.6338539124,-17.5982221961,95.998766592
1590602477136694230,-31.4781576395,-17.3153296113,96.198333952
1590602477337973798,-30.5050194263,-15.7570928335,96.39961344
1590602477543554773,-32.2986811399,-18.4323102236,96.605194496
1590602477740127033,-33.0068469048,-19.4272518158,96.801766656
1590602477938264069,-32.6358526945,-18.8742533326,96.999903744
1590602478137553247,-31.943666935,-17.8390294313,97.199192832
1590602478336791445,-30.4907828569,-16.0791739821,97.398431232
1590602478539814056,-29.6051025391,-15.2088493109,97.601453824
1590602478750918758,-28.8976252079,-14.7224754095,97.812558336
1590602478936864255,-27.9666960239,-13.6855304241,97.998503936
1590602479140913658,-27.0745456219,-13.2437720895,98.202553344
1590602479335536393,-26.5038669109,-12.8804907203,98.397176064
1590602479545979890,-25.9118944407,-12.8809601068,98.607619584
1590602479741113644,-25.3515720367,-12.0131030679,98.80275328
1590602479936572381,-24.643522501,-12.0979577303,98.998212096
1590602480141323616,-24.5135068893,-11.4000350237,99.2029632
1590602480339004992,-24.1540774703,-11.3757506013,99.400644608
1590602480543564915,-23.797352612,-11.2841822207,99.60520448
1590602480749046864,-23.586012423,-11.1208841205,99.810686464
1590602480942476878,-22.488771379,-9.57635939121,100.00411648
1590602481140937644,-20.7064077258,-8.63248854876,100.202577408
1590602481341110534,-20.5124035478,-9.03619378805,100.402750208
1590602481541495429,-21.6712340713,-10.6144934893,100.603135232
1590602481738854684,-23.576104641,-11.9461193681,100.800494336
1590602481939690961,-23.5719248652,-11.1626297235,101.001330688
1590602482142859500,-22.7357298136,-10.2694563568,101.2044992
1590602482346387498,-20.6352397799,-8.04161429405,101.408027136
1590602482538002896,-18.8291430473,-6.82247281075,101.599642624
1590602482740608685,-17.4294665456,-6.72300308943,101.802248448
1590602482937306231,-16.7906790972,-6.62469863892,101.998945792
1590602483142475485,-15.8582389355,-6.11258558929,102.2041152
1590602483343610270,-15.7894343138,-5.69919198751,102.405250048
1590602483540984827,-15.4663532972,-5.65656498075,102.602624512
1590602483740225070,-15.2209073305,-5.56486733258,102.801864704
1590602483940997963,-14.8031786084,-5.03666475415,103.002637568
1590602484144013889,-14.7844403982,-4.87036444247,103.205653504
1590602484336561231,-14.9313598871,-4.77596260607,103.398200832
1590602484538606165,-14.9792969227,-4.58927340806,103.60024576
1590602484740093979,-14.7121816874,-4.75354380906,103.801733632
1590602484936636807,-14.4598633051,-4.71940562129,103.998276608
1590602485143673980,-12.6608580351,-3.2795779407,104.205313536
1590602485342397264,-12.0929554105,-3.52694988251,104.404036864
1590602485537956141,-14.9437353015,-5.51799573004,104.599595776
1590602485747977439,-14.2777279019,-5.04167228937,104.809617152
1590602485937533448,-11.6734243929,-3.26417684555,104.99917312
1590602486135888389,-10.2798826993,-2.65800543129,105.197528064
1590602486336596536,-9.57438722253,-2.27928366512,105.39823616
1590602486537753140,-9.02721136808,-2.20879148692,105.599392768
1590602486741461069,-8.37310776114,-1.36235281825,105.803100672
1590602486943362290,-7.88815245032,-1.24640204012,106.005001984
1590602487148814406,-7.03021511436,-1.21913142502,106.210454016
1590602487343337074,-6.74480497837,-0.735872983932,106.40497664
1590602487544167151,-5.91742321849,-0.184468179941,106.605806848
1590602487753662949,-5.35599067807,-0.0102072954178,106.815302656
1590602487947680700,-5.20157702267,0.0161990523338,107.009320448
1590602488136996780,-4.70776632428,0.0958684831858,107.198636544
1590602488341082553,-4.30569127202,-0.0872418284416,107.402722304
1590602488543917033,-4.0882833302,0.0829011201859,107.605556736
1590602488744048905,-5.0221927464,-0.274151563644,107.805688576
1590602488935485258,-5.10018058121,-0.362183153629,107.997124864
1590602489149589576,-1.72351952642,1.24859325588,108.211229184
1590602489340191626,-1.07606556267,0.695876777172,108.401831424
1590602489543974984,-0.13630092144,1.03228464723,108.605614592
1590602489736200495,0.405110046268,1.29905454814,108.797840128
1590602489937638783,1.21905356646,1.57983414829,108.999278336
1590602490136322436,2.9891140759,2.03158669174,109.19796224
1590602490340280615,2.83603481948,2.37193293869,109.401920256
1590602490544747205,3.14722061157,2.93224863708,109.606386944
1590602490739608171,4.419721663,3.44316922128,109.801247744
1590602490937571686,5.13554662466,3.55590246618,109.999211264
1590602491160105011,5.21800145507,4.22698147595,110.22174464
1590602491339522116,5.60885742307,4.55785505474,110.401161728
1590602491537424663,5.85025399923,4.51827533543,110.59906432
1590602491741799346,5.89156746864,4.98732440174,110.803439104
1590602491941510083,5.99578991532,4.95096631348,111.003149824
1590602492140784414,7.43390992284,5.61794005334,111.202424064
1590602492344960656,4.00349572301,4.33852188289,111.406600448
1590602492554838499,5.04218265414,4.73787523806,111.616478208
1590602492738251843,7.78327956796,5.41239641607,111.799891456
1590602492942485167,7.07273110747,5.26972897351,112.004124928
1590602493136129259,7.33518451452,5.09354732931,112.19776896
1590602493361631851,7.33163282275,5.00557757914,112.423271424
1590602493535258151,7.87384212017,5.2026797086,112.596897792
1590602493751213570,7.4478931725,5.00262640417,112.812853248
1590602493947003608,7.8371502459,4.79574240744,113.008643328
1590602494141535831,8.0228947103,4.96228225529,113.203175424
1590602494346766570,8.61311927438,5.23722432554,113.408406272
1590602494535274385,8.89105051756,5.11429943144,113.596914176
1590602494747199264,8.65335464478,5.36807365716,113.808838912
1590602494934953108,9.0405896306,5.20796738565,113.996592896
1590602495147043548,8.80452618003,5.00640757382,114.208683264
1590602495348016903,8.38671177626,5.12371696532,114.409656576
1590602495539455881,8.81612226367,5.46446405351,114.60109568
1590602495738405522,9.29739326239,4.91489358246,114.800045312
1590602495945828494,8.99461060762,5.00887297094,115.007468288
1590602496139416151,7.02768340707,4.16591726243,115.201055744
1590602496340163552,7.50417262316,4.986955598,115.401803264
1590602496539520559,8.64233747125,5.77357895672,115.601160192
1590602496746445873,8.5939437151,5.72797693312,115.808085504
1590602496936009350,8.43698903918,5.6748252362,115.997649152
1590602497140416767,8.81806761026,5.53539507091,116.202056448
1590602497341431445,8.54919031262,5.28412349522,116.403071232
1590602497539178543,8.27366784215,5.4092336446,116.600818176
1590602497744797682,7.68694281578,5.6585971266,116.806437376
1590602497935745175,7.96546712518,5.73150329292,116.99738496
1590602498143176746,7.46076181531,6.13722763956,117.204816384
1590602498343661970,7.67192840576,5.94376437366,117.40530176
1590602498550848072,7.23458901048,6.0182724148,117.61248768
1590602498735921933,7.41251632571,5.82399182022,117.7975616
1590602498964533407,7.15949833393,5.37279210985,118.026173184
1590602499133982063,7.47002512217,5.11241666973,118.195621632
1590602499339851625,7.08234980702,5.16416914761,118.4014912
1590602499535285334,6.35909587145,4.84233237803,118.596924928
1590602499734843480,6.43163472414,4.92301918566,118.796483072
1590602499943654364,7.09879845381,5.05468137562,119.00529408
1590602500140284718,6.82376474142,4.96765337884,119.201924352
1590602500340363969,6.74652606249,4.86579202116,119.402003712
1590602500538648677,6.67254254222,4.69654239714,119.600288256
1590602500753558433,6.66336342692,4.51662428677,119.815198208
1590602500936615564,6.38861507177,4.49903793633,119.99825536
1590602501141946433,6.57795146108,4.38002608716,120.203586048
1590602501339038882,6.20614141226,4.58736233413,120.400678656
1590602501542455959,6.39459267259,4.52378727496,120.604095744
1590602501753631211,6.41934126616,4.33402247727,120.815270912
1590602501944197091,14.927688241,10.3505298495,121.0058368
1590602502138620838,38.4481340647,25.7750153542,121.200260608
1590602502338123028,62.1511757374,38.4020924568,121.399762688
1590602502549670308,86.5460157394,46.5265989304,121.61131008
1590602502738336456,100.0,53.9183199406,121.799976192
1590602502937401186,100.0,62.575751543,121.999040768
1590602503143735850,100.0,73.7468421459,122.205375488
1590602503340911165,100.0,79.9399971962,122.402550784
1590602503550598203,100.0,85.1538658142,122.612237824
1590602503736881553,100.0,89.8647129536,122.798521344
1590602503953542760,100.0,93.7291145325,123.015182336
1590602504139474155,100.0,89.0642225742,123.201113856
1590602504337573259,100.0,81.1440765858,123.399213056
1590602504540437497,100.0,72.4303901196,123.602077184
1590602504738512583,100.0,61.4710330963,123.80015232
1590602504951203061,100.0,49.3413984776,124.012842752
1590602505137151007,100.0,34.5030218363,124.198790656
1590602505338002100,100.0,20.9113404155,124.399641856
1590602505547913692,89.1448497772,1.00084207952,124.609553408
1590602505741423252,91.4343178272,-0.514942035079,124.80306304
1590602505949052568,80.3199887276,-13.2433772087,125.010692352
1590602506141481560,69.5612370968,-22.8518798947,125.203121152
1590602506342705973,54.2799592018,-35.9199136496,125.4043456
1590602506536680099,46.7025339603,-40.5774384737,125.598319872
1590602506745117444,29.7666370869,-52.1364152431,125.80675712
1590602506946546568,15.2514740825,-60.2301180363,126.008186368
1590602507138258384,1.46523267031,-66.070073843,126.199898112
1590602507344516388,-14.1081258655,-71.9039678574,126.406156032
1590602507550933798,-26.9611060619,-77.9203355312,126.61257344
1590602507736001685,-36.3024771214,-81.3377022743,126.797641472
1590602507949667579,-44.700846076,-83.1153810024,127.011307264
1590602508135950124,-52.5994539261,-83.3200156689,127.19758976
1590602508340974739,-59.9868178368,-82.2847485542,127.402614528
1590602508545170870,-67.4557805061,-79.0958285332,127.606810624
1590602508737898537,-63.2398605347,-68.4993565083,127.799538176
1590602508939121441,-74.9444723129,-72.2854673862,128.000761088
1590602509136220461,-74.6299266815,-64.4844949245,128.197860096
1590602509346458826,-83.975058794,-65.2638018131,128.40809856
1590602509538002448,-84.5407664776,-59.902960062,128.599642112
1590602509742132852,-85.7295036316,-56.9539546967,128.803772416
1590602509952606801,-85.6577217579,-53.900718689,129.0142464
1590602510139044609,-84.4235479832,-50.8137881756,129.200684288
1590602510343126590,-84.2673540115,-47.7307617664,129.404766208
1590602510553004254,-81.598085165,-43.9101189375,129.614643968
1590602510740666238,-78.4472644329,-40.8127069473,129.802305792
1590602510939894547,-75.2845644951,-37.6602768898,130.001534208
1590602511152319950,-71.5405166149,-34.0459853411,130.21395968
1590602511337765618,-67.203193903,-30.9254318476,130.399405312
1590602511543689761,-61.9387924671,-27.9411375523,130.605329408
1590602511749820128,-55.9697389603,-24.8381063342,130.81145984
1590602511936177164,-49.2364704609,-23.8617956638,130.997816832
1590602512142361471,-41.8657153845,-20.5465331674,131.204001024
1590602512344677535,-34.6016079187,-13.5080620646,131.406317312
1590602512549246528,-25.7614791393,-7.29745700955,131.610886144
1590602512739110689,-18.9348101616,-0.702926144004,131.800750336
1590602512950609237,-14.590716362,4.6707559377,132.012248832
1590602513136867529,-11.0574714839,7.27732777596,132.198507264
1590602513349120494,-7.03804939985,9.93335694075,132.410760192
1590602513545463455,-4.12031821907,11.8067264557,132.607103232
1590602513745316752,-2.2103343159,12.4467074871,132.806956544
1590602513939560782,-0.141445919871,12.9340469837,133.001200384
1590602514135354452,1.51878111064,12.9381209612,133.196994048
1590602514345322812,2.38047726452,12.4851420522,133.406962432
1590602514539802447,2.8072014451,11.7764115334,133.601442048
1590602514740529675,3.08533906937,11.2000897527,133.802169344
1590602514935538357,3.19317877293,12.4208644032,133.997178112
1590602515138055412,2.33210176229,8.41810256243,134.199695104
1590602515356291390,3.42942625284,8.97226333618,134.417931008
1590602515541664622,3.45271751285,10.0949287415,134.603304192
1590602515742828726,2.46597267687,10.6283098459,134.80446848
1590602515935189849,1.57178007066,10.6310039759,134.99682944
1590602516140995646,0.9387396276,11.5963116288,135.202635264
1590602516348301722,0.587389245629,11.5880608559,135.409941504
1590602516546996077,0.403821468353,11.4668831229,135.608635648
1590602516736620822,-0.0869460403919,11.089399457,135.79826048
1590602516935326713,-0.242200307548,10.9986394644,135.9969664
1590602517141803151,-0.547741167247,10.3331848979,136.203442944
1590602517335990917,-0.790279358625,10.5107992887,136.39763072
1590602517549275432,-0.949605181813,10.5939373374,136.610915072
1590602517739199653,-1.5415687114,9.23624634743,136.800839424
1590602517943705399,-1.28908641636,7.59464651346,137.005345024
1590602518138436893,-0.289645977318,7.43860602379,137.200076544
1590602518338665126,-0.483798235655,8.41784179211,137.400304896
1590602518538945010,-0.944035872817,8.42038691044,137.600584704
1590602518739762127,-1.30019728094,8.27291458845,137.801401856
1590602518936923299,-0.985965691507,8.74740332365,137.998563072
1590602519139588416,-1.573770307,8.81732404232,138.201228032
1590602519335216578,-1.25118177384,8.59256237745,138.39685632
1590602519546146530,-0.705856457353,8.42279791832,138.60778624
1590602519735647797,-0.786357186735,8.40976685286,138.797287424
1590602519937325831,0.0609014183283,9.37628000975,138.998965504
1590602520139643806,-0.836930423975,7.86550790071,139.201283584
1590602520344815775,0.120217725635,7.52275139093,139.406455552
1590602520537052553,0.553259253502,7.87380337715,139.598692352
1590602520740729427,0.714658200741,8.17446708679,139.802369024
1590602520941742150,1.21841430664,8.58242511749,140.00338176
1590602521167319524,0.613095611334,8.63516628742,140.228959232
1590602521337831694,0.79100728035,8.52871239185,140.39947136
1590602521539485659,1.4234457165,8.49794149399,140.601125376
1590602521741896055,1.26364454627,8.30919742584,140.803535616
1590602521937110513,1.48403719068,8.10953229666,140.998750208
1590602522143759846,1.89222693443,8.20386856794,141.205399552
1590602522336447831,1.87693610787,8.21746438742,141.398087424
1590602522536215593,2.01599858701,7.8830987215,141.597855232
1590602522737032404,2.00918093324,7.67544955015,141.798672128
1590602522934138731,2.17965766788,7.21330940723,141.995778304
1590602523148019353,2.23291106522,6.97613805532,142.209659136
1590602523362698537,2.34213285148,7.17099308968,142.424338176
1590602523536002524,2.19672247767,6.8405225873,142.59764224
1590602523743480963,2.04968564212,6.07076250017,142.805120768
1590602523936956011,2.56128795445,6.03589378297,142.998595584
1590602524145370852,2.73808538914,6.30975663662,143.20701056
1590602524337837752,2.40056402981,5.92795275152,143.399477504
1590602524534985571,2.677860111,5.99896274507,143.596625152
1590602524743078209,2.55703292787,5.78290261328,143.804717824
1590602524936881885,2.30351015925,5.35085313022,143.9985216
1590602525135366570,2.25588455796,5.37567920983,144.197006336
1590602525350452210,2.60486081243,5.45481778681,144.412091904
1590602525544289281,2.62052230537,5.04072718322,144.60592896
1590602525735220780,2.68486440182,5.0032120198,144.796860416
1590602525934759829,2.6841070503,5.02721779048,144.996399616
1590602526141265120,2.47648358345,4.87583763897,145.202904832
1590602526339531827,2.66337804496,4.56986986101,145.401171456
1590602526536931472,2.68281176686,4.69832755625,145.598571264
1590602526738078988,2.43763700128,4.16383258998,145.799718656
1590602526944901058,2.45184190571,4.21715863049,146.0065408
1590602527145223567,2.60647125542,4.16919924319,146.20686336
1590602527335711930,3.01720798016,4.19804640114,146.39735168
1590602527543265967,2.58647315204,4.21166755259,146.604905728
1590602527762184667,2.68158242106,4.17961664498,146.823824384
1590602527941389731,2.84288302064,4.06254790723,147.003029504
1590602528145909967,2.82636992633,3.86040322483,147.207549696
1590602528339168794,3.00281941891,3.84702943265,147.400808448
1590602528541530451,2.52095013857,4.01436723769,147.603170048
1590602528742717712,2.61673890054,3.96999157965,147.804357376
1590602528936942055,2.70274281502,3.84355895221,147.99858176
1590602529147535457,2.70840898156,3.69221828878,148.20917504
1590602529336439635,2.88533903658,3.71480621397,148.398079232
1590602529547835081,2.72410176694,3.55242826045,148.609474816
1590602529740237417,2.71138176322,3.45715768635,148.801876992
1590602529940883176,2.49390974641,3.23498956859,149.00252288
1590602530137496894,2.42041498423,3.09088788927,149.199136512
1590602530340539767,2.50371359289,3.11347059906,149.402179328
1590602530537569487,2.43602506816,3.06769348681,149.599209216
1590602530757687676,2.3680858314,2.9994841665,149.819327232
1590602530946566034,2.32264325023,2.93979085982,150.008205824
1590602531137156405,2.29514837265,2.89361812174,150.198796032
1590602531351883363,2.24183499813,2.83080376685,150.413522944
1590602531542921121,2.11404301226,2.70321406424,150.604560896
1590602531739168065,2.07332856953,2.61854417622,150.80080768
1590602531942233389,2.25947387516,2.37946026027,151.003873024
1590602532137112682,2.19924934208,2.02885530889,151.198752256
1590602532350072699,1.99630521238,1.92964486778,151.411712256
1590602532542629746,1.84866376221,1.92635692656,151.604269312
1590602532742407741,2.2919818759,2.35680453479,151.80404736
1590602532938955457,2.1442592144,2.43239812553,152.0005952
1590602533146441964,1.93027891219,2.30498127639,152.208081664
1590602533338771871,1.46855600178,1.88597999513,152.400411648
1590602533535750207,1.5409745276,1.78730748594,152.597389824
1590602533745415870,1.7859749496,1.96414105594,152.807055616
1590602533938607123,1.96741744876,2.17166282237,153.000246784
1590602534141180624,1.99935473502,1.6097728163,153.202820352
1590602534338751674,2.06313580275,1.66599713266,153.400391424
1590602534542351789,1.76432877779,1.61144919693,153.603991552
1590602534739036436,1.77123770118,1.69258080423,153.800676096
1590602534938411508,1.57955922186,1.61223970354,154.0000512
1590602535142337522,1.71186998487,1.71586386859,154.203977216
1590602535342383891,1.51005685329,1.60310082138,154.404023552
1590602535537578405,1.5080858022,1.56880952418,154.599218176
1590602535747011670,1.60348154604,1.63707099855,154.808651264
1590602535940858234,1.45168229938,1.53084658086,155.002497792
1590602536148130766,1.37522108853,1.44303403795,155.209770496
1590602536335031500,1.23124159873,1.31273306906,155.396671232
1590602536536961509,1.22679583728,1.31484232843,155.598601216
1590602536738032357,1.33906826377,1.41102708876,155.799672064
1590602536940892047,1.21710821986,1.29021294415,156.00253184
1590602537135662503,1.09216012061,1.17638297379,156.197302272
1590602537336972174,0.992127507925,1.09176598489,156.398611968
1590602537535924987,0.9048525244,1.01605542004,156.597564672
1590602537744114923,0.835249572992,0.950982049108,156.805754624
1590602537949019878,0.781718268991,0.901294872165,157.010659584
1590602538135930270,0.704845413566,0.827883183956,157.197570048
1590602538342395395,0.629081949592,0.754252076149,157.404035072
1590602538543468681,0.583425164223,0.700153410435,157.60510848
1590602538739540685,0.525027513504,0.640287995338,157.801180416
1590602538939151765,0.475294515491,0.587079301476,158.000791552
1590602539139179112,0.431590154767,0.539510697126,158.200818688
1590602539344019020,0.393789634109,0.497536361217,158.405658624
1590602539545621071,0.35999044776,0.459550321102,158.607260672
1590602539744052682,0.318747386336,0.416178628802,158.805692416
1590602539941240537,0.278789177537,0.372940674424,159.002880256
1590602540138691779,0.236070528626,0.327517464757,159.20033152
1590602540337143611,0.172460079193,0.262867286801,159.398783232
1590602540537467623,0.154951959848,0.237834826112,159.599107328
1590602540734620361,0.126731395721,0.206706672907,159.796260096
1590602540944854125,0.119853392243,0.191665813327,160.006493696
1590602541147181447,-0.144691765308,-0.0513389706612,160.208821248
1590602541336019930,-0.0812750309706,-0.0189285725355,160.397659648
1590602541536120341,0.10677985847,0.157186388969,160.59776
1590602541739997072,-0.000621005892754,0.0677719712257,160.801636864
1590602541937611345,-12.976257503,-6.9931872189,160.999250944
1590602542149445992,-27.3349106312,-17.3029184341,161.211085568
1590602542336549466,-97.8179335594,-53.0206918716,161.398189056
1590602542540043423,-100.0,-63.175290823,161.6016832
1590602542739767810,-100.0,-78.5689532757,161.801407488
1590602542950758780,-100.0,-89.7083282471,162.012398336
1590602543136796013,-100.0,-100.0,162.198435584
1590602543338912099,-100.0,-100.0,162.40055168
1590602543539885258,-100.0,-100.0,162.601524992
1590602543737077786,-100.0,-100.0,162.79871744
1590602543937658233,-100.0,-100.0,162.999297792
1590602544143321584,-100.0,-100.0,163.20496128
1590602544340325621,-100.0,-100.0,163.401965312
1590602544546910140,-100.0,-100.0,163.608549888
1590602544735872988,-100.0,-100.0,163.797512704
1590602544941670929,-100.0,-100.0,164.003310592
1590602545134899316,-100.0,-98.0452477932,164.19653888
1590602545354854383,-100.0,-89.4901156425,164.41649408
1590602545541427656,-100.0,-72.157484293,164.603067392
1590602545736010244,-100.0,-48.1387883425,164.79764992
1590602545939339467,-100.0,-21.9364389777,165.0009792
1590602546138478649,-100.0,5.12030534446,165.200118272
1590602546335145209,-100.0,37.3020142317,165.396784896
1590602546552047706,-100.0,74.3502497673,165.613687296
1590602546741014314,-100.0,100.0,165.802653952
1590602546937836917,-100.0,100.0,165.99947648
1590602547146776142,-100.0,100.0,166.208415744
1590602547351471393,-100.0,100.0,166.41311104
1590602547536178286,-100.0,100.0,166.597817856
1590602547749055961,-100.0,100.0,166.81069568
1590602547945062764,-100.0,100.0,167.006702336
1590602548135745305,-100.0,100.0,167.19738496
1590602548344068510,-100.0,100.0,167.405708288
1590602548536754464,-100.0,100.0,167.598394112
1590602548738021121,-100.0,100.0,167.7996608
1590602548945782722,-100.0,100.0,168.007422464
1590602549145547051,-100.0,100.0,168.207186688
1590602549335296017,-100.0,100.0,168.39693568
1590602549540212492,-100.0,100.0,168.60185216
1590602549741607546,-100.0,100.0,168.803247104
1590602549935645422,-100.0,100.0,168.99728512
1590602550138910764,-100.0,100.0,169.2005504
1590602550345954356,-100.0,100.0,169.407593984
1590602550545048309,-100.0,100.0,169.606688
1590602550745011075,-100.0,100.0,169.80665088
1590602550935988049,-100.0,100.0,169.997627648
1590602551140770379,-100.0,100.0,170.202409984
1590602551338516715,-100.0,100.0,170.400156416
1590602551546513063,-100.0,100.0,170.608152832
1590602551749400341,-100.0,100.0,170.81104
1590602551935132215,-100.0,100.0,170.99677184
1590602552136227124,-100.0,100.0,171.197866752
1590602552344525064,-100.0,100.0,171.406164736
1590602552545243615,-100.0,100.0,171.606883328
1590602552739698459,-100.0,100.0,171.801338112
1590602552937074747,-100.0,100.0,171.998714368
1590602553140819523,-86.2554848194,92.7070438862,172.202459136
1590602553336961864,-58.0156743526,80.375534296,172.398601472
1590602553541800654,-25.3635704517,71.670293808,172.603440384
1590602553751616960,4.14123833179,62.6882135868,172.813256704
1590602553944384600,38.8964146376,54.3094336987,173.006024192
1590602554149240887,81.0883104801,42.6838725805,173.210880512
1590602554338687555,100.0,30.7699680328,173.400327168
1590602554542945747,100.0,20.2080443501,173.604585472
1590602554760180288,100.0,15.1100590825,173.821819904
1590602554935983674,100.0,-1.06648430228,173.997623296
1590602555142848064,100.0,-19.236779213,174.20448768
1590602555360364768,100.0,-29.6857625246,174.42200448
1590602555536457464,100.0,-43.4381783009,174.598097152
1590602555741744039,100.0,-62.7313256264,174.803383808
1590602555936700600,100.0,-84.1926455498,174.998340352
1590602556145413115,100.0,-100.0,175.2070528
1590602556346745401,100.0,-100.0,175.408385024
1590602556538238121,100.0,-100.0,175.599877888
1590602556736672006,100.0,-100.0,175.79831168
1590602556939830129,100.0,-100.0,176.001469696
1590602557136689913,100.0,-100.0,176.1983296
1590602557344267308,100.0,-100.0,176.405906944
1590602557536739454,100.0,-100.0,176.598379008
1590602557741795504,100.0,-100.0,176.803435264
1590602557944445591,100.0,-100.0,177.006085376
1590602558148827290,100.0,-100.0,177.210467072
1590602558336615646,100.0,-100.0,177.39825536
1590602558544956726,100.0,-100.0,177.606596352
1590602558743251124,100.0,-100.0,177.80489088
1590602558942242583,100.0,-100.0,178.00388224
1590602559141664880,100.0,-100.0,178.203304448
1590602559342665635,100.0,-100.0,178.404305408
1590602559546871574,100.0,-100.0,178.608511232
1590602559735921671,100.0,-100.0,178.797561344
1590602559940690770,100.0,-100.0,179.002330368
1590602560137713308,100.0,-100.0,179.199353088
1590602560340260549,100.0,-100.0,179.401900288
1590602560537324940,100.0,-100.0,179.598964736
1590602560750882002,100.0,-100.0,179.812521728
1590602560939524874,100.0,-100.0,180.001164544
1590602561138594004,100.0,-100.0,180.200233728
1590602561363723653,100.0,-100.0,180.425363456
1590602561539333097,100.0,-100.0,180.6009728
1590602561737606636,100.0,-100.0,180.799246336
1590602561939203365,100.0,-100.0,181.000843008
1590602562144107896,100.0,-100.0,181.205747456
1590602562357132286,100.0,-100.0,181.418771968
1590602562542967317,100.0,-100.0,181.604606976
1590602562748481399,100.0,-100.0,181.81012096
1590602562937560924,100.0,-99.718528986,181.999200512
1590602563141982205,100.0,-91.6989505291,182.203621888
1590602563341717307,100.0,-81.7955434322,182.403356928
1590602563536002133,100.0,-74.3100166321,182.597641728
1590602563754459684,100.0,-66.799557209,182.816099328
1590602563942079215,100.0,-59.1965734959,183.003718912
1590602564147265816,100.0,-53.5779893398,183.208905472
1590602564337901532,100.0,-47.7461665869,183.399541248
1590602564551461823,100.0,-42.9206699133,183.613101568
1590602564741506296,100.0,-37.6890540123,183.803145984
1590602564939972281,100.0,-30.7211399078,184.001612032
1590602565138503685,100.0,-24.0709394217,184.20014336
1590602565353641825,100.0,-21.677300334,184.415281408
1590602565545784878,100.0,-18.4051156044,184.607424512
1590602565747062707,100.0,-14.2886310816,184.808702464
1590602565941008315,100.0,-7.16492235661,185.002648064
1590602566157276578,98.9631950855,-2.29868665338,185.218916352
1590602566336338755,78.3378958702,3.26709337533,185.397978368
1590602566537336927,53.210747242,9.71626937389,185.598976512
1590602566740023414,29.1453719139,16.8387889862,185.801662976
1590602566950196899,10.5336353183,23.9747747779,186.011836672
1590602567138099924,-6.24471753836,30.1252752542,186.199739648
1590602567335988633,-20.4037860036,37.0563715696,186.397628416
1590602567536639292,-34.2869609594,44.6212619543,186.598278912
1590602567750322654,-45.7609593868,50.2756118774,186.811962368
1590602567940746574,-54.9203574657,55.3596556187,187.002386176
1590602568135291841,-67.2999739647,63.4179472923,187.196931584
1590602568339717446,-68.4510886669,62.3080253601,187.401357056
1590602568552362299,-72.8385329247,66.9903755188,187.61400192
1590602568738755212,-85.6198489666,74.989682436,187.800395008
1590602568934461337,-95.0414061546,79.9435317516,187.99610112
1590602569137619458,-100.0,83.7008833885,188.199259136
1590602569337995909,-100.0,86.340880394,188.399635712
1590602569536310576,-100.0,89.0391409397,188.597950208
1590602569744778409,-100.0,92.4823701382,188.806418176
1590602569936688400,-100.0,94.510781765,188.998328064
1590602570142813088,-100.0,96.5261280537,189.204452864
1590602570342123187,-100.0,98.3340322971,189.403762944
1590602570535261979,-100.0,100.0,189.596901632
1590602570740941262,-100.0,100.0,189.802580992
1590602570943317215,-100.0,100.0,190.004956928
1590602571137308362,-100.0,100.0,190.198948096
1590602571336692800,-100.0,100.0,190.398332416
1590602571541237034,-98.3430325985,100.0,190.602876672
1590602571736180153,-93.6524271965,100.0,190.797819904
1590602571935157831,-87.001144886,100.0,190.99679744
1590602572137449451,-83.0057263374,100.0,191.199089152
1590602572343066751,-78.8046419621,100.0,191.404706304
1590602572540944722,-74.5629251003,100.0,191.60258432
1590602572746060430,-69.8561608791,100.0,191.807700224
1590602572938332338,-64.5112633705,100.0,191.999972096
1590602573151944296,-58.8383257389,100.0,192.213583872
1590602573347045183,-52.97062397,98.3933627605,192.4086848
1590602573545195147,-46.4212030172,96.4026391506,192.606834944
1590602573740235308,-39.7239089012,94.2811131477,192.801874944
1590602573950445275,-32.9527825117,92.1488404274,193.012084992
1590602574150445191,-26.167216897,89.9118721485,193.212084992
1590602574342893387,-19.3597331643,87.365180254,193.404532992
1590602574544195256,-12.4686092138,84.9617779255,193.605835008
1590602574747279810,-5.72236739099,82.5625240803,193.808919552
1590602574937538683,0.184994190931,80.2426218987,193.99917824
1590602575143348930,6.59695416689,78.0560195446,194.204988672
1590602575344180286,11.8560180068,76.6983091831,194.405819904
1590602575547099253,17.8002908826,73.8050937653,194.608738816
1590602575737415544,22.9988068342,72.9841113091,194.799055104
1590602575938261455,27.7231097221,69.8201775551,194.999901184
1590602576145760326,32.2888374329,67.7612185478,195.207399936
1590602576343753311,36.5206301212,65.1439189911,195.405392896
1590602576542138292,40.644288063,62.7228200436,195.603778048
1590602576738491129,45.0578957796,60.4508757591,195.800130816
1590602576946422633,49.3180155754,57.6079964638,196.008062208
1590602577143887452,53.2688319683,55.362790823,196.20552704
1590602577339016517,56.4839720726,53.3019959927,196.400656128
1590602577547371088,59.3184113503,50.8523821831,196.609010688
1590602577739671773,61.7710530758,48.3204901218,196.801311488
1590602577945969743,63.8417959213,46.0280358791,197.007609344
1590602578135942895,65.3823018074,44.0097182989,197.197582592
1590602578347279751,66.4047837257,41.9533401728,197.408919552
1590602578540907792,67.1190023422,40.1530563831,197.602547456
1590602578736912823,67.4206674099,38.7441217899,197.798552576
1590602578949992062,67.5144731998,39.453125,198.011631616
1590602579140360473,66.4326548576,38.069614768,198.202000128
1590602579336703622,66.1853790283,37.0003968477,198.398343424
1590602579548019938,64.7953689098,34.0517222881,198.609659648
1590602579740547167,64.6409392357,32.7782213688,198.802186752
1590602579937225161,63.9352619648,31.8818449974,198.998864896
1590602580144415597,62.610834837,30.5975914001,199.206055168
1590602580342739779,61.9497954845,30.0584375858,199.404379392
1590602580543307218,60.8205795288,29.5110285282,199.604946944
1590602580743615830,59.7387313843,29.4243752956,199.805255424
1590602580940309653,58.3572208881,29.3648958206,200.00194944
1590602581143437520,56.9362282753,29.0769279003,200.205077248
1590602581341242787,55.8262050152,29.1422396898,200.40288256
1590602581536323482,54.7951340675,29.2678415775,200.597963264
1590602581741014305,54.0746510029,30.6541740894,200.802653952
1590602581935880312,52.8768956661,31.7215740681,200.997519872
1590602582136420211,50.7645130157,29.9399167299,201.198059776
1590602582344192179,50.485342741,29.3898522854,201.405831936
1590602582546688537,50.0778496265,29.2070299387,201.608328192
1590602582755638470,49.6099948883,28.9037287235,201.817278208
1590602582941801982,49.2289066315,28.7664979696,202.003441664
1590602583139563465,48.8209366798,28.6072134972,202.2012032
1590602583343370445,48.33740592,27.7469962835,202.405010176
1590602583535767728,48.401761055,27.6458948851,202.597407488
1590602583739382582,48.1760561466,27.3431241512,202.801022208
1590602583946785955,48.1198251247,27.3458570242,203.008425728
1590602584142160424,47.9770302773,27.3827403784,203.203800064
1590602584358858465,47.4493563175,25.9556442499,203.420498176
1590602584535176899,48.8219261169,29.6247333288,203.59681664
1590602584744551417,47.0650196075,28.0536413193,203.806191104
1590602584937276474,47.0704972744,27.357390523,203.998916096
1590602585153798766,47.1888184547,26.8957972527,204.215438336
1590602585337065873,47.2152590752,26.4403134584,204.398705664
1590602585537966152,47.2706198692,25.9575277567,204.59960576
1590602585738455703,47.0657646656,25.0595003366,204.800095488
1590602585946722377,47.3741829395,24.6189787984,205.008361984
1590602586142459447,47.4451303482,24.533392489,205.204099072
1590602586341641386,47.3332107067,24.2784634233,205.403281152
1590602586542343773,47.1391558647,23.6795946956,205.60398336
1590602586735259239,47.2269833088,23.4266296029,205.796898816
1590602586937261012,47.1652269363,23.1021568179,205.998900736
1590602587138116603,47.1313655376,23.0988964438,206.199756288
1590602587343493084,46.8970417976,23.0786159635,206.4051328
1590602587549883093,47.2916722298,23.8252595067,206.611522816
1590602587736750285,47.1747994423,24.6202126145,206.798390016
1590602587952183389,46.2857931852,24.1370931268,207.013822976
1590602588144052233,45.4248905182,22.2506925464,207.205691904
1590602588336930249,45.5736190081,21.7725977302,207.398569984
1590602588539381104,45.4151391983,21.4973405004,207.601020672
1590602588739717626,45.1539814472,21.0148498416,207.801357312
1590602588952924798,44.5813715458,20.2137038112,208.014564352
1590602589145495249,44.3382114172,19.7526782751,208.207134976
1590602589340892020,44.2695170641,19.8900416493,208.402531584
1590602589545618974,44.0598458052,19.931845367,208.607258624
1590602589744744292,43.7303513288,19.7684451938,208.806383872
1590602589940044368,43.5306608677,19.9485942721,209.001683968
1590602590138344643,42.6891535521,18.5695439577,209.199984384
1590602590345212635,44.4629013538,21.8681767583,209.406852352
1590602590536847853,43.1470096111,21.9693377614,209.598487552
1590602590742844329,42.3418015242,21.035836637,209.804484096
1590602590938748078,42.6830381155,21.5987458825,210.00038784
1590602591150956621,41.7954981327,20.740146935,210.212596224
1590602591336698634,40.8394098282,18.9062833786,210.398338304
1590602591540637129,40.976113081,18.7085285783,210.602276864
1590602591738126142,40.1307016611,17.9056212306,210.79976576
1590602591937716647,40.0753617287,17.9047241807,210.999356416
1590602592137002254,39.6984964609,18.1497827172,211.19864192
1590602592342953595,39.0858948231,17.7364364266,211.404593152
1590602592537481146,38.9347434044,18.0148273706,211.599120896
1590602592746185615,38.8375878334,18.3878108859,211.807825408
1590602592948594658,38.4925603867,18.5116201639,212.010234368
1590602593151380761,38.3198142052,18.7506586313,212.213020416
1590602593337379980,38.1652355194,19.3489938974,212.399019776
1590602593538054816,37.6886308193,19.8935270309,212.599694592
1590602593740961978,38.228687644,21.302588284,212.802601728
1590602593941551476,38.0507677794,22.3759844899,213.00319104
1590602594139700452,37.0224446058,22.2323283553,213.20134016
1590602594346528511,36.406198144,21.9468221068,213.408168192
1590602594543792741,34.9858880043,21.4853420854,213.60543232
1590602594745477706,34.5445364714,21.7161461711,213.807117312
1590602594942069608,33.9978903532,22.0412328839,214.003709184
1590602595149232591,32.8212916851,21.9028696418,214.21087232
1590602595349317647,32.301530242,20.5085292459,214.410957312
1590602595536047683,32.4964255095,19.4673642516,214.597687296
1590602595735436986,32.1138828993,18.3363676071,214.797076736
1590602595938777943,31.9507271051,17.2583028674,215.000417536
1590602596140382681,31.9613575935,16.5415689349,215.2020224
1590602596342213990,33.8830113411,17.3309534788,215.403853568
1590602596537426827,32.7561110258,18.7946766615,215.599066624
1590602596745436521,29.1467159986,16.8523594737,215.807076096
1590602596943221861,28.680318594,14.2552912235,216.00486144
1590602597136659109,28.9718002081,13.1946608424,216.19829888
1590602597351588229,27.8134047985,12.1498152614,216.413228032
1590602597538971199,27.3806929588,10.7437729836,216.600610816
1590602597735437288,27.0459264517,10.2803900838,216.797076992
1590602597939019856,25.7775366306,9.56030488014,217.000659456
1590602598141386266,24.8523384333,9.20806378126,217.20302592
1590602598345503146,23.5015004873,8.9603766799,217.407142912
1590602598544160062,22.2411811352,8.6250513792,217.60579968
1590602598742803372,21.4980572462,8.53370577097,217.804443136
1590602598935941415,18.9768373966,7.79582560062,217.997581056
1590602599138696131,18.8627451658,7.33750164509,218.200335872
1590602599336316730,21.3614821434,8.96283537149,218.397956352
1590602599549068430,17.9271757603,9.80427265167,218.610708224
1590602599754339278,15.9998416901,8.75888615847,218.815979008
1590602599938597759,15.5975222588,7.95674622059,219.000237312
1590602600137792758,14.3672838807,7.6219111681,219.199432448
1590602600338436155,13.1635144353,7.40192383528,219.400075776
1590602600536709607,11.1989989877,6.95389509201,219.598349312
1590602600740002964,9.94169861078,6.77860230207,219.801642752
1590602600943939861,8.22236835957,6.78426027298,220.00557952
1590602601142086408,6.94209858775,6.47894442081,220.20372608
1590602601337054370,5.49547150731,6.40383958817,220.398694144
1590602601538125991,2.07760408521,5.19803874195,220.59976576
1590602601736708703,1.26042366028,3.60054187477,220.798348288
1590602601943198884,4.02360036969,3.9417270571,221.004838656
1590602602137110102,3.46144363284,5.49771077931,221.198749696
1590602602340419756,-0.901265442371,5.21457530558,221.40205952
1590602602535475923,-3.11668831855,3.5290684551,221.597115648
1590602602743117388,-5.08698225021,1.58255137503,221.804756992
1590602602952523788,-6.20909258723,0.0448606908321,222.014163456
1590602603137419462,-7.31493011117,-0.735111162066,222.1990592
1590602603342586325,-8.64117965102,-1.67087055743,222.404226048
1590602603549398363,-10.1776264608,-2.89915278554,222.611037952
1590602603738045025,-11.5436956286,-4.11520674825,222.799684608
1590602603951859656,-12.9187852144,-5.38366623223,223.013499392
1590602604139435681,-14.5470768213,-6.77123218775,223.201075456
1590602604338424755,-16.1975428462,-8.60246494412,223.400064512
1590602604538258626,-17.8460106254,-10.375879705,223.599898368
1590602604739181541,-19.2637324333,-11.7078915238,223.800821248
1590602604936240659,-20.147138834,-12.911196053,223.99788032
1590602605137352228,-20.7072332501,-13.5274067521,224.198991872
1590602605336370816,-20.9629863501,-13.7595713139,224.398010368
1590602605539617384,-21.9139173627,-14.0316203237,224.60125696
1590602605743805506,-20.8887025714,-12.1079847217,224.80544512
1590602605940742296,-19.4507718086,-10.3529676795,225.00238208
1590602606140217765,-19.158102572,-10.4382649064,225.201857536
1590602606340606192,-19.3847194314,-10.4725033045,225.402245888
1590602606546163464,-18.1280434132,-10.418907553,225.607803136
1590602606739979468,-17.1587973833,-10.5311304331,225.8016192
1590602606941434649,-16.2643522024,-10.4220479727,226.003074304
1590602607137045005,-16.1313772202,-10.3771544993,226.198684672
1590602607341940734,-15.619006753,-10.1818069816,226.403580416
1590602607544274568,-14.9434745312,-10.0631505251,226.605914368
1590602607745237146,-14.8467242718,-9.7441509366,226.806876928
1590602607937214575,-14.4668459892,-9.78893712163,226.998854144
1590602608139776593,-14.068043232,-9.59807485342,227.201416192
1590602608355769827,-13.8576865196,-9.81996953487,227.417409536
1590602608546129227,-12.9435643554,-8.96184593439,227.607768832
1590602608738091629,-11.2845733762,-7.9115845263,227.7997312
1590602608941028923,-9.87716168165,-6.70506507158,228.002668544
1590602609146312066,-10.2273076773,-5.97982406616,228.207951872
1590602609341973843,-10.0539311767,-6.3201919198,228.40361344
1590602609539593488,-9.69863608479,-7.07632228732,228.601233152
1590602609742641811,-9.2952080071,-7.53111466765,228.8042816
1590602609941670638,-9.34841707349,-7.41827040911,229.003310336
1590602610140729452,-9.34221595526,-7.93471708894,229.202369024
1590602610340819379,-9.36050862074,-7.74454027414,229.402459136
1590602610536674203,-9.28667187691,-7.74050652981,229.598313984
1590602610743044712,-9.41109880805,-7.67314955592,229.804684288
1590602610944659240,-9.38856452703,-8.07195901871,230.00629888
1590602611140771356,-9.34012234211,-8.37571769953,230.202411008
1590602611340116137,-9.35678482056,-8.49636793137,230.401755904
1590602611536637804,-9.21508967876,-8.39805006981,230.598277376
1590602611741527684,-9.08335447311,-8.01379159093,230.803167488
1590602611948112271,-8.42725485563,-7.29093849659,231.009752064
1590602612147907264,-7.69830644131,-6.84604868293,231.209547008
1590602612342754937,-7.51140713692,-6.91433250904,231.404394496
1590602612544623071,-7.68879204988,-7.58144408464,231.606262784
1590602612744042665,-7.90051296353,-7.36945793033,231.805682432
1590602612937682079,-7.89781063795,-6.98862746358,231.999321856
1590602613136243120,-7.75894224644,-6.82768076658,232.19788288
1590602613341176237,-7.6880402863,-7.05096572638,232.402816
1590602613537192526,-7.31806382537,-7.35764876008,232.598832128
1590602613738172376,-7.21308588982,-6.98450431228,232.799812096
1590602613936831783,-7.00509548187,-6.83571398258,232.998471424
1590602614141329030,-6.82392120361,-6.60115778446,233.202968832
1590602614344257875,-6.78759142756,-6.30086436868,233.405897472
1590602614543341738,-6.52102902532,-6.36205822229,233.604981504
1590602614736233224,-6.31836652756,-6.26340433955,233.797872896
1590602614939281319,-6.1309710145,-6.24582581222,234.000921088
1590602615136694306,-6.03329241276,-5.85087090731,234.198333952
1590602615337298055,-5.36001585424,-5.14449328184,234.398937856
1590602615541808464,-5.18800467253,-5.01977279782,234.603448064
1590602615745471318,-4.90705221891,-5.22587001324,234.807110912
1590602615957289971,-4.87498566508,-5.38481995463,235.018929664
1590602616136100249,-4.92428615689,-4.99276034534,235.197740032
1590602616356610979,-4.75813895464,-4.56924214959,235.418250752
1590602616548174824,-4.87905815244,-4.41929884255,235.609814528
1590602616742996131,-4.52205352485,-4.39622923732,235.804635904
1590602616935443924,-4.40291985869,-4.34404872358,235.997083648
1590602617136077370,-4.24208603799,-4.18673343956,236.197716992
1590602617342244017,-4.25278097391,-3.90718430281,236.403883776
1590602617541974580,-4.13329191506,-4.08446453512,236.603614208
1590602617744436844,-4.1376337409,-4.26283739507,236.806076416
1590602617943589320,-4.1278000921,-3.60884219408,237.005229056
1590602618141766367,-4.0038228035,-3.20263877511,237.20340608
1590602618341005927,-3.82147207856,-3.57325524092,237.402645504
1590602618538926837,-3.88725139201,-3.6682613194,237.600566528
1590602618738821047,-3.93571779132,-3.6875423044,237.8004608
1590602618947113810,-4.01936173439,-3.30442264676,238.008753408
1590602619134055163,-3.9224781096,-3.25712226331,238.195694848
1590602619349564989,-3.73928956687,-3.51966768503,238.411204608
1590602619542292309,-3.78383211792,-3.18969786167,238.603931904
1590602619749287042,-3.73730659485,-3.0617678538,238.810926848
1590602619940159370,-3.72024774551,-3.02692167461,239.001799168
1590602620137592543,-3.74087616801,-2.6701964438,239.199232256
1590602620340357609,-3.78402583301,-2.29031015188,239.401997312
1590602620547440912,-3.66046763957,-2.11575478315,239.609080576
1590602620742135728,-3.83729040623,-1.97127908468,239.803775488
1590602620951920578,-3.49971950054,-2.04004012048,240.01356032
1590602621139127319,-3.4210190177,-2.112980932,240.200766976
1590602621336182721,-3.3202201128,-2.16431263834,240.397822464
1590602621551547107,-3.26689854264,-2.18882020563,240.613186816
1590602621738770800,-3.20830121636,-2.18989364803,240.800410368
1590602621941915818,-2.95657590032,-2.26077437401,241.003555584
1590602622143367808,-3.03451288491,-1.83741748333,241.20500736
1590602622352102239,-2.98895295709,-1.51463225484,241.413741824
1590602622539505792,-2.89042405784,-1.74141377211,241.601145344
1590602622742391439,-2.89583690464,-1.40602178872,241.804031232
1590602622939945043,-2.87829637527,-1.43122039735,242.00158464
1590602623137311056,-2.57148388773,-1.43947526813,242.198950656
1590602623341871237,-2.6624770835,-1.30947194993,242.40351104
1590602623542867283,-2.26195044816,-1.72717161477,242.60450688
1590602623736961163,-2.29376889765,-1.30911879241,242.79860096
1590602623945075999,-2.19056531787,-1.19831524789,243.006715648
1590602624136797867,-2.10773795843,-1.24802216887,243.198437632
1590602624337928396,-2.029867284,-1.11495181918,243.399568128
1590602624539963953,-1.95743162185,-1.4149107039,243.601603584
1590602624746256977,-1.79158784449,-1.20228305459,243.807896576
1590602624942548546,-1.80779285729,-1.25436112285,244.00418816
1590602625138244208,-1.56021211296,-1.43542401493,244.199883776
1590602625340825298,-1.68023537844,-1.1368136853,244.402465024
1590602625539669605,-1.55723020434,-1.2410454452,244.601309184
1590602625746991825,-1.64883621037,-1.3466887176,244.808631552
1590602625937272566,-1.43892001361,-1.17992311716,244.998912256
1590602626140809366,-1.62325501442,-0.972633063793,245.202449152
1590602626341173930,-1.19994860142,-1.0731536895,245.402813696
1590602626540917603,-1.14532392472,-1.30913741887,245.602557184
1590602626739053114,-1.17951221764,-1.09466388822,245.800692736
1590602626937388963,-1.01872887462,-0.924088433385,245.999028736
1590602627136370751,-0.770896114409,-0.955149531364,246.198010368
1590602627337585792,-0.642034225166,-1.1649582535,246.399225344
1590602627538655539,-0.527235493064,-0.963230803609,246.600295168
1590602627741394293,-0.486210733652,-0.770014151931,246.803033856
1590602627937269813,-0.413499586284,-0.583975017071,246.99890944
1590602628142252068,-0.495971739292,-0.490882620215,247.203891712
1590602628341244317,-0.185726396739,-0.993353873491,247.402884096
1590602628540997367,-0.300204753876,-0.787822902203,247.602637056
1590602628749078477,-0.00432766973972,-0.622744113207,247.810718208
1590602628945177352,0.0036183744669,-0.510824471712,248.006817024
1590602629152823249,0.167980790138,-0.52988640964,248.214462976
1590602629337768360,0.247127190232,-0.320382788777,248.399408128
1590602629536588845,0.247474387288,-0.169084593654,248.59822848
1590602629741032218,0.453977659345,-0.464826822281,248.802671872
1590602629938002942,0.540517643094,-0.377330556512,248.999642624
1590602630144333951,0.37111081183,-0.198905169964,249.205973504
1590602630342306537,0.489195436239,-0.0400882214308,249.40394624
1590602630536932663,0.526999682188,-0.0185996294022,249.598572288
1590602630741523371,0.857573747635,-0.175116211176,249.803163136
1590602630936667074,0.422823429108,-0.276738032699,249.998306816
1590602631138781875,0.704497471452,-0.123313069344,250.200421632
1590602631347666083,0.76211579144,-0.0234264880419,250.409305856
1590602631535929815,1.04260630906,-0.0637676566839,250.597569536
1590602631761373753,0.992849469185,-0.126265361905,250.823013376
1590602631939495509,4.80244457722,2.64277420938,251.001135104
1590602632136694197,16.5429726243,10.158406198,251.198333952
1590602632350583549,33.8042974472,19.5000782609,251.412223232
1590602632542243854,49.3352115154,26.81645751,251.60388352
1590602632752081572,59.3000292778,31.915217638,251.813721344
1590602632936743039,68.077558279,36.2968146801,251.998382592
1590602633143678376,64.0863180161,34.1435164213,252.205318144
1590602633337759850,76.672744751,44.3261891603,252.399399424
1590602633550282904,68.6529099941,36.3842666149,252.611922688
1590602633754935635,68.1364893913,39.0447199345,252.816575232
1590602633939963398,66.6664958,38.0574822426,253.001603072
1590602634140777150,65.0814831257,35.7815176249,253.202416896
1590602634342916594,62.3282551765,32.0596456528,253.404556288
1590602634540389019,54.3312430382,25.056129694,253.6020288
1590602634738196680,41.71859622,15.464989841,253.799836416
1590602634947350659,31.2862217426,7.70084112883,254.008990464
1590602635147032425,18.5593217611,-1.83308497071,254.208672
1590602635337470070,5.7456381619,-8.78507643938,254.399109632
1590602635553060723,-6.75541460514,-15.3514608741,254.614700288
1590602635744503918,-24.6474981308,-25.580984354,254.806143488
1590602635941986398,-37.2194826603,-35.1077049971,255.003625984
1590602636141261903,-46.7938393354,-44.5444762707,255.202901504
1590602636339740193,-51.8783330917,-50.7997751236,255.40137984
1590602636539213389,-56.803303957,-53.7350714207,255.600852992
1590602636746895464,-60.849159956,-54.8756957054,255.80853504
1590602636935319481,-64.0403211117,-54.1760921478,255.996959232
1590602637142212677,-66.6965484619,-53.1672000885,256.203852288
1590602637338936409,-69.1668987274,-50.8655965328,256.400576
1590602637542482278,-69.0658271313,-46.6636359692,256.604121856
1590602637747667270,-69.6496248245,-42.2426342964,256.80930688
1590602637937821668,-74.0565538406,-45.4828798771,256.999461376
1590602638137393045,-70.0627028942,-39.870044589,257.199032832
1590602638338714476,-70.3459203243,-38.7509971857,257.400354048
1590602638549283561,-68.7918484211,-35.7809245586,257.610923264
1590602638737821750,-67.288595438,-32.6375097036,257.799461376
1590602638937605489,-64.692568779,-29.866194725,257.999245056
1590602639145495340,-61.1678004265,-27.0893603563,258.207134976
1590602639345920218,-56.5013170242,-25.0993043184,258.407559936
1590602639538343697,-51.2865543365,-23.3495935798,258.59998336
1590602639743330278,-46.016561985,-20.3530684114,258.804969984
1590602639941202207,-38.3439987898,-15.7605946064,259.002841856
1590602640137819484,-30.1497548819,-10.1628445089,259.199459072
1590602640337920707,-22.9770287871,-5.49801886082,259.399560448
1590602640537934070,-17.175257206,-1.65042057633,259.59957376
1590602640741866479,-12.7725422382,1.80500485003,259.803506176
1590602640940524480,-9.07408222556,4.34258021414,260.002164224
1590602641141792511,-5.67059591413,6.31555020809,260.203432192
1590602641336563885,-2.47384570539,7.17615783215,260.398203648
1590602641542048496,-0.281513109803,8.16235542297,260.603688192
1590602641741187220,2.55357585847,8.69865119457,260.802827008
1590602641942133985,5.20488843322,9.38366800547,261.003773696
1590602642140399199,4.51564639807,7.81652629375,261.202038784
1590602642344026675,7.91070088744,9.74448472261,261.405666304
1590602642537471748,9.05818790197,9.61046367884,261.599111424
1590602642753613895,9.27056968212,9.95682626963,261.815253504
1590602642939799641,9.71236079931,9.91108566523,262.001439232
1590602643143535744,10.0824266672,9.71216112375,262.205175296
1590602643341624243,10.1983875036,10.159508884,262.403264
1590602643543683408,9.70540344715,9.89796221256,262.605323008
1590602643751583887,9.14600342512,9.60714966059,262.81322368
1590602643938154066,8.68032649159,9.02977585793,262.999793664
1590602644141779037,8.084872365,9.05456990004,263.203418624
1590602644343796481,7.31401368976,8.92751216888,263.40543616
1590602644541194371,7.33598917723,8.29799771309,263.602834176
1590602644741695375,6.56193122268,8.1375002861,263.803335168
1590602644936685230,5.83451092243,8.1587433815,263.998324992
1590602645142124086,5.54548352957,8.37400704622,264.203763712
1590602645346494515,4.76207956672,7.08691477776,264.408134144
1590602645543122360,4.14414331317,6.89845085144,264.604762112
1590602645734956160,4.63302433491,6.90555274487,264.796595712
1590602645944459293,4.4766806066,6.65545910597,265.006098944
1590602646153946801,3.85045409203,6.63516074419,265.21558656
1590602646339471397,4.08178418875,5.94533272088,265.40111104
1590602646543277622,3.61937731504,6.14891164005,265.604917248
1590602646739847621,3.45558971167,5.95182515681,265.80148736
1590602646938698337,3.52485850453,5.83971999586,266.00033792
1590602647142444132,3.94486933947,5.35100512207,266.204083712
1590602647340319239,3.52257192135,5.80258183181,266.401958912
1590602647544768277,3.87358367443,5.43319173157,266.606407936
1590602647741662672,3.43897119164,5.62969110906,266.8033024
1590602647936075173,3.48895937204,5.34788183868,266.997714944
1590602648137346319,3.73767763376,4.86857481301,267.198985984
1590602648339216608,3.36873531342,5.41169755161,267.40085632
1590602648538030654,2.82921232283,4.62754480541,267.599670272
1590602648743660845,3.64214405417,4.47974838316,267.80530048
1590602648935902404,3.98136153817,4.41782511771,267.997542144
1590602649135093938,3.34465578198,5.05497418344,268.196733696
1590602649337748803,3.34654524922,4.81097586453,268.399388416
1590602649539101505,3.70343029499,4.58041913807,268.60074112
1590602649739484791,3.80838513374,4.340422526,268.801124352
1590602649946002951,3.1686834991,4.76105548441,269.007642624
1590602650148307215,3.18807065487,4.7742087394,269.20994688
1590602650340123796,3.31459492445,4.42944727838,269.401763584
1590602650541793835,3.60773280263,4.24487404525,269.603433472
1590602650752544463,3.80311310291,4.16356809437,269.814184192
1590602650945510623,3.82114797831,4.0424939245,270.007150336
1590602651136668763,2.96626389027,4.60444428027,270.198308352
1590602651353792958,2.87402607501,4.39844094217,270.415432704
1590602651547544926,3.04333418608,4.05899472535,270.609184512
1590602651744496885,3.41190248728,3.98957766593,270.806136576
1590602651937412450,3.48101109266,3.87546159327,270.999052032
1590602652137066965,3.52338626981,3.77771519125,271.198706688
1590602652341860703,3.48461270332,3.64899300039,271.403500288
1590602652544061651,3.53879481554,3.5988483578,271.605701376
1590602652745215989,2.70480364561,4.3140951544,271.80685568
1590602652938859158,2.72720828652,4.12008650601,272.000498944
1590602653141385923,2.8804667294,3.82980369031,272.203025664
1590602653339225207,2.98139378428,3.59525717795,272.400864768
1590602653545730008,3.02979052067,3.41721586883,272.607369728
1590602653736498922,3.00424844027,3.25243584812,272.798138624
1590602653942479589,3.06788682938,3.19355241954,273.004119296
1590602654145350135,3.00830751657,3.09521369636,273.206989824
1590602654343572825,2.43632532656,3.3536914736,273.405212416
1590602654543915945,1.93949006498,3.53958271444,273.605555712
1590602654746904162,2.07961313426,3.29976119101,273.808543744
1590602654936597986,2.33853794634,3.10670547187,273.998237696
1590602655137459894,2.39890553057,2.89796106517,274.199099648
1590602655342910966,2.2944919765,2.65161581337,274.404550656
1590602655547121545,2.33387835324,2.53864713013,274.608761344
1590602655737232427,2.21868306398,2.3629438132,274.798872064
1590602655938142562,2.12974399328,2.20054574311,274.999782144
1590602656140775447,2.12546698749,2.13011316955,275.202415104
1590602656344818335,1.98656953871,1.98852308095,275.406458112
1590602656534747251,2.08753421903,2.01518945396,275.596386816
1590602656736442393,2.01476886868,1.96332074702,275.798082048
1590602656936756043,1.95892006159,1.89164914191,275.998395648
1590602657140230545,1.17622204125,2.65544690192,276.201870336
1590602657346490888,1.20635963976,2.48244516551,276.40813056
1590602657548648178,1.43165998161,2.212068066,276.610287872
1590602657735623750,1.48396156728,1.93660520017,276.79726336
1590602657942554690,1.65408067405,1.86273567379,277.004194304
1590602658146372675,1.74503773451,1.85443647206,277.208012288
1590602658340635507,1.73702649772,1.80262364447,277.402275072
1590602658536785921,1.66688226163,1.69180892408,277.5984256
1590602658741811372,1.59400030971,1.57670415938,277.803451136
1590602658937000885,1.56456902623,1.54083557427,277.99864064
1590602659139325074,1.50771923363,1.49627812207,278.200964864
1590602659337426146,1.44063532352,1.44352503121,278.399065856
1590602659542538368,1.38055235147,1.39122195542,278.60417792
1590602659740010952,1.38863250613,1.39573775232,278.801650688
1590602659935961593,1.28261968493,1.30015276372,278.99760128
1590602660141003524,1.22693367302,1.25240050256,279.2026432
1590602660346286522,1.11050270498,1.1509552598,279.407926272
1590602660544903240,1.22777484357,1.25616453588,279.606542848
1590602660743651617,1.10800564289,1.1299803853,279.805291264
1590602660935192437,1.00594423711,1.03878155351,279.996832
1590602661143697935,0.808081775904,0.868305563927,280.2053376
1590602661337678568,0.679253414273,0.760227814317,280.399318272
1590602661535031084,0.666137784719,0.750063359737,280.59667072
1590602661735545620,0.599034875631,0.6856136024,280.79718528
1590602661951047323,0.49546584487,0.577606633306,281.012687104
1590602662136371633,0.436336547136,0.511792674661,281.198011392
1590602662334655646,0.4439689219,0.512633100152,281.396295424
1590602662534732306,0.303510203958,0.386155769229,281.596371968
1590602662734861411,0.268426164985,0.33649392426,281.796500992
1590602662935606842,0.304434075952,0.363004952669,281.997246464
1590602663141219190,0.187252089381,0.254682078958,282.202858752
1590602663345923923,0.169886276126,0.223230943084,282.40756352
1590602663542346123,0.231827050447,0.27131959796,282.60398592
1590602663741022426,-0.267782248557,0.676767528057,282.802662144
1590602663936740771,-0.731999985874,1.04041583836,282.998380544
1590602664136461295,-0.548616610467,0.991684570909,283.198100992
1590602664337151819,-0.545812025666,0.646728649735,283.398791424
1590602664537307817,-0.539271719754,0.347098708153,283.598947584
1590602664737489418,-0.433818437159,0.233932211995,283.799129088
1590602664947680825,-0.491906516254,0.0427432358265,284.009320448
1590602665137855635,-0.448867119849,-0.0358514487743,284.199495424
1590602665341225837,-0.428501516581,-0.09595900774,284.402865408
1590602665550485116,-0.545173697174,-0.25995709002,284.612124672
1590602665736984580,-0.590008124709,-0.352019816637,284.798624256
1590602665935439694,-0.568886846304,-0.36236718297,284.997079296
1590602666145552739,-0.690976902843,-0.488629192114,285.20719232
1590602666346419947,-0.699303857982,-0.523120164871,285.408059648
1590602666534891081,-0.854655727744,-0.674417614937,285.596530688
1590602666745352709,-0.889943912625,-0.727253034711,285.806992384
1590602666944480392,-0.906638242304,-0.746266543865,286.006120192
1590602667136379651,-0.968574173748,-0.805800408125,286.198019328
1590602667334632638,-1.04347094893,-0.888461247087,286.396272384
1590602667534004997,-0.5106696859,-1.25100761652,286.595644672
1590602667739689440,-0.300540775061,-1.79568007588,286.801329152
1590602667943802545,-0.467975996435,-1.68104320765,287.005442304
1590602668143060626,-0.615497864783,-1.47295817733,287.204700416
1590602668338989234,-0.689059123397,-1.28680765629,287.400628992
1590602668549431814,-1.58906280994,-0.396271422505,287.611071488
1590602668740216853,-1.69103126973,-0.264406949282,287.801856512
1590602668937032663,-1.52780860662,-0.42902007699,287.998672384
1590602669135548267,-1.4154324308,-0.64682289958,288.19718784
1590602669337793288,-1.3053253293,-0.777703896165,288.39943296
1590602669542222924,-1.24716870487,-0.8783839643,288.603862528
1590602669737189289,-1.23453307897,-0.977621600032,288.798829056
1590602669935208053,-1.20151471347,-1.02746784687,288.996847616
1590602670145632767,-1.19787473232,-1.07262097299,289.207272448
1590602670340656702,-1.20732132345,-1.09614171088,289.40229632
1590602670542061691,-1.20144486427,-1.10035277903,289.603701248
1590602670735212605,-1.24875083566,-1.13836787641,289.796852224
1590602670935372999,-1.27311758697,-1.17566287518,289.997012736
1590602671145178328,-1.14342719316,-1.07676871121,290.206818048
1590602671341062401,-1.22176632285,-1.09058655798,290.40270208
1590602671536871123,-1.23959686607,-1.11617483199,290.598510848
1590602671734737112,-1.18830446154,-1.08500346541,290.796376832
1590602671939878540,-1.26450769603,-1.13442502916,291.001518336
1590602672138094819,-1.26455910504,-1.16052851081,291.199734528
1590602672335548820,-1.19168106467,-1.10696740448,291.397188608
1590602672545492134,-1.26882437617,-1.14414915442,291.607131904
