%time,field.pos_north,field.pos_east,field.pos_heading,field.vel_north,field.vel_east,field.vel_heading,field.acc_north,field.acc_east,field.acc_heading,secs_since_start
1591010849178825806,152.395784834,1128.15407684,0.0,0.0,0.0,0.0,0.0,0.0,0.0,0.0
1591010849278016062,152.395784834,1128.15407684,0.0,0.0,0.0,0.0,0.0,0.0,0.0,0.099190272
1591010849375298833,152.395784834,1128.15407684,0.0,0.0,0.0,0.0,0.0,0.0,0.0,0.196473088
1591010849473100160,152.395784834,1128.15407684,0.0,0.0,0.0,0.0,0.0,0.0,0.0,0.29427456
1591010849572272652,152.395784834,1128.15407684,0.0,0.0,0.0,0.0,0.0,0.0,0.0,0.393446912
1591010849676774865,152.395784834,1128.15407684,0.0,0.0,0.0,0.0,0.0,0.0,0.0,0.497949184
1591010849776468298,152.395784834,1128.15407684,0.0,0.0,0.0,0.0,0.0,0.0,0.0,0.597642496
1591010849876307556,152.395784834,1128.15407684,0.0,0.0,0.0,0.0,0.0,0.0,0.0,0.697481728
1591010849972175168,152.395784834,1128.15407684,0.0,0.0,0.0,0.0,0.0,0.0,0.0,0.793349376
1591010850073467076,152.395784834,1128.15407684,0.0,0.0,0.0,0.0,0.0,0.0,0.0,0.894641408
1591010850176047476,152.395784834,1128.15407684,0.0,0.0,0.0,0.0,0.0,0.0,0.0,0.997221632
1591010850271857343,152.395784834,1128.15407684,0.0,0.0,0.0,0.0,0.0,0.0,0.0,1.09303168
1591010850373117110,152.395784834,1128.15407684,0.0,0.0,0.0,0.0,0.0,0.0,0.0,1.194291456
1591010850473843957,152.395784834,1128.15407684,0.0,0.0,0.0,0.0,0.0,0.0,0.0,1.29501824
1591010850572300832,152.395784834,1128.15407684,0.0,0.0,0.0,0.0,0.0,0.0,0.0,1.393475072
1591010850674079335,152.395784834,1128.15407684,0.0,0.0,0.0,0.0,0.0,0.0,0.0,1.495253504
1591010850772222083,152.395784834,1128.15407684,0.0,0.0,0.0,0.0,0.0,0.0,0.0,1.59339648
1591010850875896884,152.395784834,1128.15407684,0.0,0.0,0.0,0.0,0.0,0.0,0.0,1.697071104
1591010850971757932,152.395784834,1128.15407684,0.0,0.0,0.0,0.0,0.0,0.0,0.0,1.792932096
1591010851078905795,152.395784834,1128.15407684,0.0,0.0,0.0,0.0,0.0,0.0,0.0,1.900080128
1591010851173467112,152.395784834,1128.15407684,0.0,0.0,0.0,0.0,0.0,0.0,0.0,1.994641408
1591010851273112661,152.395784834,1128.15407684,0.0,0.0,0.0,0.0,0.0,0.0,0.0,2.094286848
1591010851377521674,152.395784834,1128.15407684,0.0,0.0,0.0,0.0,0.0,0.0,0.0,2.198695936
1591010851473319473,152.395784834,1128.15407684,0.0,0.0,0.0,0.0,0.0,0.0,0.0,2.294493696
1591010851573106997,152.395784834,1128.15407684,0.0,0.0,0.0,0.0,0.0,0.0,0.0,2.394281216
1591010851674383892,152.395784834,1128.15407684,0.0,0.0,0.0,0.0,0.0,0.0,0.0,2.495558144
1591010851782198605,152.395784834,1128.15407684,0.0,0.0,0.0,0.0,0.0,0.0,0.0,2.6033728
1591010851871636341,152.395784834,1128.15407684,0.0,0.0,0.0,0.0,0.0,0.0,0.0,2.692810496
1591010851973418938,152.395784834,1128.15407684,0.0,0.0,0.0,0.0,0.0,0.0,0.0,2.79459328
1591010852072443265,152.395784834,1128.15407684,0.0,0.0,0.0,0.0,0.0,0.0,0.0,2.893617664
1591010852173058507,152.395784834,1128.15407684,0.0,0.0,0.0,0.0,0.0,0.0,0.0,2.994232832
1591010852273599754,152.395784834,1128.15407684,0.0,0.0,0.0,0.0,0.0,0.0,0.0,3.094774016
1591010852375507236,152.395784834,1128.15407684,0.0,0.0,0.0,0.0,0.0,0.0,0.0,3.196681472
1591010852479268462,152.395784834,1128.15407684,0.0,0.0,0.0,0.0,0.0,0.0,0.0,3.300442624
1591010852573084060,152.395784834,1128.15407684,0.0,0.0,0.0,0.0,0.0,0.0,0.0,3.394258432
1591010852673165704,152.395784834,1128.15407684,0.0,0.0,0.0,0.0,0.0,0.0,0.0,3.494340096
1591010852778821560,152.395784834,1128.15407684,0.0,0.0,0.0,0.0,0.0,0.0,0.0,3.599995904
1591010852872529206,152.395784834,1128.15407684,0.0,0.0,0.0,0.0,0.0,0.0,0.0,3.693703424
1591010852972911284,152.395784834,1128.15407684,0.0,0.0,0.0,0.0,0.0,0.0,0.0,3.794085632
1591010853078084537,152.395784834,1128.15407684,0.0,0.0,0.0,0.0,0.0,0.0,0.0,3.89925888
1591010853176425423,152.395784834,1128.15407684,0.0,0.0,0.0,0.0,0.0,0.0,0.0,3.997599744
1591010853276089339,152.395784834,1128.15407684,0.0,0.0,0.0,0.0,0.0,0.0,0.0,4.097263616
1591010853374819931,152.395784834,1128.15407684,0.0,0.0,0.0,0.0,0.0,0.0,0.0,4.195994112
1591010853478422485,152.395784834,1128.15407684,0.0,0.0,0.0,0.0,0.0,0.0,0.0,4.2995968
1591010853572729689,152.395784834,1128.15407684,0.0,0.0,0.0,0.0,0.0,0.0,0.0,4.393903872
1591010853677627413,152.395784834,1128.15407684,0.0,0.0,0.0,0.0,0.0,0.0,0.0,4.498801664
1591010853772233152,152.395784834,1128.15407684,0.0,0.0,0.0,0.0,0.0,0.0,0.0,4.593407488
1591010853874867029,152.395784834,1128.15407684,0.0,0.0,0.0,0.0,0.0,0.0,0.0,4.696041216
1591010853977218725,152.395784834,1128.15407684,0.0,0.0,0.0,0.0,0.0,0.0,0.0,4.798393088
1591010854074916407,152.395784834,1128.15407684,0.0,0.0,0.0,0.0,0.0,0.0,0.0,4.896090624
1591010854174465605,152.395784834,1128.15407684,0.0,0.0,0.0,0.0,0.0,0.0,0.0,4.995639808
1591010854274051284,152.395784834,1128.15407684,0.0,0.0,0.0,0.0,0.0,0.0,0.0,5.0952256
1591010854378476614,152.395784834,1128.15407684,0.0,0.0,0.0,0.0,0.0,0.0,0.0,5.199650816
1591010854472937460,152.395784834,1128.15407684,0.0,0.0,0.0,0.0,0.0,0.0,0.0,5.294111744
1591010854574205338,152.395784834,1128.15407684,0.0,0.0,0.0,0.0,0.0,0.0,0.0,5.395379712
1591010854675276520,152.395784834,1128.15407684,0.0,0.0,0.0,0.0,0.0,0.0,0.0,5.496450816
1591010854773429327,152.395784834,1128.15407684,0.0,0.0,0.0,0.0,0.0,0.0,0.0,5.59460352
1591010854877024036,152.395784834,1128.15407684,0.0,0.0,0.0,0.0,0.0,0.0,0.0,5.698198272
1591010854972252041,152.395784834,1128.15407684,0.0,0.0,0.0,0.0,0.0,0.0,0.0,5.793426432
1591010855076865853,152.395784834,1128.15407684,0.0,0.0,0.0,0.0,0.0,0.0,0.0,5.898040064
1591010855173150299,152.395784834,1128.15407684,0.0,0.0,0.0,0.0,0.0,0.0,0.0,5.99432448
1591010855272186527,152.395784834,1128.15407684,0.0,0.0,0.0,0.0,0.0,0.0,0.0,6.093360896
1591010855373275441,152.395784834,1128.15407684,0.0,0.0,0.0,0.0,0.0,0.0,0.0,6.194449664
1591010855474895998,152.395784834,1128.15407684,0.0,0.0,0.0,0.0,0.0,0.0,0.0,6.296070144
1591010855571696430,152.395784834,1128.15407684,0.0,0.0,0.0,0.0,0.0,0.0,0.0,6.392870656
1591010855676624978,152.395784834,1128.15407684,0.0,0.0,0.0,0.0,0.0,0.0,0.0,6.497799168
1591010855772844474,152.395784834,1128.15407684,0.0,0.0,0.0,0.0,0.0,0.0,0.0,6.594018816
1591010855873302950,152.395784834,1128.15407684,0.0,0.0,0.0,0.0,0.0,0.0,0.0,6.694477312
1591010855977428721,152.395784834,1128.15407684,0.0,0.0,0.0,0.0,0.0,0.0,0.0,6.798603008
1591010856073203116,152.395784834,1128.15407684,0.0,0.0,0.0,0.0,0.0,0.0,0.0,6.894377472
1591010856177316071,152.395784834,1128.15407684,0.0,0.0,0.0,0.0,0.0,0.0,0.0,6.998490368
1591010856273286014,152.395784834,1128.15407684,0.0,0.0,0.0,0.0,0.0,0.0,0.0,7.09446016
1591010856373571240,152.395784834,1128.15407684,0.0,0.0,0.0,0.0,0.0,0.0,0.0,7.1947456
1591010856474978329,152.395784834,1128.15407684,0.0,0.0,0.0,0.0,0.0,0.0,0.0,7.296152576
1591010856572226342,152.395784834,1128.15407684,0.0,0.0,0.0,0.0,0.0,0.0,0.0,7.393400576
1591010856681152998,152.395784834,1128.15407684,0.0,0.0,0.0,0.0,0.0,0.0,0.0,7.502327296
1591010856777884047,152.395784834,1128.15407684,0.0,0.0,0.0,0.0,0.0,0.0,0.0,7.599058432
1591010856873285311,152.395784834,1128.15407684,0.0,0.0,0.0,0.0,0.0,0.0,0.0,7.694459648
1591010856971848936,152.395784834,1128.15407684,0.0,0.0,0.0,0.0,0.0,0.0,0.0,7.793023232
1591010857074618941,152.395784834,1128.15407684,0.0,0.0,0.0,0.0,0.0,0.0,0.0,7.895793152
1591010857172367581,152.395784834,1128.15407684,0.0,0.0,0.0,0.0,0.0,0.0,0.0,7.993541888
1591010857279555293,152.395784834,1128.15407684,0.0,0.0,0.0,0.0,0.0,0.0,0.0,8.1007296
1591010857372893624,152.395784834,1128.15407684,0.0,0.0,0.0,0.0,0.0,0.0,0.0,8.194067968
1591010857472116222,152.395784834,1128.15407684,0.0,0.0,0.0,0.0,0.0,0.0,0.0,8.293290496
1591010857575484668,152.395784834,1128.15407684,0.0,0.0,0.0,0.0,0.0,0.0,0.0,8.396658944
1591010857678756897,152.395784834,1128.15407684,0.0,0.0,0.0,0.0,0.0,0.0,0.0,8.499931136
1591010857772156480,152.395784834,1128.15407684,0.0,0.0,0.0,0.0,0.0,0.0,0.0,8.593330688
1591010857872325887,152.395784834,1128.15407684,0.0,0.0,0.0,0.0,0.0,0.0,0.0,8.69350016
1591010857973778269,152.395784834,1128.15407684,0.0,0.0,0.0,0.0,0.0,0.0,0.0,8.794952448
1591010858076385394,152.395784834,1128.15407684,0.0,0.0,0.0,0.0,0.0,0.0,0.0,8.897559552
1591010858173252935,152.395784834,1128.15407684,0.0,0.0,0.0,0.0,0.0,0.0,0.0,8.994427136
1591010858272482305,152.395784834,1128.15407684,0.0,0.0,0.0,0.0,0.0,0.0,0.0,9.093656576
1591010858374133158,152.395784834,1128.15407684,0.0,0.0,0.0,0.0,0.0,0.0,0.0,9.19530752
1591010858473951345,152.395784834,1128.15407684,0.0,0.0,0.0,0.0,0.0,0.0,0.0,9.295125504
1591010858578036256,152.395784834,1128.15407684,0.0,0.0,0.0,0.0,0.0,0.0,0.0,9.399210496
1591010858673275799,152.395784834,1128.15407684,0.0,0.0,0.0,0.0,0.0,0.0,0.0,9.494450176
1591010858774170542,152.395784834,1128.15407684,0.0,0.0,0.0,0.0,0.0,0.0,0.0,9.595344896
1591010858872059108,152.395784834,1128.15407684,0.0,0.0,0.0,0.0,0.0,0.0,0.0,9.693233408
1591010858973377448,152.395784834,1128.15407684,0.0,0.0,0.0,0.0,0.0,0.0,0.0,9.794551808
1591010859071995512,152.395784834,1128.15407684,0.0,0.0,0.0,0.0,0.0,0.0,0.0,9.893169664
1591010859174479137,152.395784834,1128.15407684,0.0,0.0,0.0,0.0,0.0,0.0,0.0,9.995653376
1591010859275124241,152.395784834,1128.15407684,0.0,0.0,0.0,0.0,0.0,0.0,0.0,10.096298496
1591010859373075948,152.395784834,1128.15407684,0.0,0.0,0.0,0.0,0.0,0.0,0.0,10.19425024
1591010859473073534,152.395784834,1128.15407684,0.0,0.0,0.0,0.0,0.0,0.0,0.0,10.29424768
1591010859577022421,152.395784834,1128.15407684,0.0,0.0,0.0,0.0,0.0,0.0,0.0,10.398196736
1591010859672649705,152.395784834,1128.15407684,0.0,0.0,0.0,0.0,0.0,0.0,0.0,10.493824
1591010859772063395,152.395784834,1128.15407684,0.0,0.0,0.0,0.0,0.0,0.0,0.0,10.59323776
1591010859876058637,152.395784834,1128.15407684,0.0,0.0,0.0,0.0,0.0,0.0,0.0,10.697232896
1591010859973074660,152.395784834,1128.15407684,0.0,0.0,0.0,0.0,0.0,0.0,0.0,10.79424896
1591010860072187236,152.395784834,1128.15407684,0.0,0.0,0.0,0.0,0.0,0.0,0.0,10.893361408
1591010860172030038,152.395784834,1128.15407684,0.0,0.0,0.0,0.0,0.0,0.0,0.0,10.993204224
1591010860278770359,152.395784834,1128.15407684,0.0,0.0,0.0,0.0,0.0,0.0,0.0,11.099944704
1591010860373629494,152.395784834,1128.15407684,0.0,0.0,0.0,0.0,0.0,0.0,0.0,11.194803712
1591010860473070516,152.395784834,1128.15407684,0.0,0.0,0.0,0.0,0.0,0.0,0.0,11.294244864
1591010860576695580,152.395784834,1128.15407684,0.0,0.0,0.0,0.0,0.0,0.0,0.0,11.397869824
1591010860673064589,152.395784834,1128.15407684,0.0,0.0,0.0,0.0,0.0,0.0,0.0,11.494238976
1591010860773601406,152.395784834,1128.15407684,0.0,0.0,0.0,0.0,0.0,0.0,0.0,11.594775552
1591010860872651815,152.395784834,1128.15407684,0.0,0.0,0.0,0.0,0.0,0.0,0.0,11.693826048
1591010860976907388,152.395784834,1128.15407684,0.0,0.0,0.0,0.0,0.0,0.0,0.0,11.798081536
1591010861072559222,152.395784834,1128.15407684,0.0,0.0,0.0,0.0,0.0,0.0,0.0,11.893733376
1591010861173601161,152.395784834,1128.15407684,0.0,0.0,0.0,0.0,0.0,0.0,0.0,11.994775552
1591010861272333931,152.395784834,1128.15407684,0.0,0.0,0.0,0.0,0.0,0.0,0.0,12.093508096
1591010861373072257,152.395784834,1128.15407684,0.0,0.0,0.0,0.0,0.0,0.0,0.0,12.194246656
1591010861473322234,152.395784834,1128.15407684,0.0,0.0,0.0,0.0,0.0,0.0,0.0,12.294496512
1591010861572267562,152.395784834,1128.15407684,0.0,0.0,0.0,0.0,0.0,0.0,0.0,12.393441792
1591010861673395853,152.395784834,1128.15407684,0.0,0.0,0.0,0.0,0.0,0.0,0.0,12.49457024
1591010861773604215,152.395784834,1128.15407684,0.0,0.0,0.0,0.0,0.0,0.0,0.0,12.594778368
1591010861876096854,152.395784834,1128.15407684,0.0,0.0,0.0,0.0,0.0,0.0,0.0,12.69727104
1591010861973843774,152.395784834,1128.15407684,0.0,0.0,0.0,0.0,0.0,0.0,0.0,12.795017984
1591010862072693684,152.395784834,1128.15407684,0.0,0.0,0.0,0.0,0.0,0.0,0.0,12.893868032
1591010862171696249,152.395784834,1128.15407684,0.0,0.0,0.0,0.0,0.0,0.0,0.0,12.9928704
1591010862272294657,152.395784834,1128.15407684,0.0,0.0,0.0,0.0,0.0,0.0,0.0,13.093468928
1591010862377405198,152.395784834,1128.15407684,0.0,0.0,0.0,0.0,0.0,0.0,0.0,13.198579456
1591010862477162362,152.395784834,1128.15407684,0.0,0.0,0.0,0.0,0.0,0.0,0.0,13.298336512
1591010862571836198,152.395784834,1128.15407684,0.0,0.0,0.0,0.0,0.0,0.0,0.0,13.393010432
1591010862682452531,152.395784834,1128.15407684,0.0,0.0,0.0,0.0,0.0,0.0,0.0,13.503626752
1591010862778285565,152.395784834,1128.15407684,0.0,0.0,0.0,0.0,0.0,0.0,0.0,13.59945984
1591010862873127701,152.395784834,1128.15407684,0.0,0.0,0.0,0.0,0.0,0.0,0.0,13.694301952
1591010862977233296,152.395784834,1128.15407684,0.0,0.0,0.0,0.0,0.0,0.0,0.0,13.79840768
1591010863072865971,152.395784834,1128.15407684,0.0,0.0,0.0,0.0,0.0,0.0,0.0,13.89404032
1591010863175332670,152.395784834,1128.15407684,0.0,0.0,0.0,0.0,0.0,0.0,0.0,13.99650688
1591010863272858325,152.395784834,1128.15407684,0.0,0.0,0.0,0.0,0.0,0.0,0.0,14.09403264
1591010863372300574,152.395784834,1128.15407684,0.0,0.0,0.0,0.0,0.0,0.0,0.0,14.193474816
1591010863476230152,152.395784834,1128.15407684,0.0,0.0,0.0,0.0,0.0,0.0,0.0,14.297404416
1591010863574335806,152.395784834,1128.15407684,0.0,0.0,0.0,0.0,0.0,0.0,0.0,14.395510016
1591010863672699087,152.395784834,1128.15407684,0.0,0.0,0.0,0.0,0.0,0.0,0.0,14.493873408
1591010863773160259,152.395784834,1128.15407684,0.0,0.0,0.0,0.0,0.0,0.0,0.0,14.594334464
1591010863872282793,152.395784834,1128.15407684,0.0,0.0,0.0,0.0,0.0,0.0,0.0,14.693457152
1591010863972618183,152.395784834,1128.15407684,0.0,0.0,0.0,0.0,0.0,0.0,0.0,14.793792512
1591010864072434218,152.395784834,1128.15407684,0.0,0.0,0.0,0.0,0.0,0.0,0.0,14.893608448
1591010864176745700,152.395784834,1128.15407684,0.0,0.0,0.0,0.0,0.0,0.0,0.0,14.99792
1591010864274633507,152.395784834,1128.15407684,0.0,0.0,0.0,0.0,0.0,0.0,0.0,15.095807744
1591010864377019615,152.395784834,1128.15407684,0.0,0.0,0.0,0.0,0.0,0.0,0.0,15.19819392
1591010864476213690,152.395784834,1128.15407684,0.0,0.0,0.0,0.0,0.0,0.0,0.0,15.297388032
1591010864579725465,152.395784834,1128.15407684,0.0,0.0,0.0,0.0,0.0,0.0,0.0,15.40089984
1591010864676390003,152.395784834,1128.15407684,0.0,0.0,0.0,0.0,0.0,0.0,0.0,15.49756416
1591010864775255953,152.395784834,1128.15407684,0.0,0.0,0.0,0.0,0.0,0.0,0.0,15.596430336
1591010864873838291,152.395784834,1128.15407684,0.0,0.0,0.0,0.0,0.0,0.0,0.0,15.695012608
1591010864973204868,152.395784834,1128.15407684,0.0,0.0,0.0,0.0,0.0,0.0,0.0,15.794379264
1591010865072335566,152.395784834,1128.15407684,0.0,0.0,0.0,0.0,0.0,0.0,0.0,15.893509888
1591010865172531396,152.395784834,1128.15407684,0.0,0.0,0.0,0.0,0.0,0.0,0.0,15.993705728
1591010865274848103,152.395784834,1128.15407684,0.0,0.0,0.0,0.0,0.0,0.0,0.0,16.096022272
1591010865378121492,152.395784834,1128.15407684,0.0,0.0,0.0,0.0,0.0,0.0,0.0,16.199295744
1591010865473794082,152.395784834,1128.15407684,0.0,0.0,0.0,0.0,0.0,0.0,0.0,16.29496832
1591010865574699010,152.395784834,1128.15407684,0.0,0.0,0.0,0.0,0.0,0.0,0.0,16.39587328
1591010865675233109,152.395784834,1128.15407684,0.0,0.0,0.0,0.0,0.0,0.0,0.0,16.496407296
1591010865772187411,152.395784834,1128.15407684,0.0,0.0,0.0,0.0,0.0,0.0,0.0,16.593361664
1591010865874898892,152.395784834,1128.15407684,0.0,0.0,0.0,0.0,0.0,0.0,0.0,16.696073216
1591010865975556866,152.395784834,1128.15407684,0.0,0.0,0.0,0.0,0.0,0.0,0.0,16.796731136
1591010866074904198,152.395784834,1128.15407684,0.0,0.0,0.0,0.0,0.0,0.0,0.0,16.896078592
1591010866174822488,152.395784834,1128.15407684,0.0,0.0,0.0,0.0,0.0,0.0,0.0,16.995996672
1591010866275554540,152.395784834,1128.15407684,0.0,0.0,0.0,0.0,0.0,0.0,0.0,17.096728832
1591010866375642317,152.395784834,1128.15407684,0.0,0.0,0.0,0.0,0.0,0.0,0.0,17.19681664
1591010866477542642,152.395784834,1128.15407684,0.0,0.0,0.0,0.0,0.0,0.0,0.0,17.298716928
1591010866573301508,152.395784834,1128.15407684,0.0,0.0,0.0,0.0,0.0,0.0,0.0,17.394475776
1591010866676650863,152.395784834,1128.15407684,0.0,0.0,0.0,0.0,0.0,0.0,0.0,17.497825024
1591010866777924433,152.395784834,1128.15407684,0.0,0.0,0.0,0.0,0.0,0.0,0.0,17.599098624
1591010866872912415,152.395784834,1128.15407684,0.0,0.0,0.0,0.0,0.0,0.0,0.0,17.694086656
1591010866977165784,152.395784834,1128.15407684,0.0,0.0,0.0,0.0,0.0,0.0,0.0,17.798340096
1591010867072571300,152.395784834,1128.15407684,0.0,0.0,0.0,0.0,0.0,0.0,0.0,17.893745664
1591010867173276925,152.395784834,1128.15407684,0.0,0.0,0.0,0.0,0.0,0.0,0.0,17.9944512
1591010867272820655,152.395784834,1128.15407684,0.0,0.0,0.0,0.0,0.0,0.0,0.0,18.093995008
1591010867377086625,152.395784834,1128.15407684,0.0,0.0,0.0,0.0,0.0,0.0,0.0,18.198260992
1591010867475878428,152.395784834,1128.15407684,0.0,0.0,0.0,0.0,0.0,0.0,0.0,18.297052672
1591010867572284274,152.395784834,1128.15407684,0.0,0.0,0.0,0.0,0.0,0.0,0.0,18.393458432
1591010867672700194,152.395784834,1128.15407684,0.0,0.0,0.0,0.0,0.0,0.0,0.0,18.493874432
1591010867772576000,152.395784834,1128.15407684,0.0,0.0,0.0,0.0,0.0,0.0,0.0,18.593750272
1591010867876318976,152.395784834,1128.15407684,0.0,0.0,0.0,0.0,0.0,0.0,0.0,18.697493248
1591010867977401061,152.395784834,1128.15407684,0.0,0.0,0.0,0.0,0.0,0.0,0.0,18.79857536
1591010868074704022,152.395784834,1128.15407684,0.0,0.0,0.0,0.0,0.0,0.0,0.0,18.8958784
1591010868172676769,152.395784834,1128.15407684,0.0,0.0,0.0,0.0,0.0,0.0,0.0,18.993851136
1591010868273351671,152.395784834,1128.15407684,0.0,0.0,0.0,0.0,0.0,0.0,0.0,19.094525952
1591010868371968007,152.395784834,1128.15407684,0.0,0.0,0.0,0.0,0.0,0.0,0.0,19.193142272
1591010868471906885,152.395784834,1128.15407684,0.0,0.0,0.0,0.0,0.0,0.0,0.0,19.293081088
1591010868573644473,152.395784834,1128.15407684,0.0,0.0,0.0,0.0,0.0,0.0,0.0,19.394818816
1591010868673513289,152.395784834,1128.15407684,0.0,0.0,0.0,0.0,0.0,0.0,0.0,19.494687488
1591010868772519939,152.395784834,1128.15407684,0.0,0.0,0.0,0.0,0.0,0.0,0.0,19.593694208
1591010868881362749,152.395784834,1128.15407684,0.0,0.0,0.0,0.0,0.0,0.0,0.0,19.70253696
1591010868972654816,152.395784834,1128.15407684,0.0,0.0,0.0,0.0,0.0,0.0,0.0,19.79382912
1591010869076700256,152.395784834,1128.15407684,0.0,0.0,0.0,0.0,0.0,0.0,0.0,19.897874432
1591010869182191362,152.395784834,1128.15407684,0.0,0.0,0.0,0.0,0.0,0.0,0.0,20.003365632
1591010869272410835,152.395784834,1128.15407684,0.0,0.0,0.0,0.0,0.0,0.0,0.0,20.093585152
1591010869373240366,152.395784834,1128.15407684,0.0,0.0,0.0,0.0,0.0,0.0,0.0,20.194414592
1591010869473165031,152.395784834,1128.15407684,0.0,0.0,0.0,0.0,0.0,0.0,0.0,20.294339328
1591010869572610673,152.395784834,1128.15407684,0.0,0.0,0.0,0.0,0.0,0.0,0.0,20.393784832
1591010869674828765,152.395784834,1128.15407684,0.0,0.0,0.0,0.0,0.0,0.0,0.0,20.496003072
1591010869773928423,152.395784834,1128.15407684,0.0,0.0,0.0,0.0,0.0,0.0,0.0,20.59510272
1591010869874119452,152.395784834,1128.15407684,0.0,0.0,0.0,0.0,0.0,0.0,0.0,20.695293696
1591010869974176967,152.395784834,1128.15407684,0.0,0.0,0.0,0.0,0.0,0.0,0.0,20.795351296
1591010870077207321,152.395784834,1128.15407684,0.0,0.0,0.0,0.0,0.0,0.0,0.0,20.898381568
1591010870173253464,152.395784834,1128.15407684,0.0,0.0,0.0,0.0,0.0,0.0,0.0,20.994427648
1591010870273626544,152.395784834,1128.15407684,0.0,0.0,0.0,0.0,0.0,0.0,0.0,21.094800896
1591010870371968190,152.395784834,1128.15407684,0.0,0.0,0.0,0.0,0.0,0.0,0.0,21.193142528
1591010870472212604,152.395784834,1128.15407684,0.0,0.0,0.0,0.0,0.0,0.0,0.0,21.293386752
1591010870571996640,152.395784834,1128.15407684,0.0,0.0,0.0,0.0,0.0,0.0,0.0,21.393170944
1591010870673962137,152.395784834,1128.15407684,0.0,0.0,0.0,0.0,0.0,0.0,0.0,21.495136512
1591010870772006653,152.395784834,1128.15407684,0.0,0.0,0.0,0.0,0.0,0.0,0.0,21.593180928
1591010870872148836,152.395784834,1128.15407684,0.0,0.0,0.0,0.0,0.0,0.0,0.0,21.693323008
1591010870975741822,152.395784834,1128.15407684,0.0,0.0,0.0,0.0,0.0,0.0,0.0,21.796915968
1591010871073115825,152.395784834,1128.15407684,0.0,0.0,0.0,0.0,0.0,0.0,0.0,21.894290176
1591010871173174401,152.395784834,1128.15407684,0.0,0.0,0.0,0.0,0.0,0.0,0.0,21.9943488
1591010871276018198,152.395784834,1128.15407684,0.0,0.0,0.0,0.0,0.0,0.0,0.0,22.097192448
1591010871376013949,152.395784834,1128.15407684,0.0,0.0,0.0,0.0,0.0,0.0,0.0,22.197188096
1591010871473384604,152.395784834,1128.15407684,0.0,0.0,0.0,0.0,0.0,0.0,0.0,22.294558976
1591010871578007202,152.395784834,1128.15407684,0.0,0.0,0.0,0.0,0.0,0.0,0.0,22.399181568
1591010871673481726,152.395784834,1128.15407684,0.0,0.0,0.0,0.0,0.0,0.0,0.0,22.494656
1591010871771675071,152.395784834,1128.15407684,0.0,0.0,0.0,0.0,0.0,0.0,0.0,22.592849408
1591010871877155495,152.395784834,1128.15407684,0.0,0.0,0.0,0.0,0.0,0.0,0.0,22.698329856
1591010871973177204,152.395784834,1128.15407684,0.0,0.0,0.0,0.0,0.0,0.0,0.0,22.79435136
1591010872073798491,152.395784834,1128.15407684,0.0,0.0,0.0,0.0,0.0,0.0,0.0,22.894972672
1591010872171748664,152.395784834,1128.15407684,0.0,0.0,0.0,0.0,0.0,0.0,0.0,22.99292288
1591010872273877005,152.395784834,1128.15407684,0.0,0.0,0.0,0.0,0.0,0.0,0.0,23.095051264
1591010872375300913,152.395784834,1128.15407684,0.0,0.0,0.0,0.0,0.0,0.0,0.0,23.196475136
1591010872475994895,152.395784834,1128.15407684,0.0,0.0,0.0,0.0,0.0,0.0,0.0,23.297169152
1591010872575880641,152.395784834,1128.15407684,0.0,0.0,0.0,0.0,0.0,0.0,0.0,23.397054976
1591010872674602059,152.395784834,1128.15407684,0.0,0.0,0.0,0.0,0.0,0.0,0.0,23.495776256
1591010872772369244,152.395784834,1128.15407684,0.0,0.0,0.0,0.0,0.0,0.0,0.0,23.593543424
1591010872873562700,152.395784834,1128.15407684,0.0,0.0,0.0,0.0,0.0,0.0,0.0,23.694736896
1591010872975131461,152.395784834,1128.15407684,0.0,0.0,0.0,0.0,0.0,0.0,0.0,23.796305664
1591010873073530215,152.395784834,1128.15407684,0.0,0.0,0.0,0.0,0.0,0.0,0.0,23.894704384
1591010873176373382,152.395784834,1128.15407684,0.0,0.0,0.0,0.0,0.0,0.0,0.0,23.997547776
1591010873274442673,152.395784834,1128.15407684,0.0,0.0,0.0,0.0,0.0,0.0,0.0,24.095617024
1591010873374604662,152.395784834,1128.15407684,0.0,0.0,0.0,0.0,0.0,0.0,0.0,24.195778816
1591010873472502484,152.395784834,1128.15407684,0.0,0.0,0.0,0.0,0.0,0.0,0.0,24.2936768
1591010873572319184,152.395784834,1128.15407684,0.0,0.0,0.0,0.0,0.0,0.0,0.0,24.393493504
1591010873675191404,152.395784834,1128.15407684,0.0,0.0,0.0,0.0,0.0,0.0,0.0,24.496365568
1591010873774724539,152.395784834,1128.15407684,0.0,0.0,0.0,0.0,0.0,0.0,0.0,24.59589888
1591010873872047702,152.395784834,1128.15407684,0.0,0.0,0.0,0.0,0.0,0.0,0.0,24.693221888
1591010873972365494,152.395784834,1128.15407684,0.0,0.0,0.0,0.0,0.0,0.0,0.0,24.79353984
1591010874073745456,152.395784834,1128.15407684,0.0,0.0,0.0,0.0,0.0,0.0,0.0,24.89491968
1591010874174446688,152.395784834,1128.15407684,0.0,0.0,0.0,0.0,0.0,0.0,0.0,24.995620864
1591010874273317810,152.395784834,1128.15407684,0.0,0.0,0.0,0.0,0.0,0.0,0.0,25.09449216
1591010874376477812,152.395784834,1128.15407684,0.0,0.0,0.0,0.0,0.0,0.0,0.0,25.197651968
1591010874471907443,152.395784834,1128.15407684,0.0,0.0,0.0,0.0,0.0,0.0,0.0,25.2930816
1591010874571995839,152.395784834,1128.15407684,0.0,0.0,0.0,0.0,0.0,0.0,0.0,25.393170176
1591010874677551445,152.395784834,1128.15407684,0.0,0.0,0.0,0.0,0.0,0.0,0.0,25.498725632
1591010874772825213,152.395784834,1128.15407684,0.0,0.0,0.0,0.0,0.0,0.0,0.0,25.59399936
1591010874872517483,152.395784834,1128.15407684,0.0,0.0,0.0,0.0,0.0,0.0,0.0,25.693691648
1591010874975368377,152.395784834,1128.15407684,0.0,0.0,0.0,0.0,0.0,0.0,0.0,25.79654272
1591010875075041845,152.395784834,1128.15407684,0.0,0.0,0.0,0.0,0.0,0.0,0.0,25.896216064
1591010875175063903,152.395784834,1128.15407684,0.0,0.0,0.0,0.0,0.0,0.0,0.0,25.99623808
1591010875271755058,152.395784834,1128.15407684,0.0,0.0,0.0,0.0,0.0,0.0,0.0,26.09292928
1591010875373979932,152.395784834,1128.15407684,0.0,0.0,0.0,0.0,0.0,0.0,0.0,26.195154176
1591010875473440370,152.395784834,1128.15407684,0.0,0.0,0.0,0.0,0.0,0.0,0.0,26.294614528
1591010875573611977,152.395784834,1128.15407684,0.0,0.0,0.0,0.0,0.0,0.0,0.0,26.394786304
1591010875673211836,152.395784834,1128.15407684,0.0,0.0,0.0,0.0,0.0,0.0,0.0,26.494386176
1591010875773687484,152.395784834,1128.15407684,0.0,0.0,0.0,0.0,0.0,0.0,0.0,26.594861824
1591010875873331659,152.395784834,1128.15407684,0.0,0.0,0.0,0.0,0.0,0.0,0.0,26.694505984
1591010875972136906,152.395784834,1128.15407684,0.0,0.0,0.0,0.0,0.0,0.0,0.0,26.793311232
1591010876073365720,152.395784834,1128.15407684,0.0,0.0,0.0,0.0,0.0,0.0,0.0,26.894540032
1591010876174292275,152.395784834,1128.15407684,0.0,0.0,0.0,0.0,0.0,0.0,0.0,26.995466496
1591010876272657102,152.395784834,1128.15407684,0.0,0.0,0.0,0.0,0.0,0.0,0.0,27.093831424
1591010876372133281,152.395784834,1128.15407684,0.0,0.0,0.0,0.0,0.0,0.0,0.0,27.193307648
1591010876474045367,152.395784834,1128.15407684,0.0,0.0,0.0,0.0,0.0,0.0,0.0,27.295219712
1591010876572852575,152.395784834,1128.15407684,0.0,0.0,0.0,0.0,0.0,0.0,0.0,27.394026752
1591010876673390843,152.395784834,1128.15407684,0.0,0.0,0.0,0.0,0.0,0.0,0.0,27.49456512
1591010876773148961,152.395784834,1128.15407684,0.0,0.0,0.0,0.0,0.0,0.0,0.0,27.5943232
1591010876874289776,152.395784834,1128.15407684,0.0,0.0,0.0,0.0,0.0,0.0,0.0,27.695463936
1591010876973820911,152.395784834,1128.15407684,0.0,0.0,0.0,0.0,0.0,0.0,0.0,27.7949952
1591010877071751563,152.395784834,1128.15407684,0.0,0.0,0.0,0.0,0.0,0.0,0.0,27.892925952
1591010877174015319,152.395784834,1128.15407684,0.0,0.0,0.0,0.0,0.0,0.0,0.0,27.995189504
1591010877272006848,152.395784834,1128.15407684,0.0,0.0,0.0,0.0,0.0,0.0,0.0,28.093181184
1591010877377158065,152.395784834,1128.15407684,0.0,0.0,0.0,0.0,0.0,0.0,0.0,28.198332416
1591010877475759991,152.395784834,1128.15407684,0.0,0.0,0.0,0.0,0.0,0.0,0.0,28.296934144
1591010877576271172,152.395784834,1128.15407684,0.0,0.0,0.0,0.0,0.0,0.0,0.0,28.397445376
1591010877678118662,152.395784834,1128.15407684,0.0,0.0,0.0,0.0,0.0,0.0,0.0,28.499292928
1591010877772057841,152.395784834,1128.15407684,0.0,0.0,0.0,0.0,0.0,0.0,0.0,28.593232128
1591010877871954043,152.395784834,1128.15407684,0.0,0.0,0.0,0.0,0.0,0.0,0.0,28.693128192
1591010877972187466,152.395784834,1128.15407684,0.0,0.0,0.0,0.0,0.0,0.0,0.0,28.793361664
1591010878073486956,152.395784834,1128.15407684,0.0,0.0,0.0,0.0,0.0,0.0,0.0,28.89466112
1591010878172521230,152.395784834,1128.15407684,0.0,0.0,0.0,0.0,0.0,0.0,0.0,28.993695488
1591010878274068916,152.395784834,1128.15407684,0.0,0.0,0.0,0.0,0.0,0.0,0.0,29.095243264
1591010878374157142,152.395784834,1128.15407684,0.0,0.0,0.0,0.0,0.0,0.0,0.0,29.195331328
1591010878474752877,152.395784834,1128.15407684,0.0,0.0,0.0,0.0,0.0,0.0,0.0,29.29592704
1591010878573994839,152.395784834,1128.15407684,0.0,0.0,0.0,0.0,0.0,0.0,0.0,29.395169024
1591010878672367976,152.395784834,1128.15407684,0.0,0.0,0.0,0.0,0.0,0.0,0.0,29.493542144
1591010878777660418,152.395784834,1128.15407684,0.0,0.0,0.0,0.0,0.0,0.0,0.0,29.598834688
1591010878873699337,152.395784834,1128.15407684,0.0,0.0,0.0,0.0,0.0,0.0,0.0,29.6948736
1591010878976834921,152.395784834,1128.15407684,0.0,0.0,0.0,0.0,0.0,0.0,0.0,29.798009088
1591010879072468059,152.395784834,1128.15407684,0.0,0.0,0.0,0.0,0.0,0.0,0.0,29.89364224
1591010879176498852,152.395784834,1128.15407684,0.0,0.0,0.0,0.0,0.0,0.0,0.0,29.997673216
1591010879275333004,152.395784834,1128.15407684,0.0,0.0,0.0,0.0,0.0,0.0,0.0,30.096507392
1591010879377141028,152.395784834,1128.15407684,0.0,0.0,0.0,0.0,0.0,0.0,0.0,30.198315264
1591010879473420247,152.395784834,1128.15407684,0.0,0.0,0.0,0.0,0.0,0.0,0.0,30.29459456
1591010879581314180,152.395784834,1128.15407684,0.0,0.0,0.0,0.0,0.0,0.0,0.0,30.402488576
1591010879672676725,152.395784834,1128.15407684,0.0,0.0,0.0,0.0,0.0,0.0,0.0,30.49385088
1591010879773118063,152.395784834,1128.15407684,0.0,0.0,0.0,0.0,0.0,0.0,0.0,30.594292224
1591010879876379478,152.395784834,1128.15407684,0.0,0.0,0.0,0.0,0.0,0.0,0.0,30.697553664
1591010879971696685,152.395784834,1128.15407684,0.0,0.0,0.0,0.0,0.0,0.0,0.0,30.792870912
1591010880073165345,152.395784834,1128.15407684,0.0,0.0,0.0,0.0,0.0,0.0,0.0,30.894339584
1591010880173105416,152.395784834,1128.15407684,0.0,0.0,0.0,0.0,0.0,0.0,0.0,30.99427968
1591010880274242228,152.395784834,1128.15407684,0.0,0.0,0.0,0.0,0.0,0.0,0.0,31.095416576
1591010880371796560,152.395784834,1128.15407684,0.0,0.0,0.0,0.0,0.0,0.0,0.0,31.192970752
1591010880473216380,152.395784834,1128.15407684,0.0,0.0,0.0,0.0,0.0,0.0,0.0,31.294390528
1591010880571742674,152.395784834,1128.15407684,0.0,0.0,0.0,0.0,0.0,0.0,0.0,31.392916992
1591010880672226768,152.395784834,1128.15407684,0.0,0.0,0.0,0.0,0.0,0.0,0.0,31.493401088
1591010880771849960,152.395784834,1128.15407684,0.0,0.0,0.0,0.0,0.0,0.0,0.0,31.593024256
1591010880872128922,152.395784834,1128.15407684,0.0,0.0,0.0,0.0,0.0,0.0,0.0,31.693303296
1591010880972459585,152.395784834,1128.15407684,0.0,0.0,0.0,0.0,0.0,0.0,0.0,31.793633792
1591010881072059543,152.395784834,1128.15407684,0.0,0.0,0.0,0.0,0.0,0.0,0.0,31.89323392
1591010881174308127,152.395784834,1128.15407684,0.0,0.0,0.0,0.0,0.0,0.0,0.0,31.995482368
1591010881273072000,152.395784834,1128.15407684,0.0,0.0,0.0,0.0,0.0,0.0,0.0,32.0942464
1591010881371591600,152.395784834,1128.15407684,0.0,0.0,0.0,0.0,0.0,0.0,0.0,32.192765952
1591010881478823817,152.395784834,1128.15407684,0.0,0.0,0.0,0.0,0.0,0.0,0.0,32.299998208
1591010881571960668,152.395784834,1128.15407684,0.0,0.0,0.0,0.0,0.0,0.0,0.0,32.393134848
1591010881674813416,152.395784834,1128.15407684,0.0,0.0,0.0,0.0,0.0,0.0,0.0,32.495987712
1591010881774114985,152.395784834,1128.15407684,0.0,0.0,0.0,0.0,0.0,0.0,0.0,32.595289344
1591010881872459020,152.395784834,1128.15407684,0.0,0.0,0.0,0.0,0.0,0.0,0.0,32.69363328
1591010881971789342,152.395784834,1128.15407684,0.0,0.0,0.0,0.0,0.0,0.0,0.0,32.792963584
1591010882076491409,152.395784834,1128.15407684,0.0,0.0,0.0,0.0,0.0,0.0,0.0,32.897665792
1591010882172114057,152.395784834,1128.15407684,0.0,0.0,0.0,0.0,0.0,0.0,0.0,32.993288448
1591010882273280908,152.395784834,1128.15407684,0.0,0.0,0.0,0.0,0.0,0.0,0.0,33.094455296
1591010882377070761,152.395784834,1128.15407684,0.0,0.0,0.0,0.0,0.0,0.0,0.0,33.19824512
1591010882472461786,152.395784834,1128.15407684,0.0,0.0,0.0,0.0,0.0,0.0,0.0,33.293636096
1591010882571944056,152.395784834,1128.15407684,0.0,0.0,0.0,0.0,0.0,0.0,0.0,33.393118208
1591010882672396215,152.395784834,1128.15407684,0.0,0.0,0.0,0.0,0.0,0.0,0.0,33.49357056
1591010882773815365,152.395784834,1128.15407684,0.0,0.0,0.0,0.0,0.0,0.0,0.0,33.594989568
1591010882873246052,152.395784834,1128.15407684,0.0,0.0,0.0,0.0,0.0,0.0,0.0,33.694420224
1591010882974607291,152.395784834,1128.15407684,0.0,0.0,0.0,0.0,0.0,0.0,0.0,33.795781632
1591010883072511073,152.395784834,1128.15407684,0.0,0.0,0.0,0.0,0.0,0.0,0.0,33.893685248
1591010883172920071,152.395784834,1128.15407684,0.0,0.0,0.0,0.0,0.0,0.0,0.0,33.994094336
1591010883273292091,152.395784834,1128.15407684,0.0,0.0,0.0,0.0,0.0,0.0,0.0,34.094466304
1591010883371924581,152.395784834,1128.15407684,0.0,0.0,0.0,0.0,0.0,0.0,0.0,34.193098752
1591010883473129409,152.395784834,1128.15407684,0.0,0.0,0.0,0.0,0.0,0.0,0.0,34.294303744
1591010883571993332,152.395784834,1128.15407684,0.0,0.0,0.0,0.0,0.0,0.0,0.0,34.393167616
1591010883673161966,152.395784834,1128.15407684,0.0,0.0,0.0,0.0,0.0,0.0,0.0,34.494336256
1591010883772432305,152.395784834,1128.15407684,0.0,0.0,0.0,0.0,0.0,0.0,0.0,34.593606656
1591010883876721898,152.395784834,1128.15407684,0.0,0.0,0.0,0.0,0.0,0.0,0.0,34.697896192
1591010883971666156,152.395784834,1128.15407684,0.0,0.0,0.0,0.0,0.0,0.0,0.0,34.792840448
1591010884072655750,152.395784834,1128.15407684,0.0,0.0,0.0,0.0,0.0,0.0,0.0,34.893830144
1591010884177272151,152.395784834,1128.15407684,0.0,0.0,0.0,0.0,0.0,0.0,0.0,34.998446336
1591010884273229484,152.395784834,1128.15407684,0.0,0.0,0.0,0.0,0.0,0.0,0.0,35.09440384
1591010884373126902,152.395784834,1128.15407684,0.0,0.0,0.0,0.0,0.0,0.0,0.0,35.194301184
1591010884471793148,152.395784834,1128.15407684,0.0,0.0,0.0,0.0,0.0,0.0,0.0,35.292967424
1591010884578306483,152.395784834,1128.15407684,0.0,0.0,0.0,0.0,0.0,0.0,0.0,35.399480832
1591010884671816861,152.395784834,1128.15407684,0.0,0.0,0.0,0.0,0.0,0.0,0.0,35.492991232
1591010884774280107,152.395784834,1128.15407684,0.0,0.0,0.0,0.0,0.0,0.0,0.0,35.595454464
1591010884871639406,152.395784834,1128.15407684,0.0,0.0,0.0,0.0,0.0,0.0,0.0,35.692813568
1591010884971971257,152.395784834,1128.15407684,0.0,0.0,0.0,0.0,0.0,0.0,0.0,35.7931456
1591010885073254846,152.395784834,1128.15407684,0.0,0.0,0.0,0.0,0.0,0.0,0.0,35.894429184
1591010885177741982,152.395784834,1128.15407684,0.0,0.0,0.0,0.0,0.0,0.0,0.0,35.998916352
1591010885273587557,152.395784834,1128.15407684,0.0,0.0,0.0,0.0,0.0,0.0,0.0,36.094761728
1591010885371656728,152.395784834,1128.15407684,0.0,0.0,0.0,0.0,0.0,0.0,0.0,36.192830976
1591010885473382456,152.395784834,1128.15407684,0.0,0.0,0.0,0.0,0.0,0.0,0.0,36.294556672
1591010885571846619,152.395784834,1128.15407684,0.0,0.0,0.0,0.0,0.0,0.0,0.0,36.393020928
1591010885673932023,152.395784834,1128.15407684,0.0,0.0,0.0,0.0,0.0,0.0,0.0,36.495106304
1591010885771745868,152.395784834,1128.15407684,0.0,0.0,0.0,0.0,0.0,0.0,0.0,36.592920064
1591010885876460483,152.395784834,1128.15407684,0.0,0.0,0.0,0.0,0.0,0.0,0.0,36.697634816
1591010885976644290,152.395784834,1128.15407684,0.0,0.0,0.0,0.0,0.0,0.0,0.0,36.797818624
1591010886073290101,152.395784834,1128.15407684,0.0,0.0,0.0,0.0,0.0,0.0,0.0,36.894464256
1591010886175742368,152.395784834,1128.15407684,0.0,0.0,0.0,0.0,0.0,0.0,0.0,36.996916736
1591010886271690422,152.395784834,1128.15407684,0.0,0.0,0.0,0.0,0.0,0.0,0.0,37.092864768
1591010886371665621,152.395784834,1128.15407684,0.0,0.0,0.0,0.0,0.0,0.0,0.0,37.192839936
1591010886472840909,152.395784834,1128.15407684,0.0,0.0,0.0,0.0,0.0,0.0,0.0,37.294015232
1591010886576596350,152.395784834,1128.15407684,0.0,0.0,0.0,0.0,0.0,0.0,0.0,37.397770496
1591010886677116825,152.395784834,1128.15407684,0.0,0.0,0.0,0.0,0.0,0.0,0.0,37.4982912
1591010886775851211,152.395784834,1128.15407684,0.0,0.0,0.0,0.0,0.0,0.0,0.0,37.597025536
1591010886873974271,152.395784834,1128.15407684,0.0,0.0,0.0,0.0,0.0,0.0,0.0,37.695148544
1591010886976061977,152.395784834,1128.15407684,0.0,0.0,0.0,0.0,0.0,0.0,0.0,37.797236224
1591010887071926206,152.395784834,1128.15407684,0.0,0.0,0.0,0.0,0.0,0.0,0.0,37.893100544
1591010887173102454,152.395784834,1128.15407684,0.0,0.0,0.0,0.0,0.0,0.0,0.0,37.994276608
1591010887273532919,152.395784834,1128.15407684,0.0,0.0,0.0,0.0,0.0,0.0,0.0,38.0947072
1591010887374393650,152.395784834,1128.15407684,0.0,0.0,0.0,0.0,0.0,0.0,0.0,38.195567872
1591010887474038020,152.395784834,1128.15407684,0.0,0.0,0.0,0.0,0.0,0.0,0.0,38.295212288
1591010887577267641,152.395784834,1128.15407684,0.0,0.0,0.0,0.0,0.0,0.0,0.0,38.398441984
1591010887672115909,152.395784834,1128.15407684,0.0,0.0,0.0,0.0,0.0,0.0,0.0,38.49329024
1591010887772258011,152.395784834,1128.15407684,0.0,0.0,0.0,0.0,0.0,0.0,0.0,38.59343232
1591010887874464616,152.395784834,1128.15407684,0.0,0.0,0.0,0.0,0.0,0.0,0.0,38.695638784
1591010887979136232,152.395784834,1128.15407684,0.0,0.0,0.0,0.0,0.0,0.0,0.0,38.800310528
1591010888077065042,152.395784834,1128.15407684,0.0,0.0,0.0,0.0,0.0,0.0,0.0,38.898239232
1591010888173700703,152.395784834,1128.15407684,0.0,0.0,0.0,0.0,0.0,0.0,0.0,38.99487488
1591010888280178666,152.395784834,1128.15407684,0.0,0.0,0.0,0.0,0.0,0.0,0.0,39.10135296
1591010888372209541,152.395784834,1128.15407684,0.0,0.0,0.0,0.0,0.0,0.0,0.0,39.193383936
1591010888474908568,152.395784834,1128.15407684,0.0,0.0,0.0,0.0,0.0,0.0,0.0,39.296082944
1591010888573162572,152.395784834,1128.15407684,0.0,0.0,0.0,0.0,0.0,0.0,0.0,39.394336768
1591010888678326928,152.395784834,1128.15407684,0.0,0.0,0.0,0.0,0.0,0.0,0.0,39.499501312
1591010888773088550,152.395784834,1128.15407684,0.0,0.0,0.0,0.0,0.0,0.0,0.0,39.594262784
1591010888872095054,152.395784834,1128.15407684,0.0,0.0,0.0,0.0,0.0,0.0,0.0,39.693269248
1591010888972569135,152.395784834,1128.15407684,0.0,0.0,0.0,0.0,0.0,0.0,0.0,39.79374336
1591010889073113514,152.395784834,1128.15407684,0.0,0.0,0.0,0.0,0.0,0.0,0.0,39.894287872
1591010889173086188,152.395784834,1128.15407684,0.0,0.0,0.0,0.0,0.0,0.0,0.0,39.99426048
1591010889271730642,152.395784834,1128.15407684,0.0,0.0,0.0,0.0,0.0,0.0,0.0,40.09290496
1591010889380851322,152.395784834,1128.15407684,0.0,0.0,0.0,0.0,0.0,0.0,0.0,40.202025472
1591010889475292286,152.395784834,1128.15407684,0.0,0.0,0.0,0.0,0.0,0.0,0.0,40.296466432
1591010889573229838,152.395784834,1128.15407684,0.0,0.0,0.0,0.0,0.0,0.0,0.0,40.394404096
1591010889672233589,152.395784834,1128.15407684,0.0,0.0,0.0,0.0,0.0,0.0,0.0,40.493407744
1591010889772249063,152.395784834,1128.15407684,0.0,0.0,0.0,0.0,0.0,0.0,0.0,40.59342336
1591010889877924083,152.395784834,1128.15407684,0.0,0.0,0.0,0.0,0.0,0.0,0.0,40.699098368
1591010889971819400,152.395784834,1128.15407684,0.0,0.0,0.0,0.0,0.0,0.0,0.0,40.792993792
1591010890075683134,152.395784834,1128.15407684,0.0,0.0,0.0,0.0,0.0,0.0,0.0,40.896857344
1591010890177361941,152.395784834,1128.15407684,0.0,0.0,0.0,0.0,0.0,0.0,0.0,40.998536192
1591010890273358491,152.395784834,1128.15407684,0.0,0.0,0.0,0.0,0.0,0.0,0.0,41.094532864
1591010890372940042,152.395784834,1128.15407684,0.0,0.0,0.0,0.0,0.0,0.0,0.0,41.194114304
1591010890474908352,152.395784834,1128.15407684,0.0,0.0,0.0,0.0,0.0,0.0,0.0,41.296082688
1591010890571636313,152.395784834,1128.15407684,0.0,0.0,0.0,0.0,0.0,0.0,0.0,41.392810496
1591010890677301147,152.395784834,1128.15407684,0.0,0.0,0.0,0.0,0.0,0.0,0.0,41.49847552
1591010890777189965,152.395784834,1128.15407684,0.0,0.0,0.0,0.0,0.0,0.0,0.0,41.59836416
1591010890878521715,152.395784834,1128.15407684,0.0,0.0,0.0,0.0,0.0,0.0,0.0,41.699695872
1591010890972032026,152.395784834,1128.15407684,0.0,0.0,0.0,0.0,0.0,0.0,0.0,41.793206272
1591010891072029076,152.395784834,1128.15407684,0.0,0.0,0.0,0.0,0.0,0.0,0.0,41.893203456
1591010891173407174,152.395784834,1128.15407684,0.0,0.0,0.0,0.0,0.0,0.0,0.0,41.994581504
1591010891271973624,152.395784834,1128.15407684,0.0,0.0,0.0,0.0,0.0,0.0,0.0,42.093147904
1591010891373694976,152.395784834,1128.15407684,0.0,0.0,0.0,0.0,0.0,0.0,0.0,42.194869248
1591010891475447993,152.395784834,1128.15407684,0.0,0.0,0.0,0.0,0.0,0.0,0.0,42.296622336
1591010891572518595,152.395784834,1128.15407684,0.0,0.0,0.0,0.0,0.0,0.0,0.0,42.393692928
1591010891672480719,152.395784834,1128.15407684,0.0,0.0,0.0,0.0,0.0,0.0,0.0,42.49365504
1591010891771866107,152.395784834,1128.15407684,0.0,0.0,0.0,0.0,0.0,0.0,0.0,42.593040384
1591010891873076574,152.395784834,1128.15407684,0.0,0.0,0.0,0.0,0.0,0.0,0.0,42.694250752
1591010891972113402,152.395784834,1128.15407684,0.0,0.0,0.0,0.0,0.0,0.0,0.0,42.79328768
1591010892077213983,152.395784834,1128.15407684,0.0,0.0,0.0,0.0,0.0,0.0,0.0,42.898388224
1591010892173172311,152.395784834,1128.15407684,0.0,0.0,0.0,0.0,0.0,0.0,0.0,42.994346496
1591010892278558271,152.395784834,1128.15407684,0.0,0.0,0.0,0.0,0.0,0.0,0.0,43.09973248
1591010892375662011,152.395784834,1128.15407684,0.0,0.0,0.0,0.0,0.0,0.0,0.0,43.196836352
1591010892472944988,152.395784834,1128.15407684,0.0,0.0,0.0,0.0,0.0,0.0,0.0,43.294119168
1591010892573296481,152.395784834,1128.15407684,0.0,0.0,0.0,0.0,0.0,0.0,0.0,43.394470656
1591010892673563363,152.395784834,1128.15407684,0.0,0.0,0.0,0.0,0.0,0.0,0.0,43.494737664
1591010892775020474,152.395784834,1128.15407684,0.0,0.0,0.0,0.0,0.0,0.0,0.0,43.596194816
1591010892872697405,152.395784834,1128.15407684,0.0,0.0,0.0,0.0,0.0,0.0,0.0,43.693871616
1591010892975254211,152.395784834,1128.15407684,0.0,0.0,0.0,0.0,0.0,0.0,0.0,43.796428544
1591010893075298405,152.395784834,1128.15407684,0.0,0.0,0.0,0.0,0.0,0.0,0.0,43.896472576
1591010893175781941,152.395784834,1128.15407684,0.0,0.0,0.0,0.0,0.0,0.0,0.0,43.99695616
1591010893273741504,152.395784834,1128.15407684,0.0,0.0,0.0,0.0,0.0,0.0,0.0,44.09491584
1591010893372236192,152.395784834,1128.15407684,0.0,0.0,0.0,0.0,0.0,0.0,0.0,44.19341056
1591010893473821573,152.395784834,1128.15407684,0.0,0.0,0.0,0.0,0.0,0.0,0.0,44.294995968
1591010893575142656,152.395784834,1128.15407684,0.0,0.0,0.0,0.0,0.0,0.0,0.0,44.396316928
1591010893672074398,152.395784834,1128.15407684,0.0,0.0,0.0,0.0,0.0,0.0,0.0,44.493248768
1591010893772135679,152.395784834,1128.15407684,0.0,0.0,0.0,0.0,0.0,0.0,0.0,44.593309952
1591010893872239622,152.395784834,1128.15407684,0.0,0.0,0.0,0.0,0.0,0.0,0.0,44.693413888
1591010893973375330,152.395784834,1128.15407684,0.0,0.0,0.0,0.0,0.0,0.0,0.0,44.794549504
1591010894072207981,152.395784834,1128.15407684,0.0,0.0,0.0,0.0,0.0,0.0,0.0,44.893382144
1591010894174280288,152.395784834,1128.15407684,0.0,0.0,0.0,0.0,0.0,0.0,0.0,44.995454464
1591010894273873443,152.395784834,1128.15407684,0.0,0.0,0.0,0.0,0.0,0.0,0.0,45.09504768
1591010894377188189,152.395784834,1128.15407684,0.0,0.0,0.0,0.0,0.0,0.0,0.0,45.198362368
1591010894474302493,152.395784834,1128.15407684,0.0,0.0,0.0,0.0,0.0,0.0,0.0,45.295476736
1591010894574113401,152.395784834,1128.15407684,0.0,0.0,0.0,0.0,0.0,0.0,0.0,45.395287552
1591010894675495909,152.395784834,1128.15407684,0.0,0.0,0.0,0.0,0.0,0.0,0.0,45.496670208
1591010894771995349,152.395784834,1128.15407684,0.0,0.0,0.0,0.0,0.0,0.0,0.0,45.593169664
1591010894872053650,152.395784834,1128.15407684,0.0,0.0,0.0,0.0,0.0,0.0,0.0,45.693228032
1591010894973986154,152.395784834,1128.15407684,0.0,0.0,0.0,0.0,0.0,0.0,0.0,45.79516032
1591010895072119518,152.395784834,1128.15407684,0.0,0.0,0.0,0.0,0.0,0.0,0.0,45.893293824
1591010895175976100,152.395784834,1128.15407684,0.0,0.0,0.0,0.0,0.0,0.0,0.0,45.997150464
1591010895271650073,152.395784834,1128.15407684,0.0,0.0,0.0,0.0,0.0,0.0,0.0,46.09282432
1591010895379416870,152.395784834,1128.15407684,0.0,0.0,0.0,0.0,0.0,0.0,0.0,46.200591104
1591010895475487722,152.395784834,1128.15407684,0.0,0.0,0.0,0.0,0.0,0.0,0.0,46.296662016
1591010895571795562,152.395784834,1128.15407684,0.0,0.0,0.0,0.0,0.0,0.0,0.0,46.392969728
1591010895679747843,152.395784834,1128.15407684,0.0,0.0,0.0,0.0,0.0,0.0,0.0,46.500922112
1591010895779029106,152.395784834,1128.15407684,0.0,0.0,0.0,0.0,0.0,0.0,0.0,46.600203264
1591010895871952614,152.395784834,1128.15407684,0.0,0.0,0.0,0.0,0.0,0.0,0.0,46.693126912
1591010895975472999,152.395784834,1128.15407684,0.0,0.0,0.0,0.0,0.0,0.0,0.0,46.796647168
1591010896073200918,152.395784834,1128.15407684,0.0,0.0,0.0,0.0,0.0,0.0,0.0,46.894375168
1591010896175428161,152.395784834,1128.15407684,0.0,0.0,0.0,0.0,0.0,0.0,0.0,46.996602368
1591010896279155940,152.395784834,1128.15407684,0.0,0.0,0.0,0.0,0.0,0.0,0.0,47.10033024
1591010896371671324,152.395784834,1128.15407684,0.0,0.0,0.0,0.0,0.0,0.0,0.0,47.192845568
1591010896474883687,152.395784834,1128.15407684,0.0,0.0,0.0,0.0,0.0,0.0,0.0,47.296057856
1591010896576830470,152.395784834,1128.15407684,0.0,0.0,0.0,0.0,0.0,0.0,0.0,47.398004736
1591010896674239317,152.395784834,1128.15407684,0.0,0.0,0.0,0.0,0.0,0.0,0.0,47.495413504
1591010896774279929,152.395784834,1128.15407684,0.0,0.0,0.0,0.0,0.0,0.0,0.0,47.595454208
1591010896877112573,152.395784834,1128.15407684,0.0,0.0,0.0,0.0,0.0,0.0,0.0,47.698286848
1591010896972827597,152.395784834,1128.15407684,0.0,0.0,0.0,0.0,0.0,0.0,0.0,47.79400192
1591010897075919538,152.395784834,1128.15407684,0.0,0.0,0.0,0.0,0.0,0.0,0.0,47.897093888
1591010897176281781,152.395784834,1128.15407684,0.0,0.0,0.0,0.0,0.0,0.0,0.0,47.997456128
1591010897278019267,152.395784834,1128.15407684,0.0,0.0,0.0,0.0,0.0,0.0,0.0,48.0991936
1591010897371683681,152.395784834,1128.15407684,0.0,0.0,0.0,0.0,0.0,0.0,0.0,48.192857856
1591010897472518905,152.395784834,1128.15407684,0.0,0.0,0.0,0.0,0.0,0.0,0.0,48.293693184
1591010897574993452,152.395784834,1128.15407684,0.0,0.0,0.0,0.0,0.0,0.0,0.0,48.39616768
1591010897673123028,152.395784834,1128.15407684,0.0,0.0,0.0,0.0,0.0,0.0,0.0,48.494297344
1591010897777245329,152.395784834,1128.15407684,0.0,0.0,0.0,0.0,0.0,0.0,0.0,48.598419712
1591010897876131203,152.395784834,1128.15407684,0.0,0.0,0.0,0.0,0.0,0.0,0.0,48.6973056
1591010897982337152,152.395784834,1128.15407684,0.0,0.0,0.0,0.0,0.0,0.0,0.0,48.803511296
1591010898071854430,152.395784834,1128.15407684,0.0,0.0,0.0,0.0,0.0,0.0,0.0,48.893028608
1591010898173840244,152.395784834,1128.15407684,0.0,0.0,0.0,0.0,0.0,0.0,0.0,48.9950144
1591010898273333160,152.395784834,1128.15407684,0.0,0.0,0.0,0.0,0.0,0.0,0.0,49.09450752
1591010898372134387,152.395784834,1128.15407684,0.0,0.0,0.0,0.0,0.0,0.0,0.0,49.193308672
1591010898473096162,152.395784834,1128.15407684,0.0,0.0,0.0,0.0,0.0,0.0,0.0,49.294270464
1591010898571766120,152.395784834,1128.15407684,0.0,0.0,0.0,0.0,0.0,0.0,0.0,49.392940288
1591010898680503730,152.395784834,1128.15407684,0.0,0.0,0.0,0.0,0.0,0.0,0.0,49.50167808
1591010898773173615,152.395784834,1128.15407684,0.0,0.0,0.0,0.0,0.0,0.0,0.0,49.594347776
1591010898873066960,152.395784834,1128.15407684,0.0,0.0,0.0,0.0,0.0,0.0,0.0,49.69424128
1591010898973513600,152.395784834,1128.15407684,0.0,0.0,0.0,0.0,0.0,0.0,0.0,49.794688
1591010899074008516,152.395784834,1128.15407684,0.0,0.0,0.0,0.0,0.0,0.0,0.0,49.895182848
1591010899171747571,152.395784834,1128.15407684,0.0,0.0,0.0,0.0,0.0,0.0,0.0,49.992921856
1591010899277280117,152.395784834,1128.15407684,0.0,0.0,0.0,0.0,0.0,0.0,0.0,50.098454272
1591010899376499264,152.395784834,1128.15407684,0.0,0.0,0.0,0.0,0.0,0.0,0.0,50.197673472
1591010899471683900,152.395784834,1128.15407684,0.0,0.0,0.0,0.0,0.0,0.0,0.0,50.292858112
1591010899574970974,152.395784834,1128.15407684,0.0,0.0,0.0,0.0,0.0,0.0,0.0,50.396145152
1591010899678612819,152.395784834,1128.15407684,0.0,0.0,0.0,0.0,0.0,0.0,0.0,50.499787008
1591010899774167683,152.395784834,1128.15407684,0.0,0.0,0.0,0.0,0.0,0.0,0.0,50.59534208
1591010899874452003,152.395784834,1128.15407684,0.0,0.0,0.0,0.0,0.0,0.0,0.0,50.69562624
1591010899977659614,152.395784834,1128.15407684,0.0,0.0,0.0,0.0,0.0,0.0,0.0,50.79883392
1591010900077317396,152.395784834,1128.15407684,0.0,0.0,0.0,0.0,0.0,0.0,0.0,50.898491648
1591010900177843247,152.395784834,1128.15407684,0.0,0.0,0.0,0.0,0.0,0.0,0.0,50.999017472
1591010900272857782,152.395784834,1128.15407684,0.0,0.0,0.0,0.0,0.0,0.0,0.0,51.094032128
1591010900379144942,152.395784834,1128.15407684,0.0,0.0,0.0,0.0,0.0,0.0,0.0,51.200319232
1591010900473969851,152.395784834,1128.15407684,0.0,0.0,0.0,0.0,0.0,0.0,0.0,51.295144192
1591010900577853497,152.395784834,1128.15407684,0.0,0.0,0.0,0.0,0.0,0.0,0.0,51.399027712
1591010900678311815,152.395784834,1128.15407684,0.0,0.0,0.0,0.0,0.0,0.0,0.0,51.499486208
1591010900776140343,152.395784834,1128.15407684,0.0,0.0,0.0,0.0,0.0,0.0,0.0,51.59731456
1591010900876966658,152.395784834,1128.15407684,0.0,0.0,0.0,0.0,0.0,0.0,0.0,51.698140928
1591010900971708865,152.395784834,1128.15407684,0.0,0.0,0.0,0.0,0.0,0.0,0.0,51.7928832
1591010901076446544,152.395784834,1128.15407684,0.0,0.0,0.0,0.0,0.0,0.0,0.0,51.897620736
1591010901173145095,152.395784834,1128.15407684,0.0,0.0,0.0,0.0,0.0,0.0,0.0,51.99431936
1591010901277263026,152.395784834,1128.15407684,0.0,0.0,0.0,0.0,0.0,0.0,0.0,52.098437376
1591010901373725309,152.395784834,1128.15407684,0.0,0.0,0.0,0.0,0.0,0.0,0.0,52.194899456
1591010901477239733,152.395784834,1128.15407684,0.0,0.0,0.0,0.0,0.0,0.0,0.0,52.29841408
1591010901572796579,152.395784834,1128.15407684,0.0,0.0,0.0,0.0,0.0,0.0,0.0,52.393970944
1591010901671971824,152.395784834,1128.15407684,0.0,0.0,0.0,0.0,0.0,0.0,0.0,52.493146112
1591010901771969661,152.395784834,1128.15407684,0.0,0.0,0.0,0.0,0.0,0.0,0.0,52.593143808
1591010901876388927,152.395784834,1128.15407684,0.0,0.0,0.0,0.0,0.0,0.0,0.0,52.697563136
1591010901972688718,152.395784834,1128.15407684,0.0,0.0,0.0,0.0,0.0,0.0,0.0,52.793862912
1591010902074345606,152.395784834,1128.15407684,0.0,0.0,0.0,0.0,0.0,0.0,0.0,52.89552
1591010902173976149,152.395784834,1128.15407684,0.0,0.0,0.0,0.0,0.0,0.0,0.0,52.995150336
1591010902276808481,152.395784834,1128.15407684,0.0,0.0,0.0,0.0,0.0,0.0,0.0,53.09798272
1591010902372213679,152.395784834,1128.15407684,0.0,0.0,0.0,0.0,0.0,0.0,0.0,53.193388032
1591010902473136120,152.395784834,1128.15407684,0.0,0.0,0.0,0.0,0.0,0.0,0.0,53.2943104
1591010902579858761,152.395784834,1128.15407684,0.0,0.0,0.0,0.0,0.0,0.0,0.0,53.40103296
1591010902676171863,152.395784834,1128.15407684,0.0,0.0,0.0,0.0,0.0,0.0,0.0,53.497346048
1591010902772487836,152.395784834,1128.15407684,0.0,0.0,0.0,0.0,0.0,0.0,0.0,53.593662208
1591010902878353416,152.395784834,1128.15407684,0.0,0.0,0.0,0.0,0.0,0.0,0.0,53.69952768
1591010902976966605,152.395784834,1128.15407684,0.0,0.0,0.0,0.0,0.0,0.0,0.0,53.798140928
1591010903073284487,152.395784834,1128.15407684,0.0,0.0,0.0,0.0,0.0,0.0,0.0,53.89445888
1591010903173756347,152.395784834,1128.15407684,0.0,0.0,0.0,0.0,0.0,0.0,0.0,53.994930688
1591010903274858377,152.395784834,1128.15407684,0.0,0.0,0.0,0.0,0.0,0.0,0.0,54.096032768
1591010903378379235,152.395784834,1128.15407684,0.0,0.0,0.0,0.0,0.0,0.0,0.0,54.199553536
1591010903472716865,152.395784834,1128.15407684,0.0,0.0,0.0,0.0,0.0,0.0,0.0,54.293891072
1591010903575642199,152.395784834,1128.15407684,0.0,0.0,0.0,0.0,0.0,0.0,0.0,54.396816384
1591010903675895562,152.395784834,1128.15407684,0.0,0.0,0.0,0.0,0.0,0.0,0.0,54.497069824
1591010903771772363,152.395784834,1128.15407684,0.0,0.0,0.0,0.0,0.0,0.0,0.0,54.592946688
1591010903874884278,152.395784834,1128.15407684,0.0,0.0,0.0,0.0,0.0,0.0,0.0,54.696058624
1591010903974978466,152.395784834,1128.15407684,0.0,0.0,0.0,0.0,0.0,0.0,0.0,54.796152832
1591010904077555083,152.395784834,1128.15407684,0.0,0.0,0.0,0.0,0.0,0.0,0.0,54.898729472
1591010904173586693,152.395784834,1128.15407684,0.0,0.0,0.0,0.0,0.0,0.0,0.0,54.99476096
1591010904276490574,152.395784834,1128.15407684,0.0,0.0,0.0,0.0,0.0,0.0,0.0,55.097664768
1591010904372259223,152.395784834,1128.15407684,0.0,0.0,0.0,0.0,0.0,0.0,0.0,55.1934336
1591010904475292763,152.395784834,1128.15407684,0.0,0.0,0.0,0.0,0.0,0.0,0.0,55.296466944
1591010904574944901,152.395784834,1128.15407684,0.0,0.0,0.0,0.0,0.0,0.0,0.0,55.396119296
1591010904676202875,152.395784834,1128.15407684,0.0,0.0,0.0,0.0,0.0,0.0,0.0,55.497377024
1591010904773182879,152.395784834,1128.15407684,0.0,0.0,0.0,0.0,0.0,0.0,0.0,55.594357248
1591010904873274048,152.395784834,1128.15407684,0.0,0.0,0.0,0.0,0.0,0.0,0.0,55.694448384
1591010904974013216,152.395784834,1128.15407684,0.0,0.0,0.0,0.0,0.0,0.0,0.0,55.795187456
1591010905072054260,152.395784834,1128.15407684,0.0,0.0,0.0,0.0,0.0,0.0,0.0,55.893228544
1591010905184811233,152.395784834,1128.15407684,0.0,0.0,0.0,0.0,0.0,0.0,0.0,56.005985536
1591010905272614147,152.395784834,1128.15407684,0.0,0.0,0.0,0.0,0.0,0.0,0.0,56.093788416
1591010905376258638,152.395784834,1128.15407684,0.0,0.0,0.0,0.0,0.0,0.0,0.0,56.197432832
1591010905473181053,152.395784834,1128.15407684,0.0,0.0,0.0,0.0,0.0,0.0,0.0,56.2943552
1591010905575366766,152.395784834,1128.15407684,0.0,0.0,0.0,0.0,0.0,0.0,0.0,56.396540928
1591010905673223047,152.395784834,1128.15407684,0.0,0.0,0.0,0.0,0.0,0.0,0.0,56.49439744
1591010905774605794,152.395784834,1128.15407684,0.0,0.0,0.0,0.0,0.0,0.0,0.0,56.595780096
1591010905876777462,152.395784834,1128.15407684,0.0,0.0,0.0,0.0,0.0,0.0,0.0,56.697951744
1591010905971506184,152.395784834,1128.15407684,0.0,0.0,0.0,0.0,0.0,0.0,0.0,56.792680448
1591010906074337415,152.395784834,1128.15407684,0.0,0.0,0.0,0.0,0.0,0.0,0.0,56.895511808
1591010906176178532,152.395784834,1128.15407684,0.0,0.0,0.0,0.0,0.0,0.0,0.0,56.997352704
1591010906273221185,152.395784834,1128.15407684,0.0,0.0,0.0,0.0,0.0,0.0,0.0,57.094395392
1591010906372612950,152.395784834,1128.15407684,0.0,0.0,0.0,0.0,0.0,0.0,0.0,57.193787136
1591010906475402527,152.395784834,1128.15407684,0.0,0.0,0.0,0.0,0.0,0.0,0.0,57.296576768
1591010906575084681,152.395784834,1128.15407684,0.0,0.0,0.0,0.0,0.0,0.0,0.0,57.396259072
1591010906673418819,152.395784834,1128.15407684,0.0,0.0,0.0,0.0,0.0,0.0,0.0,57.494593024
1591010906771917060,152.395784834,1128.15407684,0.0,0.0,0.0,0.0,0.0,0.0,0.0,57.593091328
1591010906873975904,152.395784834,1128.15407684,0.0,0.0,0.0,0.0,0.0,0.0,0.0,57.69515008
1591010906973173568,152.395784834,1128.15407684,0.0,0.0,0.0,0.0,0.0,0.0,0.0,57.794347776
1591010907081812601,152.395784834,1128.15407684,0.0,0.0,0.0,0.0,0.0,0.0,0.0,57.902986752
1591010907173719073,152.395784834,1128.15407684,0.0,0.0,0.0,0.0,0.0,0.0,0.0,57.994893312
1591010907274162355,152.395784834,1128.15407684,0.0,0.0,0.0,0.0,0.0,0.0,0.0,58.095336704
1591010907374058504,152.395784834,1128.15407684,0.0,0.0,0.0,0.0,0.0,0.0,0.0,58.195232768
1591010907471911846,152.395784834,1128.15407684,0.0,0.0,0.0,0.0,0.0,0.0,0.0,58.293086208
1591010907574946099,152.395784834,1128.15407684,0.0,0.0,0.0,0.0,0.0,0.0,0.0,58.39612032
1591010907672677559,152.395784834,1128.15407684,0.0,0.0,0.0,0.0,0.0,0.0,0.0,58.493851904
1591010907771599274,152.395784834,1128.15407684,0.0,0.0,0.0,0.0,0.0,0.0,0.0,58.592773632
1591010907872630527,152.395784834,1128.15407684,0.0,0.0,0.0,0.0,0.0,0.0,0.0,58.6938048
1591010907972830998,152.395784834,1128.15407684,0.0,0.0,0.0,0.0,0.0,0.0,0.0,58.794005248
1591010908075669755,152.395784834,1128.15407684,0.0,0.0,0.0,0.0,0.0,0.0,0.0,58.896844032
1591010908171739361,152.395784834,1128.15407684,0.0,0.0,0.0,0.0,0.0,0.0,0.0,58.992913664
1591010908276829431,152.395784834,1128.15407684,0.0,0.0,0.0,0.0,0.0,0.0,0.0,59.098003712
1591010908371650070,152.395784834,1128.15407684,0.0,0.0,0.0,0.0,0.0,0.0,0.0,59.19282432
1591010908475029102,152.395784834,1128.15407684,0.0,0.0,0.0,0.0,0.0,0.0,0.0,59.296203264
1591010908575305251,152.395784834,1128.15407684,0.0,0.0,0.0,0.0,0.0,0.0,0.0,59.396479488
1591010908675495508,152.395784834,1128.15407684,0.0,0.0,0.0,0.0,0.0,0.0,0.0,59.496669696
1591010908772519926,152.395784834,1128.15407684,0.0,0.0,0.0,0.0,0.0,0.0,0.0,59.593694208
1591010908880816680,152.395784834,1128.15407684,0.0,0.0,0.0,0.0,0.0,0.0,0.0,59.701990912
